pokemon,base_experience
bulbasaur,64
ivysaur,142
venusaur,236
charmander,62
charmeleon,142
charizard,240
squirtle,63
wartortle,142
blastoise,239
caterpie,39
metapod,72
butterfree,178
weedle,39
kakuna,72
beedrill,178
pidgey,50
pidgeotto,122
pidgeot,216
rattata,51
raticate,145
spearow,52
fearow,155
ekans,58
arbok,157
pikachu,112
raichu,218
sandshrew,60
sandslash,158
nidoran-f,55
nidorina,128
nidoqueen,227
nidoran-m,55
nidorino,128
nidoking,227
clefairy,113
clefable,217
vulpix,60
ninetales,177
jigglypuff,95
wigglytuff,196
zubat,49
golbat,159
oddish,64
gloom,138
vileplume,221
paras,57
parasect,142
venonat,61
venomoth,158
diglett,53
dugtrio,149
meowth,58
persian,154
psyduck,64
golduck,175
mankey,61
primeape,159
growlithe,70
arcanine,194
poliwag,60
poliwhirl,135
poliwrath,230
abra,62
kadabra,140
alakazam,225
machop,61
machoke,142
machamp,227
bellsprout,60
weepinbell,137
victreebel,221
tentacool,67
tentacruel,180
geodude,60
graveler,137
golem,223
ponyta,82
rapidash,175
slowpoke,63
slowbro,172
magnemite,65
magneton,163
farfetchd,132
doduo,62
dodrio,165
seel,65
dewgong,166
grimer,65
muk,175
shellder,61
cloyster,184
gastly,62
haunter,142
gengar,225
onix,77
drowzee,66
hypno,169
krabby,65
kingler,166
voltorb,66
electrode,172
exeggcute,65
exeggutor,186
cubone,64
marowak,149
hitmonlee,159
hitmonchan,159
lickitung,77
koffing,68
weezing,172
rhyhorn,69
rhydon,170
chansey,395
tangela,87
kangaskhan,172
horsea,59
seadra,154
goldeen,64
seaking,158
staryu,68
starmie,182
mr-mime,161
scyther,100
jynx,159
electabuzz,172
magmar,173
pinsir,175
tauros,172
magikarp,40
gyarados,189
lapras,187
ditto,101
eevee,65
vaporeon,184
jolteon,184
flareon,184
porygon,79
omanyte,71
omastar,173
kabuto,71
kabutops,173
aerodactyl,180
snorlax,189
articuno,261
zapdos,261
moltres,261
dratini,60
dragonair,147
dragonite,270
mewtwo,306
mew,270
chikorita,64
bayleef,142
meganium,236
cyndaquil,62
quilava,142
typhlosion,240
totodile,63
croconaw,142
feraligatr,239
sentret,43
furret,145
hoothoot,52
noctowl,158
ledyba,53
ledian,137
spinarak,50
ariados,140
crobat,241
chinchou,66
lanturn,161
pichu,41
cleffa,44
igglybuff,42
togepi,49
togetic,142
natu,64
xatu,165
mareep,56
flaaffy,128
ampharos,230
bellossom,221
marill,88
azumarill,189
sudowoodo,144
politoed,225
hoppip,50
skiploom,119
jumpluff,207
aipom,72
sunkern,36
sunflora,149
yanma,78
wooper,42
quagsire,151
espeon,184
umbreon,184
murkrow,81
slowking,172
misdreavus,87
unown,118
wobbuffet,142
girafarig,159
pineco,58
forretress,163
dunsparce,145
gligar,86
steelix,179
snubbull,60
granbull,158
qwilfish,88
scizor,175
shuckle,177
heracross,175
sneasel,86
teddiursa,66
ursaring,175
slugma,50
magcargo,151
swinub,50
piloswine,158
corsola,144
remoraid,60
octillery,168
delibird,116
mantine,170
skarmory,163
houndour,66
houndoom,175
kingdra,243
phanpy,66
donphan,175
porygon2,180
stantler,163
smeargle,88
tyrogue,42
hitmontop,159
smoochum,61
elekid,72
magby,73
miltank,172
blissey,608
raikou,261
entei,261
suicune,261
larvitar,60
pupitar,144
tyranitar,270
lugia,306
ho-oh,306
celebi,270
treecko,62
grovyle,142
sceptile,239
torchic,62
combusken,142
blaziken,239
mudkip,62
marshtomp,142
swampert,241
poochyena,56
mightyena,147
zigzagoon,56
linoone,147
wurmple,56
silcoon,72
beautifly,178
cascoon,72
dustox,173
lotad,44
lombre,119
ludicolo,216
seedot,44
nuzleaf,119
shiftry,216
taillow,54
swellow,159
wingull,54
pelipper,154
ralts,40
kirlia,97
gardevoir,233
surskit,54
masquerain,159
shroomish,59
breloom,161
slakoth,56
vigoroth,154
slaking,252
nincada,53
ninjask,160
shedinja,83
whismur,48
loudred,126
exploud,221
makuhita,47
hariyama,166
azurill,38
nosepass,75
skitty,52
delcatty,140
sableye,133
mawile,133
aron,66
lairon,151
aggron,239
meditite,56
medicham,144
electrike,59
manectric,166
plusle,142
minun,142
volbeat,151
illumise,151
roselia,140
gulpin,60
swalot,163
carvanha,61
sharpedo,161
wailmer,80
wailord,175
numel,61
camerupt,161
torkoal,165
spoink,66
grumpig,165
spinda,126
trapinch,58
vibrava,119
flygon,234
cacnea,67
cacturne,166
swablu,62
altaria,172
zangoose,160
seviper,160
lunatone,161
solrock,161
barboach,58
whiscash,164
corphish,62
crawdaunt,164
baltoy,60
claydol,175
lileep,71
cradily,173
anorith,71
armaldo,173
feebas,40
milotic,189
castform,147
kecleon,154
shuppet,59
banette,159
duskull,59
dusclops,159
tropius,161
chimecho,159
absol,163
wynaut,52
snorunt,60
glalie,168
spheal,58
sealeo,144
walrein,239
clamperl,69
huntail,170
gorebyss,170
relicanth,170
luvdisc,116
bagon,60
shelgon,147
salamence,270
beldum,60
metang,147
metagross,270
regirock,261
regice,261
registeel,261
latias,270
latios,270
kyogre,302
groudon,302
rayquaza,306
jirachi,270
deoxys-normal,270
turtwig,64
grotle,142
torterra,236
chimchar,62
monferno,142
infernape,240
piplup,63
prinplup,142
empoleon,239
starly,49
staravia,119
staraptor,218
bidoof,50
bibarel,144
kricketot,39
kricketune,134
shinx,53
luxio,127
luxray,235
budew,56
roserade,232
cranidos,70
rampardos,173
shieldon,70
bastiodon,173
burmy,45
wormadam-plant,148
mothim,148
combee,49
vespiquen,166
pachirisu,142
buizel,66
floatzel,173
cherubi,55
cherrim,158
shellos,65
gastrodon,166
ambipom,169
drifloon,70
drifblim,174
buneary,70
lopunny,168
mismagius,173
honchkrow,177
glameow,62
purugly,158
chingling,57
stunky,66
skuntank,168
bronzor,60
bronzong,175
bonsly,58
mime-jr,62
happiny,110
chatot,144
spiritomb,170
gible,60
gabite,144
garchomp,270
munchlax,78
riolu,57
lucario,184
hippopotas,66
hippowdon,184
skorupi,66
drapion,175
croagunk,60
toxicroak,172
carnivine,159
finneon,66
lumineon,161
mantyke,69
snover,67
abomasnow,173
weavile,179
magnezone,241
lickilicky,180
rhyperior,241
tangrowth,187
electivire,243
magmortar,243
togekiss,245
yanmega,180
leafeon,184
glaceon,184
gliscor,179
mamoswine,239
porygon-z,241
gallade,233
probopass,184
dusknoir,236
froslass,168
rotom,154
uxie,261
mesprit,261
azelf,261
dialga,306
palkia,306
heatran,270
regigigas,302
giratina-altered,306
cresselia,270
phione,216
manaphy,270
darkrai,270
shaymin-land,270
arceus,324
victini,270
snivy,62
servine,145
serperior,238
tepig,62
pignite,146
emboar,238
oshawott,62
dewott,145
samurott,238
patrat,51
watchog,147
lillipup,55
herdier,130
stoutland,225
purrloin,56
liepard,156
pansage,63
simisage,174
pansear,63
simisear,174
panpour,63
simipour,174
munna,58
musharna,170
pidove,53
tranquill,125
unfezant,220
blitzle,59
zebstrika,174
roggenrola,56
boldore,137
gigalith,232
woobat,65
swoobat,149
drilbur,66
excadrill,178
audino,390
timburr,61
gurdurr,142
conkeldurr,227
tympole,59
palpitoad,134
seismitoad,229
throh,163
sawk,163
sewaddle,62
swadloon,133
leavanny,225
venipede,52
whirlipede,126
scolipede,218
cottonee,56
whimsicott,168
petilil,56
lilligant,168
basculin-red-striped,161
sandile,58
krokorok,123
krookodile,234
darumaka,63
darmanitan-standard,168
maractus,161
dwebble,65
crustle,170
scraggy,70
scrafty,171
sigilyph,172
yamask,61
cofagrigus,169
tirtouga,71
carracosta,173
archen,71
archeops,177
trubbish,66
garbodor,166
zorua,66
zoroark,179
minccino,60
cinccino,165
gothita,58
gothorita,137
gothitelle,221
solosis,58
duosion,130
reuniclus,221
ducklett,61
swanna,166
vanillite,61
vanillish,138
vanilluxe,241
deerling,67
sawsbuck,166
emolga,150
karrablast,63
escavalier,173
foongus,59
amoonguss,162
frillish-male,67
jellicent-male,168
alomomola,165
joltik,64
galvantula,165
ferroseed,61
ferrothorn,171
klink,60
klang,154
klinklang,234
tynamo,55
eelektrik,142
eelektross,232
elgyem,67
beheeyem,170
litwick,55
lampent,130
chandelure,234
axew,64
fraxure,144
haxorus,243
cubchoo,61
beartic,177
cryogonal,180
shelmet,61
accelgor,173
stunfisk,165
mienfoo,70
mienshao,179
druddigon,170
golett,61
golurk,169
pawniard,68
bisharp,172
bouffalant,172
rufflet,70
braviary,179
vullaby,74
mandibuzz,179
heatmor,169
durant,169
deino,60
zweilous,147
hydreigon,270
larvesta,72
volcarona,248
cobalion,261
terrakion,261
virizion,261
tornadus-incarnate,261
thundurus-incarnate,261
reshiram,306
zekrom,306
landorus-incarnate,270
kyurem,297
keldeo-ordinary,261
meloetta-aria,270
genesect,270
chespin,63
quilladin,142
chesnaught,239
fennekin,61
braixen,143
delphox,240
froakie,63
frogadier,142
greninja,239
bunnelby,47
diggersby,148
fletchling,56
fletchinder,134
talonflame,175
scatterbug,40
spewpa,75
vivillon,185
litleo,74
pyroar-male,177
flabebe,61
floette,130
florges,248
skiddo,70
gogoat,186
pancham,70
pangoro,173
furfrou,165
espurr,71
meowstic-male,163
honedge,65
doublade,157
aegislash-shield,234
spritzee,68
aromatisse,162
swirlix,68
slurpuff,168
inkay,58
malamar,169
binacle,61
barbaracle,175
skrelp,64
dragalge,173
clauncher,66
clawitzer,100
helioptile,58
heliolisk,168
tyrunt,72
tyrantrum,182
amaura,72
aurorus,104
sylveon,184
hawlucha,175
dedenne,151
carbink,100
goomy,60
sliggoo,158
goodra,270
klefki,165
phantump,62
trevenant,166
pumpkaboo-average,67
gourgeist-average,173
bergmite,61
avalugg,180
noibat,49
noivern,187
xerneas,306
yveltal,306
zygarde-50,270
diancie,270
hoopa,270
volcanion,270
deoxys-attack,270
deoxys-defense,270
deoxys-speed,270
wormadam-sandy,148
wormadam-trash,148
shaymin-sky,270
giratina-origin,340
rotom-heat,182
rotom-wash,182
rotom-frost,182
rotom-fan,182
rotom-mow,182
castform-sunny,147
castform-rainy,147
castform-snowy,147
basculin-blue-striped,161
darmanitan-zen,189
meloetta-pirouette,270
tornadus-therian,290
thundurus-therian,290
landorus-therian,300
kyurem-black,350
kyurem-white,350
keldeo-resolute,290
meowstic-female,163
aegislash-blade,250
pumpkaboo-small,67
pumpkaboo-large,67
pumpkaboo-super,67
gourgeist-small,173
gourgeist-large,173
gourgeist-super,173
venusaur-mega,281
charizard-mega-x,285
charizard-mega-y,285
blastoise-mega,284
alakazam-mega,270
gengar-mega,270
kangaskhan-mega,207
pinsir-mega,210
gyarados-mega,224
aerodactyl-mega,215
mewtwo-mega-x,351
mewtwo-mega-y,351
ampharos-mega,275
scizor-mega,210
heracross-mega,210
houndoom-mega,210
tyranitar-mega,315
blaziken-mega,284
gardevoir-mega,278
mawile-mega,168
aggron-mega,284
medicham-mega,179
manectric-mega,201
banette-mega,194
absol-mega,198
garchomp-mega,315
lucario-mega,219
abomasnow-mega,208
floette-eternal,243
latias-mega,315
latios-mega,315
swampert-mega,286
sceptile-mega,284
sableye-mega,168
altaria-mega,207
gallade-mega,278
audino-mega,425
sharpedo-mega,196
slowbro-mega,207
steelix-mega,214
pidgeot-mega,261
glalie-mega,203
diancie-mega,315
metagross-mega,315
kyogre-primal,347
groudon-primal,347
rayquaza-mega,351
pikachu-rock-star,112
pikachu-belle,112
pikachu-pop-star,112
pikachu-phd,112
pikachu-libre,112
pikachu-cosplay,112
hoopa-unbound,306
camerupt-mega,196
lopunny-mega,203
salamence-mega,315
beedrill-mega,223
rattata-alola,51
raticate-alola,145
raticate-totem-alola,145
pikachu-original-cap,112
pikachu-hoenn-cap,112
pikachu-sinnoh-cap,112
pikachu-unova-cap,112
pikachu-kalos-cap,112
pikachu-alola-cap,112
raichu-alola,243
sandshrew-alola,60
sandslash-alola,158
vulpix-alola,60
ninetales-alola,177
diglett-alola,53
dugtrio-alola,149
meowth-alola,58
persian-alola,154
geodude-alola,60
graveler-alola,137
golem-alola,223
grimer-alola,65
muk-alola,175
exeggutor-alola,186
marowak-alola,149
greninja-battle-bond,239
greninja-ash,288
zygarde-10-power-construct,243
zygarde-50-power-construct,300
zygarde-complete,354
pikachu-partner-cap,112
marowak-totem,149
pikachu-starter,86
eevee-starter,87
pikachu-world-cap,112
meowth-galar,58
ponyta-galar,82
rapidash-galar,175
slowpoke-galar,63
slowbro-galar,172
farfetchd-galar,132
weezing-galar,172
mr-mime-galar,161
articuno-galar,290
zapdos-galar,290
moltres-galar,290
slowking-galar,172
corsola-galar,144
zigzagoon-galar,56
linoone-galar,147
darumaka-galar,63
darmanitan-galar-standard,168
darmanitan-galar-zen,189
yamask-galar,61
stunfisk-galar,165
zygarde-10,243
venusaur-gmax,236
charizard-gmax,240
blastoise-gmax,239
butterfree-gmax,178
pikachu-gmax,112
meowth-gmax,58
machamp-gmax,227
gengar-gmax,225
kingler-gmax,166
lapras-gmax,187
eevee-gmax,65
snorlax-gmax,189
garbodor-gmax,166
growlithe-hisui,70
arcanine-hisui,194
voltorb-hisui,66
electrode-hisui,172
typhlosion-hisui,240
qwilfish-hisui,88
sneasel-hisui,86
samurott-hisui,238
lilligant-hisui,168
zorua-hisui,66
zoroark-hisui,179
braviary-hisui,179
sliggoo-hisui,158
goodra-hisui,270
avalugg-hisui,180
dialga-origin,306
palkia-origin,306
basculin-white-striped,161
tauros-paldea-combat-breed,172
tauros-paldea-blaze-breed,172
tauros-paldea-aqua-breed,172
wooper-paldea,42
