location_area,method,version,rate
1,old-rod,diamond,25
1,old-rod,pearl,25
1,old-rod,platinum,25
1,good-rod,diamond,50
1,good-rod,pearl,50
1,good-rod,platinum,50
1,super-rod,diamond,75
1,super-rod,pearl,75
1,super-rod,platinum,75
1,surf,diamond,10
1,surf,pearl,10
1,surf,platinum,10
2,old-rod,diamond,25
2,old-rod,pearl,25
2,old-rod,platinum,25
2,good-rod,diamond,50
2,good-rod,pearl,50
2,good-rod,platinum,50
2,super-rod,diamond,75
2,super-rod,pearl,75
2,super-rod,platinum,75
2,surf,diamond,10
2,surf,pearl,10
2,surf,platinum,10
3,old-rod,diamond,25
3,old-rod,pearl,25
3,old-rod,platinum,25
3,good-rod,diamond,50
3,good-rod,pearl,50
3,good-rod,platinum,50
3,super-rod,diamond,75
3,super-rod,pearl,75
3,super-rod,platinum,75
3,surf,diamond,10
3,surf,pearl,10
3,surf,platinum,10
4,old-rod,diamond,25
4,old-rod,pearl,25
4,old-rod,platinum,25
4,good-rod,diamond,50
4,good-rod,pearl,50
4,good-rod,platinum,50
4,super-rod,diamond,75
4,super-rod,pearl,75
4,super-rod,platinum,75
4,surf,diamond,10
4,surf,pearl,10
4,surf,platinum,10
5,old-rod,diamond,25
5,old-rod,pearl,25
5,old-rod,platinum,25
5,good-rod,diamond,50
5,good-rod,pearl,50
5,good-rod,platinum,50
5,super-rod,diamond,75
5,super-rod,pearl,75
5,super-rod,platinum,75
5,surf,diamond,10
5,surf,pearl,10
5,surf,platinum,10
6,walk,diamond,10
6,walk,pearl,10
6,walk,platinum,10
7,walk,diamond,10
7,walk,pearl,10
7,walk,platinum,10
8,walk,diamond,30
8,walk,pearl,30
8,walk,platinum,30
8,old-rod,diamond,25
8,old-rod,pearl,25
8,old-rod,platinum,25
8,good-rod,diamond,50
8,good-rod,pearl,50
8,good-rod,platinum,50
8,super-rod,diamond,75
8,super-rod,pearl,75
8,super-rod,platinum,75
8,surf,diamond,10
8,surf,pearl,10
8,surf,platinum,10
9,walk,diamond,30
9,walk,pearl,30
9,walk,platinum,30
10,walk,diamond,30
10,walk,pearl,30
10,walk,platinum,30
10,old-rod,diamond,25
10,old-rod,pearl,25
10,old-rod,platinum,25
10,good-rod,diamond,50
10,good-rod,pearl,50
10,good-rod,platinum,50
10,super-rod,diamond,75
10,super-rod,pearl,75
10,super-rod,platinum,75
10,surf,diamond,10
10,surf,pearl,10
10,surf,platinum,10
11,walk,diamond,10
11,walk,pearl,10
11,walk,platinum,10
11,old-rod,diamond,25
11,old-rod,pearl,25
11,old-rod,platinum,25
11,good-rod,diamond,50
11,good-rod,pearl,50
11,good-rod,platinum,50
11,super-rod,diamond,75
11,super-rod,pearl,75
11,super-rod,platinum,75
11,surf,diamond,10
11,surf,pearl,10
11,surf,platinum,10
12,walk,diamond,10
12,walk,pearl,10
12,walk,platinum,10
13,walk,diamond,10
13,walk,pearl,10
13,walk,platinum,10
14,walk,diamond,30
14,walk,pearl,30
14,walk,platinum,30
15,walk,diamond,30
15,walk,pearl,30
15,walk,platinum,30
16,walk,diamond,10
16,walk,pearl,10
16,walk,platinum,10
16,old-rod,diamond,25
16,old-rod,pearl,25
16,old-rod,platinum,25
16,good-rod,diamond,50
16,good-rod,pearl,50
16,good-rod,platinum,50
16,super-rod,diamond,75
16,super-rod,pearl,75
16,super-rod,platinum,75
16,surf,diamond,10
16,surf,pearl,10
16,surf,platinum,10
17,walk,diamond,15
17,walk,pearl,15
17,walk,platinum,15
18,walk,diamond,15
18,walk,pearl,15
18,walk,platinum,15
19,walk,diamond,15
19,walk,pearl,15
19,walk,platinum,15
20,walk,diamond,10
20,walk,pearl,10
20,walk,platinum,10
21,walk,diamond,10
21,walk,pearl,10
21,walk,platinum,10
22,walk,diamond,10
22,walk,pearl,10
22,walk,platinum,10
23,walk,diamond,10
23,walk,pearl,10
23,walk,platinum,10
23,old-rod,diamond,25
23,old-rod,pearl,25
23,old-rod,platinum,25
23,good-rod,diamond,50
23,good-rod,pearl,50
23,good-rod,platinum,50
23,super-rod,diamond,75
23,super-rod,pearl,75
23,super-rod,platinum,75
23,surf,diamond,10
23,surf,pearl,10
23,surf,platinum,10
24,walk,diamond,35
24,walk,pearl,35
24,walk,platinum,35
24,old-rod,diamond,25
24,old-rod,pearl,25
24,old-rod,platinum,25
24,good-rod,diamond,50
24,good-rod,pearl,50
24,good-rod,platinum,50
24,super-rod,diamond,75
24,super-rod,pearl,75
24,super-rod,platinum,75
24,surf,diamond,15
24,surf,pearl,15
24,surf,platinum,15
25,walk,diamond,35
25,walk,pearl,35
25,walk,platinum,35
25,old-rod,diamond,25
25,old-rod,pearl,25
25,old-rod,platinum,25
25,good-rod,diamond,50
25,good-rod,pearl,50
25,good-rod,platinum,50
25,super-rod,diamond,75
25,super-rod,pearl,75
25,super-rod,platinum,75
25,surf,diamond,15
25,surf,pearl,15
25,surf,platinum,15
26,walk,diamond,35
26,walk,pearl,35
26,walk,platinum,35
26,old-rod,diamond,25
26,old-rod,pearl,25
26,old-rod,platinum,25
26,good-rod,diamond,50
26,good-rod,pearl,50
26,good-rod,platinum,50
26,super-rod,diamond,75
26,super-rod,pearl,75
26,super-rod,platinum,75
26,surf,diamond,15
26,surf,pearl,15
26,surf,platinum,15
27,walk,diamond,35
27,walk,pearl,35
27,walk,platinum,35
27,old-rod,diamond,25
27,old-rod,pearl,25
27,old-rod,platinum,25
27,good-rod,diamond,50
27,good-rod,pearl,50
27,good-rod,platinum,50
27,super-rod,diamond,75
27,super-rod,pearl,75
27,super-rod,platinum,75
27,surf,diamond,15
27,surf,pearl,15
27,surf,platinum,15
28,walk,diamond,35
28,walk,pearl,35
28,walk,platinum,35
29,walk,diamond,35
29,walk,pearl,35
29,walk,platinum,35
29,old-rod,diamond,25
29,old-rod,pearl,25
29,old-rod,platinum,25
29,good-rod,diamond,50
29,good-rod,pearl,50
29,good-rod,platinum,50
29,super-rod,diamond,75
29,super-rod,pearl,75
29,super-rod,platinum,75
29,surf,diamond,15
29,surf,pearl,15
29,surf,platinum,15
30,walk,diamond,10
30,walk,pearl,10
30,walk,platinum,10
31,walk,diamond,10
31,walk,pearl,10
31,walk,platinum,10
32,walk,diamond,10
32,walk,pearl,10
32,walk,platinum,10
33,walk,diamond,10
33,walk,pearl,10
33,walk,platinum,10
34,walk,diamond,10
34,walk,pearl,10
34,walk,platinum,10
35,walk,diamond,10
35,walk,pearl,10
35,walk,platinum,10
36,walk,diamond,15
36,walk,pearl,15
36,walk,platinum,15
37,walk,diamond,15
37,walk,pearl,15
37,walk,platinum,15
38,walk,diamond,20
38,walk,pearl,20
38,walk,platinum,20
39,walk,diamond,20
39,walk,pearl,20
39,walk,platinum,20
40,walk,diamond,20
40,walk,pearl,20
40,walk,platinum,20
41,walk,diamond,10
41,walk,pearl,10
41,walk,platinum,10
42,walk,diamond,10
42,walk,pearl,10
42,walk,platinum,10
43,walk,diamond,10
43,walk,pearl,10
43,walk,platinum,10
44,walk,diamond,10
44,walk,pearl,10
44,walk,platinum,10
45,walk,diamond,25
45,walk,pearl,25
45,walk,platinum,25
46,walk,diamond,25
46,walk,pearl,25
46,walk,platinum,25
47,walk,diamond,30
47,walk,pearl,30
47,walk,platinum,30
48,walk,diamond,15
48,walk,pearl,15
48,walk,platinum,15
49,walk,diamond,15
49,walk,pearl,15
49,walk,platinum,15
50,walk,diamond,15
50,walk,pearl,15
50,walk,platinum,15
50,old-rod,diamond,25
50,old-rod,pearl,25
50,old-rod,platinum,25
50,good-rod,diamond,50
50,good-rod,pearl,50
50,good-rod,platinum,50
50,super-rod,diamond,75
50,super-rod,pearl,75
50,super-rod,platinum,75
50,surf,diamond,15
50,surf,pearl,15
50,surf,platinum,15
51,walk,diamond,15
51,walk,pearl,15
51,walk,platinum,15
51,old-rod,diamond,25
51,old-rod,pearl,25
51,old-rod,platinum,25
51,good-rod,diamond,50
51,good-rod,pearl,50
51,good-rod,platinum,50
51,super-rod,diamond,75
51,super-rod,pearl,75
51,super-rod,platinum,75
51,surf,diamond,15
51,surf,pearl,15
51,surf,platinum,15
52,walk,diamond,15
52,walk,pearl,15
52,walk,platinum,15
53,walk,diamond,15
53,walk,pearl,15
53,walk,platinum,15
54,walk,diamond,10
54,walk,pearl,10
54,walk,platinum,10
54,old-rod,diamond,25
54,old-rod,pearl,25
54,old-rod,platinum,25
54,good-rod,diamond,50
54,good-rod,pearl,50
54,good-rod,platinum,50
54,super-rod,diamond,75
54,super-rod,pearl,75
54,super-rod,platinum,75
54,surf,diamond,10
54,surf,pearl,10
54,surf,platinum,10
55,walk,diamond,10
55,walk,pearl,10
55,walk,platinum,10
56,walk,diamond,10
56,walk,pearl,10
56,walk,platinum,10
56,old-rod,diamond,25
56,old-rod,pearl,25
56,old-rod,platinum,25
56,good-rod,diamond,50
56,good-rod,pearl,50
56,good-rod,platinum,50
56,super-rod,diamond,75
56,super-rod,pearl,75
56,super-rod,platinum,75
56,surf,diamond,10
56,surf,pearl,10
56,surf,platinum,10
57,walk,diamond,30
57,walk,pearl,30
57,walk,platinum,30
58,walk,diamond,10
58,walk,pearl,10
58,walk,platinum,10
59,walk,diamond,10
59,walk,pearl,10
59,walk,platinum,10
60,walk,diamond,30
60,walk,pearl,30
60,walk,platinum,30
60,old-rod,diamond,25
60,old-rod,pearl,25
60,old-rod,platinum,25
60,good-rod,diamond,50
60,good-rod,pearl,50
60,good-rod,platinum,50
60,super-rod,diamond,75
60,super-rod,pearl,75
60,super-rod,platinum,75
60,surf,diamond,10
60,surf,pearl,10
60,surf,platinum,10
61,walk,diamond,10
61,walk,pearl,10
61,walk,platinum,10
62,walk,diamond,10
62,walk,pearl,10
62,walk,platinum,10
63,walk,diamond,10
63,walk,pearl,10
63,walk,platinum,10
64,walk,diamond,15
64,walk,pearl,15
64,walk,platinum,15
70,walk,diamond,15
70,walk,pearl,15
70,walk,platinum,15
76,walk,diamond,15
76,walk,pearl,15
76,walk,platinum,15
82,walk,diamond,15
82,walk,pearl,15
82,walk,platinum,15
107,walk,diamond,15
107,walk,pearl,15
107,walk,platinum,15
108,walk,diamond,10
108,walk,pearl,10
108,walk,platinum,10
109,walk,diamond,10
109,walk,pearl,10
109,walk,platinum,10
110,walk,diamond,10
110,walk,pearl,10
110,walk,platinum,10
111,walk,diamond,10
111,walk,pearl,10
111,walk,platinum,10
112,walk,diamond,10
112,walk,pearl,10
112,walk,platinum,10
113,walk,diamond,10
113,walk,pearl,10
113,walk,platinum,10
114,walk,diamond,10
114,walk,pearl,10
114,walk,platinum,10
115,walk,diamond,10
115,walk,pearl,10
115,walk,platinum,10
116,walk,diamond,10
116,walk,pearl,10
116,walk,platinum,10
117,walk,diamond,10
117,walk,pearl,10
117,walk,platinum,10
118,walk,diamond,30
118,walk,pearl,30
118,walk,platinum,30
119,old-rod,diamond,25
119,old-rod,pearl,25
119,old-rod,platinum,25
119,good-rod,diamond,50
119,good-rod,pearl,50
119,good-rod,platinum,50
119,super-rod,diamond,75
119,super-rod,pearl,75
119,super-rod,platinum,75
119,surf,diamond,10
119,surf,pearl,10
119,surf,platinum,10
120,walk,diamond,10
120,walk,pearl,10
120,walk,platinum,10
121,walk,diamond,10
121,walk,pearl,10
121,walk,platinum,10
122,walk,diamond,10
122,walk,pearl,10
122,walk,platinum,10
123,walk,diamond,10
123,walk,pearl,10
123,walk,platinum,10
124,walk,diamond,10
124,walk,pearl,10
124,walk,platinum,10
125,walk,diamond,10
125,walk,pearl,10
125,walk,platinum,10
126,walk,diamond,10
126,walk,pearl,10
126,walk,platinum,10
127,walk,diamond,10
127,walk,pearl,10
127,walk,platinum,10
128,walk,diamond,10
128,walk,pearl,10
128,walk,platinum,10
129,walk,diamond,10
129,walk,pearl,10
129,walk,platinum,10
130,walk,diamond,10
130,walk,pearl,10
130,walk,platinum,10
131,walk,diamond,10
131,walk,pearl,10
131,walk,platinum,10
132,walk,diamond,10
132,walk,pearl,10
132,walk,platinum,10
133,walk,diamond,15
133,walk,pearl,15
133,walk,platinum,15
134,walk,diamond,10
134,walk,pearl,10
134,walk,platinum,10
135,walk,diamond,30
135,walk,pearl,30
135,walk,platinum,30
135,old-rod,diamond,25
135,old-rod,pearl,25
135,old-rod,platinum,25
135,good-rod,diamond,50
135,good-rod,pearl,50
135,good-rod,platinum,50
135,super-rod,diamond,75
135,super-rod,pearl,75
135,super-rod,platinum,75
135,surf,diamond,10
135,surf,pearl,10
135,surf,platinum,10
136,walk,diamond,30
136,walk,pearl,30
136,walk,platinum,30
136,old-rod,diamond,25
136,old-rod,pearl,25
136,old-rod,platinum,25
136,good-rod,diamond,50
136,good-rod,pearl,50
136,good-rod,platinum,50
136,super-rod,diamond,75
136,super-rod,pearl,75
136,super-rod,platinum,75
136,surf,diamond,10
136,surf,pearl,10
136,surf,platinum,10
137,walk,diamond,30
137,walk,pearl,30
137,walk,platinum,30
137,old-rod,diamond,25
137,old-rod,pearl,25
137,old-rod,platinum,25
137,good-rod,diamond,50
137,good-rod,pearl,50
137,good-rod,platinum,50
137,super-rod,diamond,75
137,super-rod,pearl,75
137,super-rod,platinum,75
137,surf,diamond,10
137,surf,pearl,10
137,surf,platinum,10
138,walk,diamond,30
138,walk,pearl,30
138,walk,platinum,30
138,old-rod,diamond,25
138,old-rod,pearl,25
138,old-rod,platinum,25
138,good-rod,diamond,50
138,good-rod,pearl,50
138,good-rod,platinum,50
138,super-rod,diamond,75
138,super-rod,pearl,75
138,super-rod,platinum,75
138,surf,diamond,10
138,surf,pearl,10
138,surf,platinum,10
139,walk,diamond,30
139,walk,pearl,30
139,walk,platinum,30
140,walk,diamond,30
140,walk,pearl,30
140,walk,platinum,30
141,walk,diamond,30
141,walk,pearl,30
141,walk,platinum,30
142,walk,diamond,30
142,walk,pearl,30
142,walk,platinum,30
143,walk,diamond,30
143,walk,pearl,30
143,walk,platinum,30
143,old-rod,diamond,25
143,old-rod,pearl,25
143,old-rod,platinum,25
143,good-rod,diamond,50
143,good-rod,pearl,50
143,good-rod,platinum,50
143,super-rod,diamond,75
143,super-rod,pearl,75
143,super-rod,platinum,75
143,surf,diamond,10
143,surf,pearl,10
143,surf,platinum,10
144,walk,diamond,30
144,walk,pearl,30
144,walk,platinum,30
144,old-rod,diamond,25
144,old-rod,pearl,25
144,old-rod,platinum,25
144,good-rod,diamond,50
144,good-rod,pearl,50
144,good-rod,platinum,50
144,super-rod,diamond,75
144,super-rod,pearl,75
144,super-rod,platinum,75
144,surf,diamond,10
144,surf,pearl,10
144,surf,platinum,10
145,walk,diamond,30
145,walk,pearl,30
145,walk,platinum,30
145,old-rod,diamond,25
145,old-rod,pearl,25
145,old-rod,platinum,25
145,good-rod,diamond,50
145,good-rod,pearl,50
145,good-rod,platinum,50
145,super-rod,diamond,75
145,super-rod,pearl,75
145,super-rod,platinum,75
145,surf,diamond,10
145,surf,pearl,10
145,surf,platinum,10
146,walk,diamond,30
146,walk,pearl,30
146,walk,platinum,30
146,old-rod,diamond,25
146,old-rod,pearl,25
146,old-rod,platinum,25
146,good-rod,diamond,50
146,good-rod,pearl,50
146,good-rod,platinum,50
146,super-rod,diamond,75
146,super-rod,pearl,75
146,super-rod,platinum,75
146,surf,diamond,10
146,surf,pearl,10
146,surf,platinum,10
147,walk,diamond,30
147,walk,pearl,30
147,walk,platinum,30
147,old-rod,diamond,25
147,old-rod,pearl,25
147,old-rod,platinum,25
147,good-rod,diamond,50
147,good-rod,pearl,50
147,good-rod,platinum,50
147,super-rod,diamond,75
147,super-rod,pearl,75
147,super-rod,platinum,75
147,surf,diamond,10
147,surf,pearl,10
147,surf,platinum,10
148,walk,diamond,30
148,walk,pearl,30
148,walk,platinum,30
149,walk,diamond,30
149,walk,pearl,30
149,walk,platinum,30
150,walk,diamond,30
150,walk,pearl,30
150,walk,platinum,30
150,old-rod,diamond,25
150,old-rod,pearl,25
150,old-rod,platinum,25
150,good-rod,diamond,50
150,good-rod,pearl,50
150,good-rod,platinum,50
150,super-rod,diamond,75
150,super-rod,pearl,75
150,super-rod,platinum,75
150,surf,diamond,10
150,surf,pearl,10
150,surf,platinum,10
151,walk,diamond,30
151,walk,pearl,30
151,walk,platinum,30
151,old-rod,diamond,25
151,old-rod,pearl,25
151,old-rod,platinum,25
151,good-rod,diamond,50
151,good-rod,pearl,50
151,good-rod,platinum,50
151,super-rod,diamond,75
151,super-rod,pearl,75
151,super-rod,platinum,75
151,surf,diamond,10
151,surf,pearl,10
151,surf,platinum,10
152,walk,diamond,10
152,walk,pearl,10
152,walk,platinum,10
153,walk,diamond,10
153,walk,pearl,10
153,walk,platinum,10
154,walk,diamond,10
154,walk,pearl,10
154,walk,platinum,10
155,walk,diamond,10
155,walk,pearl,10
155,walk,platinum,10
156,walk,diamond,10
156,walk,pearl,10
156,walk,platinum,10
157,walk,diamond,30
157,walk,pearl,30
157,walk,platinum,30
158,walk,diamond,30
158,walk,pearl,30
158,walk,platinum,30
158,old-rod,diamond,25
158,old-rod,pearl,25
158,old-rod,platinum,25
158,good-rod,diamond,50
158,good-rod,pearl,50
158,good-rod,platinum,50
158,super-rod,diamond,75
158,super-rod,pearl,75
158,super-rod,platinum,75
158,surf,diamond,10
158,surf,pearl,10
158,surf,platinum,10
159,walk,diamond,30
159,walk,pearl,30
159,walk,platinum,30
160,walk,diamond,30
160,walk,pearl,30
160,walk,platinum,30
161,walk,diamond,30
161,walk,pearl,30
161,walk,platinum,30
161,old-rod,diamond,25
161,old-rod,pearl,25
161,old-rod,platinum,25
161,good-rod,diamond,50
161,good-rod,pearl,50
161,good-rod,platinum,50
161,super-rod,diamond,75
161,super-rod,pearl,75
161,super-rod,platinum,75
161,surf,diamond,10
161,surf,pearl,10
161,surf,platinum,10
162,walk,diamond,30
162,walk,pearl,30
162,walk,platinum,30
162,old-rod,diamond,25
162,old-rod,pearl,25
162,old-rod,platinum,25
162,good-rod,diamond,50
162,good-rod,pearl,50
162,good-rod,platinum,50
162,super-rod,diamond,75
162,super-rod,pearl,75
162,super-rod,platinum,75
162,surf,diamond,10
162,surf,pearl,10
162,surf,platinum,10
163,walk,diamond,30
163,walk,pearl,30
163,walk,platinum,30
163,old-rod,diamond,25
163,old-rod,pearl,25
163,old-rod,platinum,25
163,good-rod,diamond,50
163,good-rod,pearl,50
163,good-rod,platinum,50
163,super-rod,diamond,75
163,super-rod,pearl,75
163,super-rod,platinum,75
163,surf,diamond,10
163,surf,pearl,10
163,surf,platinum,10
164,walk,diamond,30
164,walk,pearl,30
164,walk,platinum,30
164,old-rod,diamond,25
164,old-rod,pearl,25
164,old-rod,platinum,25
164,good-rod,diamond,50
164,good-rod,pearl,50
164,good-rod,platinum,50
164,super-rod,diamond,75
164,super-rod,pearl,75
164,super-rod,platinum,75
164,surf,diamond,10
164,surf,pearl,10
164,surf,platinum,10
165,walk,diamond,30
165,walk,pearl,30
165,walk,platinum,30
166,walk,diamond,30
166,walk,pearl,30
166,walk,platinum,30
167,walk,diamond,30
167,walk,pearl,30
167,walk,platinum,30
168,walk,diamond,30
168,walk,pearl,30
168,walk,platinum,30
168,old-rod,diamond,25
168,old-rod,pearl,25
168,old-rod,platinum,25
168,good-rod,diamond,50
168,good-rod,pearl,50
168,good-rod,platinum,50
168,super-rod,diamond,75
168,super-rod,pearl,75
168,super-rod,platinum,75
168,surf,diamond,10
168,surf,pearl,10
168,surf,platinum,10
169,old-rod,diamond,25
169,old-rod,pearl,25
169,old-rod,platinum,25
169,good-rod,diamond,50
169,good-rod,pearl,50
169,good-rod,platinum,50
169,super-rod,diamond,75
169,super-rod,pearl,75
169,super-rod,platinum,75
169,surf,diamond,20
169,surf,pearl,20
169,surf,platinum,20
170,walk,diamond,30
170,walk,pearl,30
170,walk,platinum,30
170,old-rod,diamond,25
170,old-rod,pearl,25
170,old-rod,platinum,25
170,good-rod,diamond,50
170,good-rod,pearl,50
170,good-rod,platinum,50
170,super-rod,diamond,75
170,super-rod,pearl,75
170,super-rod,platinum,75
170,surf,diamond,10
170,surf,pearl,10
170,surf,platinum,10
171,walk,diamond,30
171,walk,pearl,30
171,walk,platinum,30
171,old-rod,diamond,45
171,old-rod,pearl,45
171,old-rod,platinum,45
171,good-rod,diamond,70
171,good-rod,pearl,70
171,good-rod,platinum,70
171,super-rod,diamond,95
171,super-rod,pearl,95
171,super-rod,platinum,95
171,surf,diamond,10
171,surf,pearl,10
171,surf,platinum,10
172,walk,diamond,30
172,walk,pearl,30
172,walk,platinum,30
172,old-rod,diamond,25
172,old-rod,pearl,25
172,old-rod,platinum,25
172,good-rod,diamond,50
172,good-rod,pearl,50
172,good-rod,platinum,50
172,super-rod,diamond,75
172,super-rod,pearl,75
172,super-rod,platinum,75
172,surf,diamond,10
172,surf,pearl,10
172,surf,platinum,10
173,walk,diamond,30
173,walk,pearl,30
173,walk,platinum,30
173,old-rod,diamond,25
173,old-rod,pearl,25
173,old-rod,platinum,25
173,good-rod,diamond,50
173,good-rod,pearl,50
173,good-rod,platinum,50
173,super-rod,diamond,75
173,super-rod,pearl,75
173,super-rod,platinum,75
173,surf,diamond,10
173,surf,pearl,10
173,surf,platinum,10
174,walk,diamond,30
174,walk,pearl,30
174,walk,platinum,30
174,old-rod,diamond,25
174,old-rod,pearl,25
174,old-rod,platinum,25
174,good-rod,diamond,50
174,good-rod,pearl,50
174,good-rod,platinum,50
174,super-rod,diamond,75
174,super-rod,pearl,75
174,super-rod,platinum,75
174,surf,diamond,10
174,surf,pearl,10
174,surf,platinum,10
175,walk,diamond,30
175,walk,pearl,30
175,walk,platinum,30
175,old-rod,diamond,25
175,old-rod,pearl,25
175,old-rod,platinum,25
175,good-rod,diamond,50
175,good-rod,pearl,50
175,good-rod,platinum,50
175,super-rod,diamond,75
175,super-rod,pearl,75
175,super-rod,platinum,75
175,surf,diamond,10
175,surf,pearl,10
175,surf,platinum,10
176,walk,diamond,30
176,walk,pearl,30
176,walk,platinum,30
176,old-rod,diamond,25
176,old-rod,pearl,25
176,old-rod,platinum,25
176,good-rod,diamond,50
176,good-rod,pearl,50
176,good-rod,platinum,50
176,super-rod,diamond,75
176,super-rod,pearl,75
176,super-rod,platinum,75
176,surf,diamond,10
176,surf,pearl,10
176,surf,platinum,10
177,old-rod,diamond,25
177,old-rod,pearl,25
177,old-rod,platinum,25
177,good-rod,diamond,50
177,good-rod,pearl,50
177,good-rod,platinum,50
177,super-rod,diamond,75
177,super-rod,pearl,75
177,super-rod,platinum,75
177,surf,diamond,10
177,surf,pearl,10
177,surf,platinum,10
178,old-rod,diamond,25
178,old-rod,pearl,25
178,old-rod,platinum,25
178,good-rod,diamond,50
178,good-rod,pearl,50
178,good-rod,platinum,50
178,super-rod,diamond,75
178,super-rod,pearl,75
178,super-rod,platinum,75
178,surf,diamond,10
178,surf,pearl,10
178,surf,platinum,10
179,old-rod,diamond,25
179,old-rod,pearl,25
179,old-rod,platinum,25
179,good-rod,diamond,50
179,good-rod,pearl,50
179,good-rod,platinum,50
179,super-rod,diamond,75
179,super-rod,pearl,75
179,super-rod,platinum,75
179,surf,diamond,10
179,surf,pearl,10
179,surf,platinum,10
180,old-rod,diamond,25
180,old-rod,pearl,25
180,old-rod,platinum,25
180,good-rod,diamond,50
180,good-rod,pearl,50
180,good-rod,platinum,50
180,super-rod,diamond,75
180,super-rod,pearl,75
180,super-rod,platinum,75
180,surf,diamond,20
180,surf,pearl,20
180,surf,platinum,20
181,old-rod,diamond,25
181,old-rod,pearl,25
181,old-rod,platinum,25
181,good-rod,diamond,50
181,good-rod,pearl,50
181,good-rod,platinum,50
181,super-rod,diamond,75
181,super-rod,pearl,75
181,super-rod,platinum,75
181,surf,diamond,20
181,surf,pearl,20
181,surf,platinum,20
182,walk,diamond,30
182,walk,pearl,30
182,walk,platinum,30
182,old-rod,diamond,25
182,old-rod,pearl,25
182,old-rod,platinum,25
182,good-rod,diamond,50
182,good-rod,pearl,50
182,good-rod,platinum,50
182,super-rod,diamond,75
182,super-rod,pearl,75
182,super-rod,platinum,75
182,surf,diamond,20
182,surf,pearl,20
182,surf,platinum,20
183,walk,diamond,30
183,walk,pearl,30
183,walk,platinum,30
183,old-rod,diamond,25
183,old-rod,pearl,25
183,old-rod,platinum,25
183,good-rod,diamond,50
183,good-rod,pearl,50
183,good-rod,platinum,50
183,super-rod,diamond,75
183,super-rod,pearl,75
183,super-rod,platinum,75
183,surf,diamond,20
183,surf,pearl,20
183,surf,platinum,20
184,old-rod,heartgold,25
184,old-rod,soulsilver,25
184,good-rod,heartgold,50
184,good-rod,soulsilver,50
184,super-rod,heartgold,75
184,super-rod,soulsilver,75
184,surf,heartgold,15
184,surf,soulsilver,15
185,walk,heartgold,25
185,walk,soulsilver,25
186,old-rod,heartgold,25
186,old-rod,soulsilver,25
186,good-rod,heartgold,50
186,good-rod,soulsilver,50
186,super-rod,heartgold,75
186,super-rod,soulsilver,75
186,surf,heartgold,15
186,surf,soulsilver,15
187,walk,heartgold,25
187,walk,soulsilver,25
187,old-rod,heartgold,25
187,old-rod,soulsilver,25
187,good-rod,heartgold,50
187,good-rod,soulsilver,50
187,super-rod,heartgold,75
187,super-rod,soulsilver,75
187,surf,heartgold,15
187,surf,soulsilver,15
188,walk,heartgold,25
188,walk,soulsilver,25
188,old-rod,heartgold,25
188,old-rod,soulsilver,25
188,good-rod,heartgold,50
188,good-rod,soulsilver,50
188,super-rod,heartgold,75
188,super-rod,soulsilver,75
188,surf,heartgold,15
188,surf,soulsilver,15
189,old-rod,heartgold,25
189,old-rod,soulsilver,25
189,good-rod,heartgold,50
189,good-rod,soulsilver,50
189,super-rod,heartgold,75
189,super-rod,soulsilver,75
189,surf,heartgold,15
189,surf,soulsilver,15
190,walk,heartgold,5
190,walk,soulsilver,5
191,walk,heartgold,5
191,walk,soulsilver,5
192,walk,heartgold,25
192,walk,soulsilver,25
192,old-rod,heartgold,25
192,old-rod,soulsilver,25
192,good-rod,heartgold,50
192,good-rod,soulsilver,50
192,super-rod,heartgold,75
192,super-rod,soulsilver,75
192,surf,heartgold,15
192,surf,soulsilver,15
193,walk,heartgold,10
193,walk,soulsilver,10
193,old-rod,heartgold,25
193,old-rod,soulsilver,25
193,good-rod,heartgold,50
193,good-rod,soulsilver,50
193,super-rod,heartgold,75
193,super-rod,soulsilver,75
193,surf,heartgold,10
193,surf,soulsilver,10
193,rock-smash,heartgold,20
193,rock-smash,soulsilver,20
194,walk,heartgold,15
194,walk,soulsilver,15
195,walk,heartgold,15
195,walk,soulsilver,15
196,walk,heartgold,15
196,walk,soulsilver,15
197,walk,heartgold,15
197,walk,soulsilver,15
198,walk,heartgold,10
198,walk,soulsilver,10
198,old-rod,heartgold,25
198,old-rod,soulsilver,25
198,good-rod,heartgold,50
198,good-rod,soulsilver,50
198,super-rod,heartgold,75
198,super-rod,soulsilver,75
198,surf,heartgold,15
198,surf,soulsilver,15
199,walk,heartgold,15
199,walk,soulsilver,15
199,old-rod,heartgold,25
199,old-rod,soulsilver,25
199,good-rod,heartgold,50
199,good-rod,soulsilver,50
199,super-rod,heartgold,75
199,super-rod,soulsilver,75
199,surf,heartgold,15
199,surf,soulsilver,15
200,walk,heartgold,15
200,walk,soulsilver,15
200,old-rod,heartgold,25
200,old-rod,soulsilver,25
200,good-rod,heartgold,50
200,good-rod,soulsilver,50
200,super-rod,heartgold,75
200,super-rod,soulsilver,75
200,surf,heartgold,15
200,surf,soulsilver,15
201,walk,heartgold,25
201,walk,soulsilver,25
202,walk,heartgold,5
202,walk,soulsilver,5
202,old-rod,heartgold,25
202,old-rod,soulsilver,25
202,good-rod,heartgold,50
202,good-rod,soulsilver,50
202,super-rod,heartgold,75
202,super-rod,soulsilver,75
202,surf,heartgold,10
202,surf,soulsilver,10
203,walk,heartgold,15
203,walk,soulsilver,15
203,old-rod,heartgold,25
203,old-rod,soulsilver,25
203,good-rod,heartgold,50
203,good-rod,soulsilver,50
203,super-rod,heartgold,75
203,super-rod,soulsilver,75
203,surf,heartgold,10
203,surf,soulsilver,10
204,walk,heartgold,5
204,walk,soulsilver,5
204,old-rod,heartgold,25
204,old-rod,soulsilver,25
204,good-rod,heartgold,50
204,good-rod,soulsilver,50
204,super-rod,heartgold,75
204,super-rod,soulsilver,75
204,surf,heartgold,15
204,surf,soulsilver,15
205,walk,heartgold,25
205,walk,soulsilver,25
205,old-rod,heartgold,25
205,old-rod,soulsilver,25
205,good-rod,heartgold,50
205,good-rod,soulsilver,50
205,super-rod,heartgold,75
205,super-rod,soulsilver,75
205,surf,heartgold,15
205,surf,soulsilver,15
206,walk,heartgold,25
206,walk,soulsilver,25
206,old-rod,heartgold,25
206,old-rod,soulsilver,25
206,good-rod,heartgold,50
206,good-rod,soulsilver,50
206,super-rod,heartgold,75
206,super-rod,soulsilver,75
206,surf,heartgold,15
206,surf,soulsilver,15
207,walk,heartgold,25
207,walk,soulsilver,25
208,walk,heartgold,25
208,walk,soulsilver,25
209,walk,heartgold,25
209,walk,soulsilver,25
210,walk,heartgold,25
210,walk,soulsilver,25
211,old-rod,heartgold,25
211,old-rod,soulsilver,25
211,good-rod,heartgold,50
211,good-rod,soulsilver,50
211,super-rod,heartgold,75
211,super-rod,soulsilver,75
211,surf,heartgold,15
211,surf,soulsilver,15
212,walk,heartgold,10
212,walk,soulsilver,10
213,walk,heartgold,10
213,walk,soulsilver,10
214,walk,heartgold,5
214,walk,soulsilver,5
215,walk,heartgold,5
215,walk,soulsilver,5
216,walk,heartgold,5
216,walk,soulsilver,5
217,walk,heartgold,5
217,walk,soulsilver,5
218,walk,heartgold,5
218,walk,soulsilver,5
219,walk,heartgold,5
219,walk,soulsilver,5
220,walk,heartgold,5
220,walk,soulsilver,5
221,walk,heartgold,5
221,walk,soulsilver,5
222,walk,heartgold,25
222,walk,soulsilver,25
223,walk,heartgold,25
223,walk,soulsilver,25
224,old-rod,heartgold,25
224,old-rod,soulsilver,25
224,good-rod,heartgold,50
224,good-rod,soulsilver,50
224,super-rod,heartgold,75
224,super-rod,soulsilver,75
224,surf,heartgold,15
224,surf,soulsilver,15
225,old-rod,heartgold,25
225,old-rod,soulsilver,25
225,good-rod,heartgold,50
225,good-rod,soulsilver,50
225,super-rod,heartgold,75
225,super-rod,soulsilver,75
225,surf,heartgold,10
225,surf,soulsilver,10
226,old-rod,heartgold,25
226,old-rod,soulsilver,25
226,good-rod,heartgold,50
226,good-rod,soulsilver,50
226,super-rod,heartgold,75
226,super-rod,soulsilver,75
226,surf,heartgold,10
226,surf,soulsilver,10
227,walk,heartgold,5
227,walk,soulsilver,5
227,old-rod,heartgold,25
227,old-rod,soulsilver,25
227,good-rod,heartgold,50
227,good-rod,soulsilver,50
227,super-rod,heartgold,75
227,super-rod,soulsilver,75
227,surf,heartgold,10
227,surf,soulsilver,10
228,walk,heartgold,5
228,walk,soulsilver,5
230,walk,heartgold,5
230,walk,soulsilver,5
230,old-rod,heartgold,25
230,old-rod,soulsilver,25
230,good-rod,heartgold,50
230,good-rod,soulsilver,50
230,super-rod,heartgold,75
230,super-rod,soulsilver,75
230,surf,heartgold,10
230,surf,soulsilver,10
232,walk,heartgold,5
232,walk,soulsilver,5
235,old-rod,heartgold,25
235,old-rod,soulsilver,25
235,good-rod,heartgold,50
235,good-rod,soulsilver,50
235,super-rod,heartgold,75
235,super-rod,soulsilver,75
235,surf,heartgold,15
235,surf,soulsilver,15
235,rock-smash,heartgold,30
235,rock-smash,soulsilver,30
236,walk,heartgold,25
236,walk,soulsilver,25
236,old-rod,heartgold,25
236,old-rod,soulsilver,25
236,good-rod,heartgold,50
236,good-rod,soulsilver,50
236,super-rod,heartgold,75
236,super-rod,soulsilver,75
236,surf,heartgold,10
236,surf,soulsilver,10
237,walk,heartgold,10
237,walk,soulsilver,10
237,old-rod,heartgold,25
237,old-rod,soulsilver,25
237,good-rod,heartgold,50
237,good-rod,soulsilver,50
237,super-rod,heartgold,75
237,super-rod,soulsilver,75
237,surf,heartgold,10
237,surf,soulsilver,10
238,walk,heartgold,10
238,walk,soulsilver,10
239,walk,heartgold,10
239,walk,soulsilver,10
239,old-rod,heartgold,25
239,old-rod,soulsilver,25
239,good-rod,heartgold,50
239,good-rod,soulsilver,50
239,super-rod,heartgold,75
239,super-rod,soulsilver,75
239,surf,heartgold,10
239,surf,soulsilver,10
240,walk,heartgold,10
240,walk,soulsilver,10
240,old-rod,heartgold,25
240,old-rod,soulsilver,25
240,good-rod,heartgold,50
240,good-rod,soulsilver,50
240,super-rod,heartgold,75
240,super-rod,soulsilver,75
240,surf,heartgold,10
240,surf,soulsilver,10
241,walk,heartgold,20
241,walk,soulsilver,20
241,old-rod,heartgold,25
241,old-rod,soulsilver,25
241,good-rod,heartgold,50
241,good-rod,soulsilver,50
241,super-rod,heartgold,75
241,super-rod,soulsilver,75
241,surf,heartgold,10
241,surf,soulsilver,10
242,old-rod,heartgold,25
242,old-rod,soulsilver,25
242,good-rod,heartgold,50
242,good-rod,soulsilver,50
242,super-rod,heartgold,75
242,super-rod,soulsilver,75
242,surf,heartgold,10
242,surf,soulsilver,10
243,walk,heartgold,25
243,walk,soulsilver,25
243,old-rod,heartgold,25
243,old-rod,soulsilver,25
243,good-rod,heartgold,50
243,good-rod,soulsilver,50
243,super-rod,heartgold,75
243,super-rod,soulsilver,75
243,surf,heartgold,10
243,surf,soulsilver,10
244,walk,heartgold,5
244,walk,soulsilver,5
245,walk,heartgold,5
245,walk,soulsilver,5
246,walk,heartgold,5
246,walk,soulsilver,5
247,walk,heartgold,5
247,walk,soulsilver,5
249,old-rod,heartgold,25
249,old-rod,soulsilver,25
249,good-rod,heartgold,50
249,good-rod,soulsilver,50
249,super-rod,heartgold,75
249,super-rod,soulsilver,75
249,surf,heartgold,10
249,surf,soulsilver,10
250,old-rod,heartgold,25
250,old-rod,soulsilver,25
250,good-rod,heartgold,50
250,good-rod,soulsilver,50
250,super-rod,heartgold,75
250,super-rod,soulsilver,75
250,surf,heartgold,10
250,surf,soulsilver,10
251,walk,heartgold,25
251,walk,soulsilver,25
251,old-rod,heartgold,25
251,old-rod,soulsilver,25
251,good-rod,heartgold,50
251,good-rod,soulsilver,50
251,super-rod,heartgold,75
251,super-rod,soulsilver,75
251,surf,heartgold,10
251,surf,soulsilver,10
252,walk,heartgold,25
252,walk,soulsilver,25
253,walk,heartgold,10
253,walk,soulsilver,10
253,old-rod,heartgold,25
253,old-rod,soulsilver,25
253,good-rod,heartgold,50
253,good-rod,soulsilver,50
253,super-rod,heartgold,75
253,super-rod,soulsilver,75
253,surf,heartgold,10
253,surf,soulsilver,10
253,rock-smash,heartgold,50
253,rock-smash,soulsilver,50
254,walk,heartgold,10
254,walk,soulsilver,10
254,old-rod,heartgold,25
254,old-rod,soulsilver,25
254,good-rod,heartgold,50
254,good-rod,soulsilver,50
254,super-rod,heartgold,75
254,super-rod,soulsilver,75
254,surf,heartgold,10
254,surf,soulsilver,10
255,walk,heartgold,25
255,walk,soulsilver,25
255,old-rod,heartgold,25
255,old-rod,soulsilver,25
255,good-rod,heartgold,50
255,good-rod,soulsilver,50
255,super-rod,heartgold,75
255,super-rod,soulsilver,75
255,surf,heartgold,15
255,surf,soulsilver,15
256,old-rod,heartgold,25
256,old-rod,soulsilver,25
256,good-rod,heartgold,50
256,good-rod,soulsilver,50
256,super-rod,heartgold,75
256,super-rod,soulsilver,75
256,surf,heartgold,15
256,surf,soulsilver,15
257,old-rod,heartgold,25
257,old-rod,soulsilver,25
257,good-rod,heartgold,50
257,good-rod,soulsilver,50
257,super-rod,heartgold,75
257,super-rod,soulsilver,75
257,surf,heartgold,15
257,surf,soulsilver,15
258,walk,firered,7
258,walk,leafgreen,7
258,walk,heartgold,5
258,walk,soulsilver,5
259,walk,firered,7
259,walk,leafgreen,7
259,walk,heartgold,5
259,walk,soulsilver,5
260,walk,firered,7
260,walk,leafgreen,7
260,walk,heartgold,5
260,walk,soulsilver,5
261,walk,firered,7
261,walk,leafgreen,7
261,walk,heartgold,10
261,walk,soulsilver,10
261,old-rod,firered,20
261,old-rod,leafgreen,20
261,good-rod,firered,20
261,good-rod,leafgreen,20
261,super-rod,firered,20
261,super-rod,leafgreen,20
261,surf,firered,2
261,surf,leafgreen,2
262,walk,firered,7
262,walk,leafgreen,7
262,walk,heartgold,10
262,walk,soulsilver,10
262,old-rod,firered,20
262,old-rod,leafgreen,20
262,old-rod,heartgold,25
262,old-rod,soulsilver,25
262,good-rod,firered,20
262,good-rod,leafgreen,20
262,good-rod,heartgold,50
262,good-rod,soulsilver,50
262,super-rod,firered,20
262,super-rod,leafgreen,20
262,super-rod,heartgold,75
262,super-rod,soulsilver,75
262,surf,firered,2
262,surf,leafgreen,2
262,surf,heartgold,5
262,surf,soulsilver,5
263,walk,heartgold,5
263,walk,soulsilver,5
263,old-rod,heartgold,25
263,old-rod,soulsilver,25
263,good-rod,heartgold,50
263,good-rod,soulsilver,50
263,super-rod,heartgold,75
263,super-rod,soulsilver,75
263,surf,heartgold,10
263,surf,soulsilver,10
264,walk,heartgold,10
264,walk,soulsilver,10
264,old-rod,heartgold,25
264,old-rod,soulsilver,25
264,good-rod,heartgold,50
264,good-rod,soulsilver,50
264,super-rod,heartgold,75
264,super-rod,soulsilver,75
264,surf,heartgold,10
264,surf,soulsilver,10
265,walk,heartgold,10
265,walk,soulsilver,10
265,old-rod,heartgold,25
265,old-rod,soulsilver,25
265,good-rod,heartgold,50
265,good-rod,soulsilver,50
265,super-rod,heartgold,75
265,super-rod,soulsilver,75
265,surf,heartgold,10
265,surf,soulsilver,10
266,old-rod,heartgold,25
266,old-rod,soulsilver,25
266,good-rod,heartgold,50
266,good-rod,soulsilver,50
266,super-rod,heartgold,75
266,super-rod,soulsilver,75
266,surf,heartgold,15
266,surf,soulsilver,15
267,walk,heartgold,10
267,walk,soulsilver,10
267,rock-smash,heartgold,30
267,rock-smash,soulsilver,30
268,walk,heartgold,5
268,walk,soulsilver,5
269,walk,heartgold,25
269,walk,soulsilver,25
269,old-rod,heartgold,25
269,old-rod,soulsilver,25
269,good-rod,heartgold,50
269,good-rod,soulsilver,50
269,super-rod,heartgold,75
269,super-rod,soulsilver,75
269,surf,heartgold,10
269,surf,soulsilver,10
270,walk,heartgold,10
270,walk,soulsilver,10
270,old-rod,heartgold,25
270,old-rod,soulsilver,25
270,good-rod,heartgold,50
270,good-rod,soulsilver,50
270,super-rod,heartgold,75
270,super-rod,soulsilver,75
270,surf,heartgold,10
270,surf,soulsilver,10
271,walk,heartgold,20
271,walk,soulsilver,20
272,walk,heartgold,10
272,walk,soulsilver,10
273,walk,heartgold,20
273,walk,soulsilver,20
273,old-rod,heartgold,25
273,old-rod,soulsilver,25
273,good-rod,heartgold,50
273,good-rod,soulsilver,50
273,super-rod,heartgold,75
273,super-rod,soulsilver,75
273,surf,heartgold,10
273,surf,soulsilver,10
275,walk,heartgold,20
275,walk,soulsilver,20
275,old-rod,heartgold,100
275,old-rod,soulsilver,100
275,good-rod,heartgold,100
275,good-rod,soulsilver,100
275,super-rod,heartgold,100
275,super-rod,soulsilver,100
275,surf,heartgold,15
275,surf,soulsilver,15
276,walk,firered,21
276,walk,leafgreen,21
276,old-rod,firered,60
276,old-rod,leafgreen,60
276,old-rod,heartgold,25
276,old-rod,soulsilver,25
276,good-rod,firered,60
276,good-rod,leafgreen,60
276,good-rod,heartgold,50
276,good-rod,soulsilver,50
276,super-rod,firered,60
276,super-rod,leafgreen,60
276,super-rod,heartgold,75
276,super-rod,soulsilver,75
276,surf,firered,2
276,surf,leafgreen,2
276,surf,heartgold,15
276,surf,soulsilver,15
277,old-rod,firered,20
277,old-rod,leafgreen,20
277,old-rod,heartgold,25
277,old-rod,soulsilver,25
277,good-rod,firered,20
277,good-rod,leafgreen,20
277,good-rod,heartgold,50
277,good-rod,soulsilver,50
277,super-rod,firered,20
277,super-rod,leafgreen,20
277,super-rod,heartgold,75
277,super-rod,soulsilver,75
277,surf,firered,2
277,surf,leafgreen,2
277,surf,heartgold,10
277,surf,soulsilver,10
277,rock-smash,heartgold,30
277,rock-smash,soulsilver,30
278,old-rod,firered,20
278,old-rod,leafgreen,20
278,old-rod,heartgold,25
278,old-rod,soulsilver,25
278,good-rod,firered,20
278,good-rod,leafgreen,20
278,good-rod,heartgold,50
278,good-rod,soulsilver,50
278,super-rod,firered,20
278,super-rod,leafgreen,20
278,super-rod,heartgold,75
278,super-rod,soulsilver,75
278,surf,firered,2
278,surf,leafgreen,2
278,surf,heartgold,10
278,surf,soulsilver,10
279,old-rod,firered,10
279,old-rod,leafgreen,10
279,old-rod,heartgold,25
279,old-rod,soulsilver,25
279,good-rod,firered,10
279,good-rod,leafgreen,10
279,good-rod,heartgold,50
279,good-rod,soulsilver,50
279,super-rod,firered,10
279,super-rod,leafgreen,10
279,super-rod,heartgold,75
279,super-rod,soulsilver,75
279,surf,firered,1
279,surf,leafgreen,1
279,surf,heartgold,15
279,surf,soulsilver,15
280,old-rod,firered,10
280,old-rod,leafgreen,10
280,old-rod,heartgold,25
280,old-rod,soulsilver,25
280,good-rod,firered,10
280,good-rod,leafgreen,10
280,good-rod,heartgold,50
280,good-rod,soulsilver,50
280,super-rod,firered,10
280,super-rod,leafgreen,10
280,super-rod,heartgold,75
280,super-rod,soulsilver,75
280,surf,firered,1
280,surf,leafgreen,1
280,surf,heartgold,15
280,surf,soulsilver,15
281,old-rod,firered,10
281,old-rod,leafgreen,10
281,old-rod,heartgold,25
281,old-rod,soulsilver,25
281,good-rod,firered,10
281,good-rod,leafgreen,10
281,good-rod,heartgold,50
281,good-rod,soulsilver,50
281,super-rod,firered,10
281,super-rod,leafgreen,10
281,super-rod,heartgold,75
281,super-rod,soulsilver,75
281,surf,firered,1
281,surf,leafgreen,1
281,surf,heartgold,10
281,surf,soulsilver,10
282,old-rod,firered,10
282,old-rod,leafgreen,10
282,old-rod,heartgold,25
282,old-rod,soulsilver,25
282,good-rod,firered,10
282,good-rod,leafgreen,10
282,good-rod,heartgold,50
282,good-rod,soulsilver,50
282,super-rod,firered,10
282,super-rod,leafgreen,10
282,super-rod,heartgold,75
282,super-rod,soulsilver,75
282,surf,firered,1
282,surf,leafgreen,1
282,surf,heartgold,15
282,surf,soulsilver,15
282,rock-smash,heartgold,40
282,rock-smash,soulsilver,40
283,old-rod,firered,10
283,old-rod,leafgreen,10
283,good-rod,firered,10
283,good-rod,leafgreen,10
283,super-rod,firered,10
283,super-rod,leafgreen,10
283,surf,firered,1
283,surf,leafgreen,1
283,surf,heartgold,15
283,surf,soulsilver,15
284,old-rod,firered,10
284,old-rod,leafgreen,10
284,old-rod,heartgold,25
284,old-rod,soulsilver,25
284,good-rod,firered,10
284,good-rod,leafgreen,10
284,good-rod,heartgold,50
284,good-rod,soulsilver,50
284,super-rod,firered,10
284,super-rod,leafgreen,10
284,super-rod,heartgold,75
284,super-rod,soulsilver,75
284,surf,firered,1
284,surf,leafgreen,1
284,surf,heartgold,15
284,surf,soulsilver,15
285,old-rod,firered,10
285,old-rod,leafgreen,10
285,old-rod,heartgold,25
285,old-rod,soulsilver,25
285,good-rod,firered,10
285,good-rod,leafgreen,10
285,good-rod,heartgold,50
285,good-rod,soulsilver,50
285,super-rod,firered,10
285,super-rod,leafgreen,10
285,super-rod,heartgold,75
285,super-rod,soulsilver,75
285,surf,firered,1
285,surf,leafgreen,1
285,surf,heartgold,15
285,surf,soulsilver,15
286,walk,heartgold,25
286,walk,soulsilver,25
287,walk,heartgold,25
287,walk,soulsilver,25
287,old-rod,heartgold,25
287,old-rod,soulsilver,25
287,good-rod,heartgold,50
287,good-rod,soulsilver,50
287,super-rod,heartgold,75
287,super-rod,soulsilver,75
287,surf,heartgold,10
287,surf,soulsilver,10
288,walk,heartgold,25
288,walk,soulsilver,25
288,old-rod,heartgold,25
288,old-rod,soulsilver,25
288,good-rod,heartgold,50
288,good-rod,soulsilver,50
288,super-rod,heartgold,75
288,super-rod,soulsilver,75
288,surf,heartgold,10
288,surf,soulsilver,10
289,walk,heartgold,25
289,walk,soulsilver,25
289,old-rod,heartgold,25
289,old-rod,soulsilver,25
289,good-rod,heartgold,50
289,good-rod,soulsilver,50
289,super-rod,heartgold,75
289,super-rod,soulsilver,75
289,surf,heartgold,10
289,surf,soulsilver,10
290,walk,firered,7
290,walk,leafgreen,7
290,walk,heartgold,15
290,walk,soulsilver,15
291,walk,heartgold,15
291,walk,soulsilver,15
292,walk,firered,7
292,walk,leafgreen,7
292,walk,heartgold,15
292,walk,soulsilver,15
293,walk,firered,7
293,walk,leafgreen,7
293,walk,heartgold,15
293,walk,soulsilver,15
293,rock-smash,firered,50
293,rock-smash,leafgreen,50
293,rock-smash,heartgold,20
293,rock-smash,soulsilver,20
294,walk,heartgold,10
294,walk,soulsilver,10
295,walk,firered,21
295,walk,leafgreen,21
295,walk,heartgold,20
295,walk,soulsilver,20
296,walk,firered,21
296,walk,leafgreen,21
296,walk,heartgold,20
296,walk,soulsilver,20
297,walk,firered,21
297,walk,leafgreen,21
297,walk,heartgold,20
297,walk,soulsilver,20
298,walk,firered,21
298,walk,leafgreen,21
298,walk,heartgold,20
298,walk,soulsilver,20
298,old-rod,firered,20
298,old-rod,leafgreen,20
298,old-rod,heartgold,25
298,old-rod,soulsilver,25
298,good-rod,firered,20
298,good-rod,leafgreen,20
298,good-rod,heartgold,50
298,good-rod,soulsilver,50
298,super-rod,firered,20
298,super-rod,leafgreen,20
298,super-rod,heartgold,75
298,super-rod,soulsilver,75
298,surf,firered,2
298,surf,leafgreen,2
298,surf,heartgold,15
298,surf,soulsilver,15
299,walk,firered,21
299,walk,leafgreen,21
299,walk,heartgold,20
299,walk,soulsilver,20
300,walk,firered,21
300,walk,leafgreen,21
300,walk,heartgold,20
300,walk,soulsilver,20
300,old-rod,firered,20
300,old-rod,leafgreen,20
300,old-rod,heartgold,25
300,old-rod,soulsilver,25
300,good-rod,firered,20
300,good-rod,leafgreen,20
300,good-rod,heartgold,50
300,good-rod,soulsilver,50
300,super-rod,firered,20
300,super-rod,leafgreen,20
300,super-rod,heartgold,75
300,super-rod,soulsilver,75
300,surf,firered,2
300,surf,leafgreen,2
300,surf,heartgold,15
300,surf,soulsilver,15
301,walk,firered,21
301,walk,leafgreen,21
301,walk,heartgold,20
301,walk,soulsilver,20
302,walk,firered,21
302,walk,leafgreen,21
302,walk,heartgold,20
302,walk,soulsilver,20
303,walk,firered,21
303,walk,leafgreen,21
303,walk,heartgold,20
303,walk,soulsilver,20
303,old-rod,heartgold,25
303,old-rod,soulsilver,25
303,good-rod,heartgold,50
303,good-rod,soulsilver,50
303,super-rod,heartgold,75
303,super-rod,soulsilver,75
303,surf,heartgold,15
303,surf,soulsilver,15
304,walk,firered,21
304,walk,leafgreen,21
304,walk,heartgold,20
304,walk,soulsilver,20
304,old-rod,firered,20
304,old-rod,leafgreen,20
304,old-rod,heartgold,25
304,old-rod,soulsilver,25
304,good-rod,firered,20
304,good-rod,leafgreen,20
304,good-rod,heartgold,50
304,good-rod,soulsilver,50
304,super-rod,firered,20
304,super-rod,leafgreen,20
304,super-rod,heartgold,75
304,super-rod,soulsilver,75
304,surf,firered,2
304,surf,leafgreen,2
304,surf,heartgold,15
304,surf,soulsilver,15
305,walk,firered,21
305,walk,leafgreen,21
305,walk,heartgold,20
305,walk,soulsilver,20
305,old-rod,firered,20
305,old-rod,leafgreen,20
305,good-rod,firered,20
305,good-rod,leafgreen,20
305,super-rod,firered,20
305,super-rod,leafgreen,20
305,surf,firered,2
305,surf,leafgreen,2
306,walk,firered,21
306,walk,leafgreen,21
306,walk,heartgold,20
306,walk,soulsilver,20
306,old-rod,firered,20
306,old-rod,leafgreen,20
306,old-rod,heartgold,25
306,old-rod,soulsilver,25
306,good-rod,firered,20
306,good-rod,leafgreen,20
306,good-rod,heartgold,50
306,good-rod,soulsilver,50
306,super-rod,firered,20
306,super-rod,leafgreen,20
306,super-rod,heartgold,75
306,super-rod,soulsilver,75
306,surf,firered,2
306,surf,leafgreen,2
306,surf,heartgold,15
306,surf,soulsilver,15
307,walk,firered,21
307,walk,leafgreen,21
307,walk,heartgold,20
307,walk,soulsilver,20
308,walk,firered,21
308,walk,leafgreen,21
308,walk,heartgold,20
308,walk,soulsilver,20
309,walk,firered,21
309,walk,leafgreen,21
309,walk,heartgold,20
309,walk,soulsilver,20
310,walk,firered,21
310,walk,leafgreen,21
310,walk,heartgold,20
310,walk,soulsilver,20
311,walk,firered,21
311,walk,leafgreen,21
311,walk,heartgold,20
311,walk,soulsilver,20
312,walk,firered,14
312,walk,leafgreen,14
312,walk,heartgold,20
312,walk,soulsilver,20
312,old-rod,firered,20
312,old-rod,leafgreen,20
312,old-rod,heartgold,25
312,old-rod,soulsilver,25
312,good-rod,firered,20
312,good-rod,leafgreen,20
312,good-rod,heartgold,50
312,good-rod,soulsilver,50
312,super-rod,firered,20
312,super-rod,leafgreen,20
312,super-rod,heartgold,75
312,super-rod,soulsilver,75
312,surf,firered,2
312,surf,leafgreen,2
312,surf,heartgold,10
312,surf,soulsilver,10
313,walk,firered,21
313,walk,leafgreen,21
313,walk,heartgold,20
313,walk,soulsilver,20
313,old-rod,firered,20
313,old-rod,leafgreen,20
313,old-rod,heartgold,25
313,old-rod,soulsilver,25
313,good-rod,firered,20
313,good-rod,leafgreen,20
313,good-rod,heartgold,50
313,good-rod,soulsilver,50
313,super-rod,firered,20
313,super-rod,leafgreen,20
313,super-rod,heartgold,75
313,super-rod,soulsilver,75
313,surf,firered,2
313,surf,leafgreen,2
313,surf,heartgold,10
313,surf,soulsilver,10
314,walk,firered,21
314,walk,leafgreen,21
314,walk,heartgold,20
314,walk,soulsilver,20
314,old-rod,firered,20
314,old-rod,leafgreen,20
314,old-rod,heartgold,25
314,old-rod,soulsilver,25
314,good-rod,firered,20
314,good-rod,leafgreen,20
314,good-rod,heartgold,50
314,good-rod,soulsilver,50
314,super-rod,firered,20
314,super-rod,leafgreen,20
314,super-rod,heartgold,75
314,super-rod,soulsilver,75
314,surf,firered,2
314,surf,leafgreen,2
314,surf,heartgold,10
314,surf,soulsilver,10
315,walk,firered,21
315,walk,leafgreen,21
315,walk,heartgold,20
315,walk,soulsilver,20
315,old-rod,firered,20
315,old-rod,leafgreen,20
315,old-rod,heartgold,25
315,old-rod,soulsilver,25
315,good-rod,firered,20
315,good-rod,leafgreen,20
315,good-rod,heartgold,50
315,good-rod,soulsilver,50
315,super-rod,firered,20
315,super-rod,leafgreen,20
315,super-rod,heartgold,75
315,super-rod,soulsilver,75
315,surf,firered,2
315,surf,leafgreen,2
315,surf,heartgold,10
315,surf,soulsilver,10
316,walk,heartgold,15
316,walk,soulsilver,15
316,old-rod,heartgold,25
316,old-rod,soulsilver,25
316,good-rod,heartgold,50
316,good-rod,soulsilver,50
316,super-rod,heartgold,75
316,super-rod,soulsilver,75
316,surf,heartgold,10
316,surf,soulsilver,10
317,walk,firered,5
317,walk,leafgreen,5
317,walk,heartgold,10
317,walk,soulsilver,10
318,walk,heartgold,10
318,walk,soulsilver,10
319,walk,heartgold,10
319,walk,soulsilver,10
319,rock-smash,heartgold,40
319,rock-smash,soulsilver,40
320,walk,heartgold,20
320,walk,soulsilver,20
321,walk,firered,14
321,walk,leafgreen,14
321,walk,heartgold,15
321,walk,soulsilver,15
323,walk,firered,7
323,walk,leafgreen,7
323,walk,heartgold,10
323,walk,soulsilver,10
323,old-rod,firered,20
323,old-rod,leafgreen,20
323,old-rod,heartgold,25
323,old-rod,soulsilver,25
323,good-rod,firered,20
323,good-rod,leafgreen,20
323,good-rod,heartgold,50
323,good-rod,soulsilver,50
323,super-rod,firered,20
323,super-rod,leafgreen,20
323,super-rod,heartgold,75
323,super-rod,soulsilver,75
323,surf,firered,2
323,surf,leafgreen,2
323,surf,heartgold,10
323,surf,soulsilver,10
323,rock-smash,firered,50
323,rock-smash,leafgreen,50
323,rock-smash,heartgold,5
323,rock-smash,soulsilver,5
324,walk,firered,7
324,walk,leafgreen,7
324,walk,heartgold,10
324,walk,soulsilver,10
324,old-rod,heartgold,25
324,old-rod,soulsilver,25
324,good-rod,heartgold,50
324,good-rod,soulsilver,50
324,super-rod,heartgold,75
324,super-rod,soulsilver,75
324,surf,heartgold,10
324,surf,soulsilver,10
324,rock-smash,firered,50
324,rock-smash,leafgreen,50
325,walk,firered,7
325,walk,leafgreen,7
325,walk,heartgold,10
325,walk,soulsilver,10
325,old-rod,firered,20
325,old-rod,leafgreen,20
325,old-rod,heartgold,25
325,old-rod,soulsilver,25
325,good-rod,firered,20
325,good-rod,leafgreen,20
325,good-rod,heartgold,50
325,good-rod,soulsilver,50
325,super-rod,firered,20
325,super-rod,leafgreen,20
325,super-rod,heartgold,75
325,super-rod,soulsilver,75
325,surf,firered,2
325,surf,leafgreen,2
325,surf,heartgold,10
325,surf,soulsilver,10
325,rock-smash,firered,50
325,rock-smash,leafgreen,50
325,rock-smash,heartgold,5
325,rock-smash,soulsilver,5
326,walk,firered,5
326,walk,leafgreen,5
327,walk,firered,7
327,walk,leafgreen,7
329,walk,firered,21
329,walk,leafgreen,21
329,old-rod,firered,20
329,old-rod,leafgreen,20
329,good-rod,firered,20
329,good-rod,leafgreen,20
329,super-rod,firered,20
329,super-rod,leafgreen,20
329,surf,firered,2
329,surf,leafgreen,2
330,walk,firered,7
330,walk,leafgreen,7
331,walk,firered,7
331,walk,leafgreen,7
332,walk,firered,7
332,walk,leafgreen,7
333,walk,firered,7
333,walk,leafgreen,7
336,walk,firered,2
336,walk,leafgreen,2
337,walk,firered,4
337,walk,leafgreen,4
338,walk,firered,6
338,walk,leafgreen,6
339,walk,firered,8
339,walk,leafgreen,8
340,walk,firered,10
340,walk,leafgreen,10
341,walk,firered,7
341,walk,leafgreen,7
342,walk,firered,7
342,walk,leafgreen,7
343,walk,firered,7
343,walk,leafgreen,7
344,walk,firered,5
344,walk,leafgreen,5
345,walk,firered,21
345,walk,leafgreen,21
345,old-rod,firered,20
345,old-rod,leafgreen,20
345,good-rod,firered,20
345,good-rod,leafgreen,20
345,super-rod,firered,20
345,super-rod,leafgreen,20
345,surf,firered,2
345,surf,leafgreen,2
346,walk,firered,21
346,walk,leafgreen,21
346,old-rod,firered,20
346,old-rod,leafgreen,20
346,good-rod,firered,20
346,good-rod,leafgreen,20
346,super-rod,firered,20
346,super-rod,leafgreen,20
346,surf,firered,2
346,surf,leafgreen,2
347,walk,firered,21
347,walk,leafgreen,21
347,old-rod,firered,20
347,old-rod,leafgreen,20
347,good-rod,firered,20
347,good-rod,leafgreen,20
347,super-rod,firered,20
347,super-rod,leafgreen,20
347,surf,firered,2
347,surf,leafgreen,2
348,walk,firered,21
348,walk,leafgreen,21
348,old-rod,firered,20
348,old-rod,leafgreen,20
348,good-rod,firered,20
348,good-rod,leafgreen,20
348,super-rod,firered,20
348,super-rod,leafgreen,20
348,surf,firered,2
348,surf,leafgreen,2
350,old-rod,ruby,10
350,old-rod,sapphire,10
350,old-rod,emerald,10
350,good-rod,ruby,10
350,good-rod,sapphire,10
350,good-rod,emerald,10
350,super-rod,ruby,10
350,super-rod,sapphire,10
350,super-rod,emerald,10
350,surf,ruby,1
350,surf,sapphire,1
350,surf,emerald,1
351,old-rod,ruby,10
351,old-rod,sapphire,10
351,old-rod,emerald,10
351,good-rod,ruby,10
351,good-rod,sapphire,10
351,good-rod,emerald,10
351,super-rod,ruby,10
351,super-rod,sapphire,10
351,super-rod,emerald,10
351,surf,ruby,4
351,surf,sapphire,4
351,surf,emerald,4
352,old-rod,ruby,10
352,old-rod,sapphire,10
352,old-rod,emerald,10
352,good-rod,ruby,10
352,good-rod,sapphire,10
352,good-rod,emerald,10
352,super-rod,ruby,10
352,super-rod,sapphire,10
352,super-rod,emerald,10
352,surf,ruby,4
352,surf,sapphire,4
352,surf,emerald,4
353,old-rod,ruby,10
353,old-rod,sapphire,10
353,old-rod,emerald,10
353,good-rod,ruby,10
353,good-rod,sapphire,10
353,good-rod,emerald,10
353,super-rod,ruby,10
353,super-rod,sapphire,10
353,super-rod,emerald,10
353,surf,ruby,4
353,surf,sapphire,4
353,surf,emerald,4
354,old-rod,ruby,10
354,old-rod,sapphire,10
354,old-rod,emerald,10
354,good-rod,ruby,10
354,good-rod,sapphire,10
354,good-rod,emerald,10
354,super-rod,ruby,10
354,super-rod,sapphire,10
354,super-rod,emerald,10
354,surf,ruby,1
354,surf,sapphire,1
354,surf,emerald,1
355,old-rod,ruby,10
355,old-rod,sapphire,10
355,old-rod,emerald,10
355,good-rod,ruby,10
355,good-rod,sapphire,10
355,good-rod,emerald,10
355,super-rod,ruby,10
355,super-rod,sapphire,10
355,super-rod,emerald,10
355,surf,ruby,4
355,surf,sapphire,4
355,surf,emerald,4
356,walk,ruby,10
356,walk,sapphire,10
356,walk,emerald,10
356,old-rod,ruby,30
356,old-rod,sapphire,30
356,old-rod,emerald,30
356,good-rod,ruby,30
356,good-rod,sapphire,30
356,good-rod,emerald,30
356,super-rod,ruby,30
356,super-rod,sapphire,30
356,super-rod,emerald,30
356,surf,ruby,4
356,surf,sapphire,4
356,surf,emerald,4
357,walk,ruby,10
357,walk,sapphire,10
357,walk,emerald,10
357,old-rod,ruby,30
357,old-rod,sapphire,30
357,old-rod,emerald,30
357,good-rod,ruby,30
357,good-rod,sapphire,30
357,good-rod,emerald,30
357,super-rod,ruby,30
357,super-rod,sapphire,30
357,super-rod,emerald,30
357,surf,ruby,4
357,surf,sapphire,4
357,surf,emerald,4
358,walk,ruby,10
358,walk,sapphire,10
358,walk,emerald,10
358,old-rod,ruby,30
358,old-rod,sapphire,30
358,old-rod,emerald,30
358,good-rod,ruby,30
358,good-rod,sapphire,30
358,good-rod,emerald,30
358,super-rod,ruby,30
358,super-rod,sapphire,30
358,super-rod,emerald,30
358,surf,ruby,4
358,surf,sapphire,4
358,surf,emerald,4
359,walk,ruby,10
359,walk,sapphire,10
359,walk,emerald,10
359,old-rod,ruby,30
359,old-rod,sapphire,30
359,old-rod,emerald,30
359,good-rod,ruby,30
359,good-rod,sapphire,30
359,good-rod,emerald,30
359,super-rod,ruby,30
359,super-rod,sapphire,30
359,super-rod,emerald,30
359,surf,ruby,4
359,surf,sapphire,4
359,surf,emerald,4
360,walk,ruby,10
360,walk,sapphire,10
360,walk,emerald,10
361,walk,ruby,10
361,walk,sapphire,10
361,walk,emerald,10
362,walk,ruby,10
362,walk,sapphire,10
362,walk,emerald,10
363,walk,ruby,10
363,walk,sapphire,10
363,walk,emerald,10
363,rock-smash,ruby,20
363,rock-smash,sapphire,20
363,rock-smash,emerald,20
364,walk,ruby,10
364,walk,sapphire,10
364,walk,emerald,10
365,walk,ruby,20
365,walk,sapphire,20
365,walk,emerald,20
366,walk,ruby,20
366,walk,sapphire,20
366,walk,emerald,20
367,walk,ruby,10
367,walk,sapphire,10
367,walk,emerald,10
368,walk,ruby,10
368,walk,sapphire,10
368,walk,emerald,10
369,walk,ruby,10
369,walk,sapphire,10
369,walk,emerald,10
370,walk,ruby,10
370,walk,sapphire,10
370,walk,emerald,10
371,walk,ruby,10
371,walk,sapphire,10
371,walk,emerald,10
372,walk,ruby,10
372,walk,sapphire,10
372,walk,emerald,10
373,walk,ruby,10
373,walk,sapphire,10
373,walk,emerald,10
374,walk,ruby,10
374,walk,sapphire,10
374,walk,emerald,10
375,walk,ruby,10
375,walk,sapphire,10
375,walk,emerald,10
376,walk,ruby,4
376,walk,sapphire,4
376,walk,emerald,4
376,old-rod,ruby,10
376,old-rod,sapphire,10
376,old-rod,emerald,10
376,good-rod,ruby,10
376,good-rod,sapphire,10
376,good-rod,emerald,10
376,super-rod,ruby,10
376,super-rod,sapphire,10
376,super-rod,emerald,10
376,surf,ruby,4
376,surf,sapphire,4
376,surf,emerald,4
377,walk,ruby,4
377,walk,sapphire,4
377,walk,emerald,4
378,walk,ruby,4
378,walk,sapphire,4
378,walk,emerald,4
379,walk,ruby,4
379,walk,sapphire,4
379,walk,emerald,4
380,walk,ruby,4
380,walk,sapphire,4
380,walk,emerald,4
381,walk,ruby,4
381,walk,sapphire,4
381,walk,emerald,4
382,walk,ruby,10
382,walk,sapphire,10
382,walk,emerald,10
383,walk,ruby,10
383,walk,sapphire,10
383,walk,emerald,10
383,rock-smash,ruby,20
383,rock-smash,sapphire,20
383,rock-smash,emerald,20
384,walk,ruby,10
384,walk,sapphire,10
384,walk,emerald,10
384,old-rod,ruby,30
384,old-rod,sapphire,30
384,old-rod,emerald,30
384,good-rod,ruby,30
384,good-rod,sapphire,30
384,good-rod,emerald,30
384,super-rod,ruby,30
384,super-rod,sapphire,30
384,super-rod,emerald,30
384,surf,ruby,4
384,surf,sapphire,4
384,surf,emerald,4
385,walk,ruby,10
385,walk,sapphire,10
385,walk,emerald,10
385,old-rod,ruby,10
385,old-rod,sapphire,10
385,old-rod,emerald,10
385,good-rod,ruby,10
385,good-rod,sapphire,10
385,good-rod,emerald,10
385,super-rod,ruby,10
385,super-rod,sapphire,10
385,super-rod,emerald,10
385,surf,ruby,4
385,surf,sapphire,4
385,surf,emerald,4
386,walk,ruby,10
386,walk,sapphire,10
386,walk,emerald,10
387,walk,ruby,10
387,walk,sapphire,10
387,walk,emerald,10
388,walk,ruby,10
388,walk,sapphire,10
388,walk,emerald,10
389,old-rod,ruby,20
389,old-rod,sapphire,20
389,old-rod,emerald,20
389,good-rod,ruby,20
389,good-rod,sapphire,20
389,good-rod,emerald,20
389,super-rod,ruby,20
389,super-rod,sapphire,20
389,super-rod,emerald,20
389,surf,ruby,4
389,surf,sapphire,4
389,surf,emerald,4
390,walk,ruby,10
390,walk,sapphire,10
390,walk,emerald,10
391,walk,ruby,10
391,walk,sapphire,10
391,walk,emerald,10
392,walk,ruby,10
392,walk,sapphire,10
392,walk,emerald,10
393,walk,ruby,20
393,walk,sapphire,20
393,walk,emerald,20
394,walk,ruby,20
394,walk,sapphire,20
394,walk,emerald,20
394,old-rod,ruby,30
394,old-rod,sapphire,30
394,old-rod,emerald,30
394,good-rod,ruby,30
394,good-rod,sapphire,30
394,good-rod,emerald,30
394,super-rod,ruby,30
394,super-rod,sapphire,30
394,super-rod,emerald,30
394,surf,ruby,4
394,surf,sapphire,4
394,surf,emerald,4
395,walk,ruby,20
395,walk,sapphire,20
395,walk,emerald,20
395,old-rod,ruby,30
395,old-rod,sapphire,30
395,old-rod,emerald,30
395,good-rod,ruby,30
395,good-rod,sapphire,30
395,good-rod,emerald,30
395,super-rod,ruby,30
395,super-rod,sapphire,30
395,super-rod,emerald,30
395,surf,ruby,4
395,surf,sapphire,4
395,surf,emerald,4
396,walk,ruby,20
396,walk,sapphire,20
396,walk,emerald,20
396,old-rod,ruby,30
396,old-rod,sapphire,30
396,old-rod,emerald,30
396,good-rod,ruby,30
396,good-rod,sapphire,30
396,good-rod,emerald,30
396,super-rod,ruby,30
396,super-rod,sapphire,30
396,super-rod,emerald,30
396,surf,ruby,4
396,surf,sapphire,4
396,surf,emerald,4
397,old-rod,ruby,30
397,old-rod,sapphire,30
397,old-rod,emerald,30
397,good-rod,ruby,30
397,good-rod,sapphire,30
397,good-rod,emerald,30
397,super-rod,ruby,30
397,super-rod,sapphire,30
397,super-rod,emerald,30
397,surf,ruby,4
397,surf,sapphire,4
397,surf,emerald,4
398,old-rod,ruby,30
398,old-rod,sapphire,30
398,old-rod,emerald,30
398,good-rod,ruby,30
398,good-rod,sapphire,30
398,good-rod,emerald,30
398,super-rod,ruby,30
398,super-rod,sapphire,30
398,super-rod,emerald,30
398,surf,ruby,4
398,surf,sapphire,4
398,surf,emerald,4
399,old-rod,ruby,30
399,old-rod,sapphire,30
399,old-rod,emerald,30
399,good-rod,ruby,30
399,good-rod,sapphire,30
399,good-rod,emerald,30
399,super-rod,ruby,30
399,super-rod,sapphire,30
399,super-rod,emerald,30
399,surf,ruby,4
399,surf,sapphire,4
399,surf,emerald,4
400,old-rod,ruby,30
400,old-rod,sapphire,30
400,old-rod,emerald,30
400,good-rod,ruby,30
400,good-rod,sapphire,30
400,good-rod,emerald,30
400,super-rod,ruby,30
400,super-rod,sapphire,30
400,super-rod,emerald,30
400,surf,ruby,4
400,surf,sapphire,4
400,surf,emerald,4
401,old-rod,ruby,30
401,old-rod,sapphire,30
401,old-rod,emerald,30
401,good-rod,ruby,30
401,good-rod,sapphire,30
401,good-rod,emerald,30
401,super-rod,ruby,30
401,super-rod,sapphire,30
401,super-rod,emerald,30
401,surf,ruby,4
401,surf,sapphire,4
401,surf,emerald,4
402,walk,ruby,20
402,walk,sapphire,20
402,walk,emerald,20
402,old-rod,ruby,30
402,old-rod,sapphire,30
402,old-rod,emerald,30
402,good-rod,ruby,30
402,good-rod,sapphire,30
402,good-rod,emerald,30
402,super-rod,ruby,30
402,super-rod,sapphire,30
402,super-rod,emerald,30
402,surf,ruby,4
402,surf,sapphire,4
402,surf,emerald,4
403,walk,ruby,10
403,walk,sapphire,10
403,walk,emerald,10
403,old-rod,ruby,30
403,old-rod,sapphire,30
403,old-rod,emerald,30
403,good-rod,ruby,30
403,good-rod,sapphire,30
403,good-rod,emerald,30
403,super-rod,ruby,30
403,super-rod,sapphire,30
403,super-rod,emerald,30
403,surf,ruby,4
403,surf,sapphire,4
403,surf,emerald,4
403,rock-smash,ruby,20
403,rock-smash,sapphire,20
403,rock-smash,emerald,20
404,walk,ruby,20
404,walk,sapphire,20
404,walk,emerald,20
405,walk,ruby,20
405,walk,sapphire,20
405,walk,emerald,20
406,walk,ruby,20
406,walk,sapphire,20
406,walk,emerald,20
406,old-rod,ruby,30
406,old-rod,sapphire,30
406,old-rod,emerald,30
406,good-rod,ruby,30
406,good-rod,sapphire,30
406,good-rod,emerald,30
406,super-rod,ruby,30
406,super-rod,sapphire,30
406,super-rod,emerald,30
406,surf,ruby,4
406,surf,sapphire,4
406,surf,emerald,4
406,rock-smash,ruby,20
406,rock-smash,sapphire,20
406,rock-smash,emerald,20
407,walk,ruby,20
407,walk,sapphire,20
407,walk,emerald,20
407,old-rod,ruby,30
407,old-rod,sapphire,30
407,old-rod,emerald,30
407,good-rod,ruby,30
407,good-rod,sapphire,30
407,good-rod,emerald,30
407,super-rod,ruby,30
407,super-rod,sapphire,30
407,super-rod,emerald,30
407,surf,ruby,4
407,surf,sapphire,4
407,surf,emerald,4
408,walk,ruby,20
408,walk,sapphire,20
408,walk,emerald,20
409,walk,ruby,20
409,walk,sapphire,20
409,walk,emerald,20
409,old-rod,ruby,30
409,old-rod,sapphire,30
409,old-rod,emerald,30
409,good-rod,ruby,30
409,good-rod,sapphire,30
409,good-rod,emerald,30
409,super-rod,ruby,30
409,super-rod,sapphire,30
409,super-rod,emerald,30
409,surf,ruby,4
409,surf,sapphire,4
409,surf,emerald,4
410,walk,ruby,20
410,walk,sapphire,20
410,walk,emerald,20
410,old-rod,ruby,30
410,old-rod,sapphire,30
410,old-rod,emerald,30
410,good-rod,ruby,30
410,good-rod,sapphire,30
410,good-rod,emerald,30
410,super-rod,ruby,30
410,super-rod,sapphire,30
410,super-rod,emerald,30
410,surf,ruby,4
410,surf,sapphire,4
410,surf,emerald,4
411,walk,ruby,15
411,walk,sapphire,15
411,walk,emerald,15
411,old-rod,ruby,30
411,old-rod,sapphire,30
411,old-rod,emerald,30
411,good-rod,ruby,30
411,good-rod,sapphire,30
411,good-rod,emerald,30
411,super-rod,ruby,30
411,super-rod,sapphire,30
411,super-rod,emerald,30
411,surf,ruby,4
411,surf,sapphire,4
411,surf,emerald,4
412,walk,ruby,20
412,walk,sapphire,20
412,walk,emerald,20
412,old-rod,ruby,30
412,old-rod,sapphire,30
412,old-rod,emerald,30
412,good-rod,ruby,30
412,good-rod,sapphire,30
412,good-rod,emerald,30
412,super-rod,ruby,30
412,super-rod,sapphire,30
412,super-rod,emerald,30
412,surf,ruby,4
412,surf,sapphire,4
412,surf,emerald,4
413,walk,ruby,20
413,walk,sapphire,20
413,walk,emerald,20
413,old-rod,ruby,30
413,old-rod,sapphire,30
413,old-rod,emerald,30
413,good-rod,ruby,30
413,good-rod,sapphire,30
413,good-rod,emerald,30
413,super-rod,ruby,30
413,super-rod,sapphire,30
413,super-rod,emerald,30
413,surf,ruby,4
413,surf,sapphire,4
413,surf,emerald,4
414,old-rod,ruby,30
414,old-rod,sapphire,30
414,old-rod,emerald,30
414,good-rod,ruby,30
414,good-rod,sapphire,30
414,good-rod,emerald,30
414,super-rod,ruby,30
414,super-rod,sapphire,30
414,super-rod,emerald,30
414,surf,ruby,4
414,surf,sapphire,4
414,surf,emerald,4
415,walk,ruby,20
415,walk,sapphire,20
415,walk,emerald,20
415,old-rod,ruby,30
415,old-rod,sapphire,30
415,old-rod,emerald,30
415,good-rod,ruby,30
415,good-rod,sapphire,30
415,good-rod,emerald,30
415,super-rod,ruby,30
415,super-rod,sapphire,30
415,super-rod,emerald,30
415,surf,ruby,4
415,surf,sapphire,4
415,surf,emerald,4
416,old-rod,ruby,30
416,old-rod,sapphire,30
416,old-rod,emerald,30
416,good-rod,ruby,30
416,good-rod,sapphire,30
416,good-rod,emerald,30
416,super-rod,ruby,30
416,super-rod,sapphire,30
416,super-rod,emerald,30
416,surf,ruby,4
416,surf,sapphire,4
416,surf,emerald,4
417,surf,ruby,4
417,surf,sapphire,4
417,surf,emerald,4
418,old-rod,ruby,30
418,old-rod,sapphire,30
418,old-rod,emerald,30
418,good-rod,ruby,30
418,good-rod,sapphire,30
418,good-rod,emerald,30
418,super-rod,ruby,30
418,super-rod,sapphire,30
418,super-rod,emerald,30
418,surf,ruby,4
418,surf,sapphire,4
418,surf,emerald,4
419,old-rod,ruby,30
419,old-rod,sapphire,30
419,old-rod,emerald,30
419,good-rod,ruby,30
419,good-rod,sapphire,30
419,good-rod,emerald,30
419,super-rod,ruby,30
419,super-rod,sapphire,30
419,super-rod,emerald,30
419,surf,ruby,4
419,surf,sapphire,4
419,surf,emerald,4
420,surf,ruby,4
420,surf,sapphire,4
420,surf,emerald,4
421,old-rod,ruby,30
421,old-rod,sapphire,30
421,old-rod,emerald,30
421,good-rod,ruby,30
421,good-rod,sapphire,30
421,good-rod,emerald,30
421,super-rod,ruby,30
421,super-rod,sapphire,30
421,super-rod,emerald,30
421,surf,ruby,4
421,surf,sapphire,4
421,surf,emerald,4
422,old-rod,ruby,30
422,old-rod,sapphire,30
422,old-rod,emerald,30
422,good-rod,ruby,30
422,good-rod,sapphire,30
422,good-rod,emerald,30
422,super-rod,ruby,30
422,super-rod,sapphire,30
422,super-rod,emerald,30
422,surf,ruby,4
422,surf,sapphire,4
422,surf,emerald,4
423,old-rod,ruby,30
423,old-rod,sapphire,30
423,old-rod,emerald,30
423,good-rod,ruby,30
423,good-rod,sapphire,30
423,good-rod,emerald,30
423,super-rod,ruby,30
423,super-rod,sapphire,30
423,super-rod,emerald,30
423,surf,ruby,4
423,surf,sapphire,4
423,surf,emerald,4
424,walk,ruby,20
424,walk,sapphire,20
424,walk,emerald,20
424,old-rod,ruby,30
424,old-rod,sapphire,30
424,old-rod,emerald,30
424,good-rod,ruby,30
424,good-rod,sapphire,30
424,good-rod,emerald,30
424,super-rod,ruby,30
424,super-rod,sapphire,30
424,super-rod,emerald,30
424,surf,ruby,4
424,surf,sapphire,4
424,surf,emerald,4
425,old-rod,ruby,30
425,old-rod,sapphire,30
425,old-rod,emerald,30
425,good-rod,ruby,30
425,good-rod,sapphire,30
425,good-rod,emerald,30
425,super-rod,ruby,30
425,super-rod,sapphire,30
425,super-rod,emerald,30
425,surf,ruby,4
425,surf,sapphire,4
425,surf,emerald,4
426,old-rod,ruby,30
426,old-rod,sapphire,30
426,old-rod,emerald,30
426,good-rod,ruby,30
426,good-rod,sapphire,30
426,good-rod,emerald,30
426,super-rod,ruby,30
426,super-rod,sapphire,30
426,super-rod,emerald,30
426,surf,ruby,4
426,surf,sapphire,4
426,surf,emerald,4
427,old-rod,ruby,30
427,old-rod,sapphire,30
427,old-rod,emerald,30
427,good-rod,ruby,30
427,good-rod,sapphire,30
427,good-rod,emerald,30
427,super-rod,ruby,30
427,super-rod,sapphire,30
427,super-rod,emerald,30
427,surf,ruby,4
427,surf,sapphire,4
427,surf,emerald,4
428,old-rod,ruby,30
428,old-rod,sapphire,30
428,old-rod,emerald,30
428,good-rod,ruby,30
428,good-rod,sapphire,30
428,good-rod,emerald,30
428,super-rod,ruby,30
428,super-rod,sapphire,30
428,super-rod,emerald,30
428,surf,ruby,4
428,surf,sapphire,4
428,surf,emerald,4
429,walk,ruby,25
429,walk,sapphire,25
429,walk,emerald,25
429,old-rod,ruby,35
429,old-rod,sapphire,35
429,old-rod,emerald,35
429,good-rod,ruby,35
429,good-rod,sapphire,35
429,good-rod,emerald,35
429,super-rod,ruby,35
429,super-rod,sapphire,35
429,super-rod,emerald,35
429,surf,ruby,9
429,surf,sapphire,9
429,surf,emerald,9
430,walk,ruby,25
430,walk,sapphire,25
430,walk,emerald,25
430,rock-smash,ruby,25
430,rock-smash,sapphire,25
430,rock-smash,emerald,25
431,walk,ruby,25
431,walk,sapphire,25
431,walk,emerald,25
431,old-rod,ruby,35
431,old-rod,sapphire,35
431,old-rod,emerald,35
431,good-rod,ruby,35
431,good-rod,sapphire,35
431,good-rod,emerald,35
431,super-rod,ruby,35
431,super-rod,sapphire,35
431,super-rod,emerald,35
431,surf,ruby,9
431,surf,sapphire,9
431,surf,emerald,9
432,walk,ruby,25
432,walk,sapphire,25
432,walk,emerald,25
433,old-rod,ruby,10
433,old-rod,sapphire,10
433,old-rod,emerald,10
433,good-rod,ruby,10
433,good-rod,sapphire,10
433,good-rod,emerald,10
433,super-rod,ruby,10
433,super-rod,sapphire,10
433,super-rod,emerald,10
433,surf,ruby,4
433,surf,sapphire,4
433,surf,emerald,4
434,old-rod,ruby,10
434,old-rod,sapphire,10
434,old-rod,emerald,10
434,good-rod,ruby,10
434,good-rod,sapphire,10
434,good-rod,emerald,10
434,super-rod,ruby,10
434,super-rod,sapphire,10
434,super-rod,emerald,10
434,surf,ruby,4
434,surf,sapphire,4
434,surf,emerald,4
435,walk,emerald,25
435,old-rod,emerald,35
435,good-rod,emerald,35
435,super-rod,emerald,35
435,surf,emerald,9
436,walk,emerald,25
436,rock-smash,emerald,25
437,walk,emerald,10
438,walk,emerald,10
439,walk,emerald,10
440,walk,emerald,10
441,walk,emerald,7
450,walk,firered,7
450,walk,leafgreen,7
451,walk,firered,7
451,walk,leafgreen,7
452,walk,firered,7
452,walk,leafgreen,7
453,walk,firered,7
453,walk,leafgreen,7
454,walk,firered,7
454,walk,leafgreen,7
455,walk,firered,7
455,walk,leafgreen,7
456,walk,firered,7
456,walk,leafgreen,7
461,old-rod,firered,10
461,old-rod,leafgreen,10
461,good-rod,firered,10
461,good-rod,leafgreen,10
461,super-rod,firered,10
461,super-rod,leafgreen,10
461,surf,firered,1
461,surf,leafgreen,1
488,walk,firered,21
488,walk,leafgreen,21
488,rock-smash,firered,50
488,rock-smash,leafgreen,50
489,walk,firered,7
489,walk,leafgreen,7
490,walk,firered,7
490,walk,leafgreen,7
490,rock-smash,firered,50
490,rock-smash,leafgreen,50
491,walk,firered,7
491,walk,leafgreen,7
491,rock-smash,firered,50
491,rock-smash,leafgreen,50
492,walk,firered,7
492,walk,leafgreen,7
492,rock-smash,firered,50
492,rock-smash,leafgreen,50
493,walk,firered,7
493,walk,leafgreen,7
493,rock-smash,firered,50
493,rock-smash,leafgreen,50
494,walk,firered,7
494,walk,leafgreen,7
494,rock-smash,firered,50
494,rock-smash,leafgreen,50
495,walk,firered,21
495,walk,leafgreen,21
495,old-rod,firered,20
495,old-rod,leafgreen,20
495,good-rod,firered,20
495,good-rod,leafgreen,20
495,super-rod,firered,20
495,super-rod,leafgreen,20
495,surf,firered,2
495,surf,leafgreen,2
496,walk,firered,7
496,walk,leafgreen,7
496,old-rod,firered,20
496,old-rod,leafgreen,20
496,good-rod,firered,20
496,good-rod,leafgreen,20
496,super-rod,firered,20
496,super-rod,leafgreen,20
496,surf,firered,2
496,surf,leafgreen,2
497,walk,firered,7
497,walk,leafgreen,7
498,walk,firered,7
498,walk,leafgreen,7
499,walk,firered,7
499,walk,leafgreen,7
499,old-rod,firered,20
499,old-rod,leafgreen,20
499,good-rod,firered,20
499,good-rod,leafgreen,20
499,super-rod,firered,20
499,super-rod,leafgreen,20
499,surf,firered,2
499,surf,leafgreen,2
500,walk,firered,21
500,walk,leafgreen,21
501,walk,firered,1
501,walk,leafgreen,1
502,walk,firered,2
502,walk,leafgreen,2
503,walk,firered,3
503,walk,leafgreen,3
504,walk,firered,4
504,walk,leafgreen,4
505,walk,firered,5
505,walk,leafgreen,5
506,walk,firered,6
506,walk,leafgreen,6
507,walk,firered,7
507,walk,leafgreen,7
508,walk,firered,8
508,walk,leafgreen,8
509,walk,firered,9
509,walk,leafgreen,9
510,walk,firered,10
510,walk,leafgreen,10
511,walk,firered,5
511,walk,leafgreen,5
512,walk,firered,21
512,walk,leafgreen,21
512,old-rod,firered,20
512,old-rod,leafgreen,20
512,good-rod,firered,20
512,good-rod,leafgreen,20
512,super-rod,firered,20
512,super-rod,leafgreen,20
512,surf,firered,2
512,surf,leafgreen,2
512,rock-smash,firered,25
512,rock-smash,leafgreen,25
513,walk,firered,21
513,walk,leafgreen,21
513,old-rod,firered,20
513,old-rod,leafgreen,20
513,good-rod,firered,20
513,good-rod,leafgreen,20
513,super-rod,firered,20
513,super-rod,leafgreen,20
513,surf,firered,2
513,surf,leafgreen,2
514,walk,firered,21
514,walk,leafgreen,21
514,old-rod,firered,20
514,old-rod,leafgreen,20
514,good-rod,firered,20
514,good-rod,leafgreen,20
514,super-rod,firered,20
514,super-rod,leafgreen,20
514,surf,firered,2
514,surf,leafgreen,2
515,walk,firered,21
515,walk,leafgreen,21
515,old-rod,firered,20
515,old-rod,leafgreen,20
515,good-rod,firered,20
515,good-rod,leafgreen,20
515,super-rod,firered,20
515,super-rod,leafgreen,20
515,surf,firered,2
515,surf,leafgreen,2
516,walk,firered,1
516,walk,leafgreen,1
517,old-rod,firered,20
517,old-rod,leafgreen,20
517,good-rod,firered,20
517,good-rod,leafgreen,20
517,super-rod,firered,20
517,super-rod,leafgreen,20
517,surf,firered,2
517,surf,leafgreen,2
518,old-rod,firered,20
518,old-rod,leafgreen,20
518,good-rod,firered,20
518,good-rod,leafgreen,20
518,super-rod,firered,20
518,super-rod,leafgreen,20
518,surf,firered,2
518,surf,leafgreen,2
519,walk,firered,21
519,walk,leafgreen,21
519,old-rod,firered,20
519,old-rod,leafgreen,20
519,good-rod,firered,20
519,good-rod,leafgreen,20
519,super-rod,firered,20
519,super-rod,leafgreen,20
519,surf,firered,2
519,surf,leafgreen,2
520,walk,firered,21
520,walk,leafgreen,21
520,old-rod,firered,20
520,old-rod,leafgreen,20
520,good-rod,firered,20
520,good-rod,leafgreen,20
520,super-rod,firered,20
520,super-rod,leafgreen,20
520,surf,firered,2
520,surf,leafgreen,2
521,old-rod,firered,20
521,old-rod,leafgreen,20
521,good-rod,firered,20
521,good-rod,leafgreen,20
521,super-rod,firered,20
521,super-rod,leafgreen,20
521,surf,firered,2
521,surf,leafgreen,2
522,old-rod,firered,20
522,old-rod,leafgreen,20
522,good-rod,firered,20
522,good-rod,leafgreen,20
522,super-rod,firered,20
522,super-rod,leafgreen,20
522,surf,firered,2
522,surf,leafgreen,2
523,walk,firered,21
523,walk,leafgreen,21
523,old-rod,firered,20
523,old-rod,leafgreen,20
523,good-rod,firered,20
523,good-rod,leafgreen,20
523,super-rod,firered,20
523,super-rod,leafgreen,20
523,surf,firered,2
523,surf,leafgreen,2
524,walk,firered,21
524,walk,leafgreen,21
524,old-rod,firered,20
524,old-rod,leafgreen,20
524,good-rod,firered,20
524,good-rod,leafgreen,20
524,super-rod,firered,20
524,super-rod,leafgreen,20
524,surf,firered,2
524,surf,leafgreen,2
525,old-rod,firered,20
525,old-rod,leafgreen,20
525,good-rod,firered,20
525,good-rod,leafgreen,20
525,super-rod,firered,20
525,super-rod,leafgreen,20
525,surf,firered,2
525,surf,leafgreen,2
526,walk,firered,21
526,walk,leafgreen,21
527,walk,firered,21
527,walk,leafgreen,21
527,rock-smash,firered,25
527,rock-smash,leafgreen,25
528,old-rod,firered,20
528,old-rod,leafgreen,20
528,good-rod,firered,20
528,good-rod,leafgreen,20
528,super-rod,firered,20
528,super-rod,leafgreen,20
528,surf,firered,2
528,surf,leafgreen,2
561,old-rod,firered,10
561,old-rod,leafgreen,10
561,good-rod,firered,10
561,good-rod,leafgreen,10
561,super-rod,firered,10
561,super-rod,leafgreen,10
561,surf,firered,1
561,surf,leafgreen,1
562,old-rod,firered,20
562,old-rod,leafgreen,20
562,good-rod,firered,20
562,good-rod,leafgreen,20
562,super-rod,firered,20
562,super-rod,leafgreen,20
562,surf,firered,2
562,surf,leafgreen,2
563,old-rod,firered,10
563,old-rod,leafgreen,10
563,good-rod,firered,10
563,good-rod,leafgreen,10
563,super-rod,firered,10
563,super-rod,leafgreen,10
563,surf,firered,1
563,surf,leafgreen,1
564,walk,firered,5
564,walk,leafgreen,7
565,walk,firered,5
565,walk,leafgreen,7
566,walk,firered,5
566,walk,leafgreen,7
567,walk,firered,5
567,walk,leafgreen,7
568,walk,firered,5
568,walk,leafgreen,7
569,walk,firered,5
569,walk,leafgreen,7
570,walk,firered,5
570,walk,leafgreen,7
571,walk,firered,5
571,walk,leafgreen,7
572,walk,firered,5
572,walk,leafgreen,7
576,super-rod,black,50
576,super-rod,white,50
576,super-rod,black-2,50
576,super-rod,white-2,50
576,surf,black,3
576,surf,white,3
576,surf,black-2,10
576,surf,white-2,10
577,super-rod,black,50
577,super-rod,white,50
577,surf,black,3
577,surf,white,3
579,walk,black,8
579,walk,white,8
579,walk,black-2,1
579,walk,white-2,1
579,dark-grass,black-2,3
579,dark-grass,white-2,3
580,walk,black,8
580,walk,white,8
580,dark-grass,black-2,3
580,dark-grass,white-2,3
581,walk,black,8
581,walk,white,8
581,walk,black-2,1
581,walk,white-2,1
581,dark-grass,black-2,3
581,dark-grass,white-2,3
582,walk,black,8
582,walk,white,8
582,walk,black-2,1
582,walk,white-2,1
582,super-rod,black,50
582,super-rod,white,50
582,super-rod,black-2,50
582,super-rod,white-2,50
582,surf,black,3
582,surf,white,3
582,surf,black-2,10
582,surf,white-2,10
582,dark-grass,black-2,3
582,dark-grass,white-2,3
583,walk,black,3
583,walk,white,3
583,walk,black-2,9
583,walk,white-2,9
584,walk,black,3
584,walk,white,3
584,walk,black-2,9
584,walk,white-2,9
585,walk,black,3
585,walk,white,3
585,walk,black-2,7
585,walk,white-2,7
586,walk,black,3
586,walk,white,3
587,walk,black,3
587,walk,white,3
587,walk,black-2,7
587,walk,white-2,7
588,walk,black,3
588,walk,white,3
588,walk,black-2,7
588,walk,white-2,7
589,walk,black,8
589,walk,white,8
590,walk,black,3
590,walk,white,3
590,walk,black-2,7
590,walk,white-2,7
591,walk,black,3
591,walk,white,3
591,walk,black-2,7
591,walk,white-2,7
592,walk,black,3
592,walk,white,3
592,walk,black-2,7
592,walk,white-2,7
596,walk,black,3
596,walk,white,3
596,walk,black-2,7
596,walk,white-2,7
597,walk,black,3
597,walk,white,3
597,walk,black-2,7
597,walk,white-2,7
598,walk,black,8
598,walk,white,8
599,walk,black,6
599,walk,white,6
599,super-rod,black,50
599,super-rod,white,50
599,surf,black,3
599,surf,white,3
600,walk,black,3
600,walk,white,3
601,walk,black,3
601,walk,white,3
602,walk,black,3
602,walk,white,3
603,walk,black,3
603,walk,white,3
604,walk,black,6
604,walk,white,6
604,super-rod,black,50
604,super-rod,white,50
604,surf,black,3
604,surf,white,3
605,walk,black,3
605,walk,white,3
606,walk,black,3
606,walk,white,3
607,walk,black,3
607,walk,white,3
608,walk,black,3
608,walk,white,3
609,walk,black,3
609,walk,white,3
610,walk,black,3
610,walk,white,3
611,walk,black,3
611,walk,white,3
612,walk,black,3
612,walk,white,3
613,walk,black,3
613,walk,white,3
614,walk,black,8
614,walk,white,8
614,walk,black-2,1
614,walk,white-2,1
614,dark-grass,black-2,3
614,dark-grass,white-2,3
615,walk,black,3
615,walk,white,3
615,walk,black-2,7
615,walk,white-2,7
615,super-rod,black,50
615,super-rod,white,50
615,super-rod,black-2,50
615,super-rod,white-2,50
615,surf,black,3
615,surf,white,3
615,surf,black-2,10
615,surf,white-2,10
616,walk,black,8
616,walk,white,8
616,walk,black-2,1
616,walk,white-2,1
616,dark-grass,black-2,3
616,dark-grass,white-2,3
617,walk,black,3
617,walk,white,3
617,walk,black-2,1
617,walk,white-2,1
617,super-rod,black,50
617,super-rod,white,50
617,surf,black,3
617,surf,white,3
617,dark-grass,black-2,3
617,dark-grass,white-2,3
618,walk,black,8
618,walk,white,8
618,walk,black-2,1
618,walk,white-2,1
618,super-rod,black,80
618,super-rod,white,80
618,super-rod,black-2,80
618,super-rod,white-2,80
618,surf,black,5
618,surf,white,5
618,surf,black-2,10
618,surf,white-2,10
621,walk,black,8
621,walk,white,8
621,walk,black-2,1
621,walk,white-2,1
621,super-rod,black,50
621,super-rod,white,50
621,super-rod,black-2,50
621,super-rod,white-2,50
621,surf,black,3
621,surf,white,3
621,surf,black-2,10
621,surf,white-2,10
621,dark-grass,black-2,3
621,dark-grass,white-2,3
623,walk,black,8
623,walk,white,8
623,walk,black-2,1
623,walk,white-2,1
623,super-rod,black,50
623,super-rod,white,50
623,super-rod,black-2,50
623,super-rod,white-2,50
623,surf,black,3
623,surf,white,3
623,surf,black-2,10
623,surf,white-2,10
623,dark-grass,black-2,3
623,dark-grass,white-2,3
624,walk,black,8
624,walk,white,8
624,walk,black-2,1
624,walk,white-2,1
625,walk,black,8
625,walk,white,8
625,walk,black-2,1
625,walk,white-2,1
625,super-rod,black,50
625,super-rod,white,50
625,super-rod,black-2,50
625,super-rod,white-2,50
625,surf,black,3
625,surf,white,3
625,surf,black-2,10
625,surf,white-2,10
625,dark-grass,black-2,3
625,dark-grass,white-2,3
626,walk,black,3
626,walk,white,3
626,walk,black-2,7
626,walk,white-2,7
626,super-rod,black,50
626,super-rod,white,50
626,super-rod,black-2,50
626,super-rod,white-2,50
626,surf,black,3
626,surf,white,3
626,surf,black-2,10
626,surf,white-2,10
627,walk,black,3
627,walk,white,3
627,walk,black-2,9
627,walk,white-2,9
627,super-rod,black,50
627,super-rod,white,50
627,super-rod,black-2,50
627,super-rod,white-2,50
627,surf,black,3
627,surf,white,3
627,surf,black-2,10
627,surf,white-2,10
628,walk,black,8
628,walk,white,8
628,walk,black-2,1
628,walk,white-2,1
628,dark-grass,black-2,3
628,dark-grass,white-2,3
630,walk,black,3
630,walk,white,3
630,walk,black-2,7
630,walk,white-2,7
631,walk,black,3
631,walk,white,3
631,walk,black-2,7
631,walk,white-2,7
633,walk,black,3
633,walk,white,3
633,walk,black-2,7
633,walk,white-2,7
634,walk,black,3
634,walk,white,3
634,walk,black-2,7
634,walk,white-2,7
635,walk,black,3
635,walk,white,3
635,walk,black-2,7
635,walk,white-2,7
636,walk,black,3
636,walk,white,3
636,walk,black-2,7
636,walk,white-2,7
639,walk,black,8
639,walk,white,8
639,walk,black-2,1
639,walk,white-2,1
639,dark-grass,black-2,3
639,dark-grass,white-2,3
640,walk,black,3
640,walk,white,3
641,walk,black,3
641,walk,white,3
642,walk,black,3
642,walk,white,3
642,super-rod,black,50
642,super-rod,white,50
642,surf,black,3
642,surf,white,3
643,walk,black,8
643,walk,white,8
644,walk,black,8
644,walk,white,8
645,walk,black,8
645,walk,white,8
645,walk,black-2,1
645,walk,white-2,1
645,super-rod,black,50
645,super-rod,white,50
645,super-rod,black-2,50
645,super-rod,white-2,50
645,surf,black,3
645,surf,white,3
645,surf,black-2,10
645,surf,white-2,10
645,dark-grass,black-2,3
645,dark-grass,white-2,3
646,walk,black,8
646,walk,white,8
646,walk,black-2,1
646,walk,white-2,1
646,dark-grass,black-2,3
646,dark-grass,white-2,3
647,walk,black,8
647,walk,white,8
647,walk,black-2,1
647,walk,white-2,1
647,super-rod,black,50
647,super-rod,white,50
647,super-rod,black-2,50
647,super-rod,white-2,50
647,surf,black,3
647,surf,white,3
647,surf,black-2,10
647,surf,white-2,10
647,dark-grass,black-2,3
647,dark-grass,white-2,3
648,walk,black,8
648,walk,white,8
648,walk,black-2,1
648,walk,white-2,1
648,super-rod,black,50
648,super-rod,white,50
648,super-rod,black-2,50
648,super-rod,white-2,50
648,surf,black,3
648,surf,white,3
648,surf,black-2,10
648,surf,white-2,10
648,dark-grass,black-2,3
648,dark-grass,white-2,3
649,walk,black,8
649,walk,white,8
649,walk,black-2,1
649,walk,white-2,1
649,super-rod,black,50
649,super-rod,white,50
649,super-rod,black-2,50
649,super-rod,white-2,50
649,surf,black,3
649,surf,white,3
649,surf,black-2,10
649,surf,white-2,10
649,dark-grass,black-2,3
649,dark-grass,white-2,3
650,walk,black,8
650,walk,white,8
650,walk,black-2,1
650,walk,white-2,1
650,dark-grass,black-2,3
650,dark-grass,white-2,3
651,walk,black,8
651,walk,white,8
651,walk,black-2,1
651,walk,white-2,1
651,dark-grass,black-2,3
651,dark-grass,white-2,3
652,walk,black,8
652,walk,white,8
652,walk,black-2,1
652,walk,white-2,1
652,super-rod,black,50
652,super-rod,white,50
652,super-rod,black-2,50
652,super-rod,white-2,50
652,surf,black,3
652,surf,white,3
652,surf,black-2,10
652,surf,white-2,10
652,dark-grass,black-2,3
652,dark-grass,white-2,3
653,walk,black,8
653,walk,white,8
653,walk,black-2,1
653,walk,white-2,1
653,super-rod,black,50
653,super-rod,white,50
653,super-rod,black-2,50
653,super-rod,white-2,50
653,surf,black,3
653,surf,white,3
653,surf,black-2,10
653,surf,white-2,10
653,dark-grass,black-2,3
653,dark-grass,white-2,3
654,super-rod,black,50
654,super-rod,white,50
654,super-rod,black-2,50
654,super-rod,white-2,50
654,surf,black,3
654,surf,white,3
654,surf,black-2,10
654,surf,white-2,10
655,super-rod,black,80
655,super-rod,white,80
655,super-rod,black-2,80
655,super-rod,white-2,80
655,surf,black,5
655,surf,white,5
655,surf,black-2,10
655,surf,white-2,10
656,walk,black-2,1
656,walk,white-2,1
656,dark-grass,black-2,3
656,dark-grass,white-2,3
657,super-rod,black-2,50
657,super-rod,white-2,50
657,surf,black-2,10
657,surf,white-2,10
658,super-rod,black-2,50
658,super-rod,white-2,50
658,surf,black-2,10
658,surf,white-2,10
659,super-rod,black-2,50
659,super-rod,white-2,50
659,surf,black-2,10
659,surf,white-2,10
660,walk,black-2,7
660,walk,white-2,7
661,walk,black-2,7
661,walk,white-2,7
661,super-rod,black-2,50
661,super-rod,white-2,50
661,surf,black-2,10
661,surf,white-2,10
662,walk,black-2,1
662,walk,white-2,1
662,dark-grass,black-2,3
662,dark-grass,white-2,3
663,walk,black-2,1
663,walk,white-2,1
663,super-rod,black-2,50
663,super-rod,white-2,50
663,surf,black-2,10
663,surf,white-2,10
663,dark-grass,black-2,3
663,dark-grass,white-2,3
664,walk,black-2,7
664,walk,white-2,7
665,walk,black-2,7
665,walk,white-2,7
665,super-rod,black-2,50
665,super-rod,white-2,50
665,surf,black-2,10
665,surf,white-2,10
666,walk,black-2,1
666,walk,white-2,1
666,dark-grass,black-2,3
666,dark-grass,white-2,3
667,walk,black-2,7
667,walk,white-2,7
668,walk,black-2,7
668,walk,white-2,7
668,super-rod,black-2,50
668,super-rod,white-2,50
668,surf,black-2,10
668,surf,white-2,10
669,walk,black-2,1
669,walk,white-2,1
669,super-rod,black-2,50
669,super-rod,white-2,50
669,surf,black-2,10
669,surf,white-2,10
669,dark-grass,black-2,3
669,dark-grass,white-2,3
670,walk,black-2,7
670,walk,white-2,7
671,walk,black-2,7
671,walk,white-2,7
671,super-rod,black-2,30
671,super-rod,white-2,30
671,surf,black-2,10
671,surf,white-2,10
672,walk,black-2,7
672,walk,white-2,7
672,super-rod,black-2,30
672,super-rod,white-2,30
672,surf,black-2,10
672,surf,white-2,10
673,super-rod,black-2,50
673,super-rod,white-2,50
673,surf,black-2,10
673,surf,white-2,10
674,walk,black-2,2
674,walk,white-2,2
674,super-rod,black-2,50
674,super-rod,white-2,50
674,surf,black-2,10
674,surf,white-2,10
675,walk,black-2,1
675,walk,white-2,1
675,super-rod,black-2,50
675,super-rod,white-2,50
675,surf,black-2,10
675,surf,white-2,10
676,walk,black-2,1
676,walk,white-2,1
676,dark-grass,black-2,3
676,dark-grass,white-2,3
677,walk,black-2,1
677,walk,white-2,1
677,dark-grass,black-2,4
677,dark-grass,white-2,4
678,walk,black-2,7
678,walk,white-2,7
679,walk,black-2,7
679,walk,white-2,7
680,walk,black-2,7
680,walk,white-2,7
681,walk,black-2,7
681,walk,white-2,7
682,walk,black-2,7
682,walk,white-2,7
683,walk,black-2,7
683,walk,white-2,7
684,walk,black-2,7
684,walk,white-2,7
685,walk,black-2,7
685,walk,white-2,7
686,walk,black-2,7
686,walk,white-2,7
687,walk,black-2,7
687,walk,white-2,7
688,walk,black-2,7
688,walk,white-2,7
689,walk,black-2,7
689,walk,white-2,7
690,walk,black-2,7
690,walk,white-2,7
691,walk,black-2,7
691,walk,white-2,7
692,walk,black-2,7
692,walk,white-2,7
693,walk,black-2,7
693,walk,white-2,7
693,super-rod,black-2,50
693,super-rod,white-2,50
693,surf,black-2,10
693,surf,white-2,10
694,walk,black-2,7
694,walk,white-2,7
695,walk,black-2,7
695,walk,white-2,7
695,super-rod,black-2,50
695,super-rod,white-2,50
695,surf,black-2,10
695,surf,white-2,10
696,walk,black-2,7
696,walk,white-2,7
697,walk,black-2,7
697,walk,white-2,7
698,walk,black-2,7
698,walk,white-2,7
699,walk,black-2,7
699,walk,white-2,7
700,walk,black-2,7
700,walk,white-2,7
700,super-rod,black-2,50
700,super-rod,white-2,50
700,surf,black-2,10
700,surf,white-2,10
701,walk,black-2,7
701,walk,white-2,7
702,walk,black-2,1
702,walk,white-2,1
702,super-rod,black-2,50
702,super-rod,white-2,50
702,surf,black-2,10
702,surf,white-2,10
702,dark-grass,black-2,3
702,dark-grass,white-2,3
703,walk,black-2,1
703,walk,white-2,1
703,super-rod,black-2,50
703,super-rod,white-2,50
703,surf,black-2,10
703,surf,white-2,10
705,walk,black-2,1
705,walk,white-2,1
705,super-rod,black-2,50
705,super-rod,white-2,50
705,surf,black-2,10
705,surf,white-2,10
705,dark-grass,black-2,3
705,dark-grass,white-2,3
706,walk,black-2,1
706,walk,white-2,1
706,super-rod,black-2,50
706,super-rod,white-2,50
706,surf,black-2,10
706,surf,white-2,10
706,dark-grass,black-2,3
706,dark-grass,white-2,3
707,super-rod,black-2,80
707,super-rod,white-2,80
707,surf,black-2,10
707,surf,white-2,10
1204,walk,ruby,10
1204,walk,sapphire,10
1204,walk,emerald,10
1205,walk,ruby,10
1205,walk,sapphire,10
1205,walk,emerald,10
1206,walk,ruby,10
1206,walk,sapphire,10
1206,walk,emerald,10
1270,pokespot,xd,90
1294,pokespot,xd,90
1295,pokespot,xd,90
1340,hidden-grotto,black-2,20
1340,hidden-grotto,white-2,20
1341,hidden-grotto,black-2,20
1341,hidden-grotto,white-2,20
1342,hidden-grotto,black-2,20
1342,hidden-grotto,white-2,20
1343,hidden-grotto,black-2,20
1343,hidden-grotto,white-2,20
1344,hidden-grotto,black-2,20
1344,hidden-grotto,white-2,20
1345,hidden-grotto,black-2,20
1345,hidden-grotto,white-2,20
1346,hidden-grotto,black-2,20
1346,hidden-grotto,white-2,20
1347,hidden-grotto,black-2,20
1347,hidden-grotto,white-2,20
1348,hidden-grotto,black-2,20
1348,hidden-grotto,white-2,20
1349,hidden-grotto,black-2,20
1349,hidden-grotto,white-2,20
1350,hidden-grotto,black-2,20
1350,hidden-grotto,white-2,20
1351,hidden-grotto,black-2,20
1351,hidden-grotto,white-2,20
1352,hidden-grotto,black-2,20
1352,hidden-grotto,white-2,20
1353,hidden-grotto,black-2,20
1353,hidden-grotto,white-2,20
1354,hidden-grotto,black-2,20
1354,hidden-grotto,white-2,20
1355,hidden-grotto,black-2,20
1355,hidden-grotto,white-2,20
1356,hidden-grotto,black-2,20
1356,hidden-grotto,white-2,20
1357,hidden-grotto,black-2,20
1357,hidden-grotto,white-2,20
1358,hidden-grotto,black-2,20
1358,hidden-grotto,white-2,20
1359,hidden-grotto,black-2,20
1359,hidden-grotto,white-2,20
