item,version_group,language,flavor_text
abomasite,legends-za,en,One of a variety of mysterious Mega Stones. An Abomasnow holding this stone will be able to Mega Evolve during battle.
absolite,legends-za,en,One of a variety of mysterious Mega Stones. An Absol holding this stone will be able to Mega Evolve during battle.
absolite-z,legends-za,en,One of a variety of mysterious Mega Stones. An Absol holding this stone will be able to Mega Evolve during battle.
aerodactylite,legends-za,en,One of a variety of mysterious Mega Stones. An Aerodactyl holding this stone will be able to Mega Evolve during battle.
aggronite,legends-za,en,One of a variety of mysterious Mega Stones. An Aggron holding this stone will be able to Mega Evolve during battle.
alakazite,legends-za,en,One of a variety of mysterious Mega Stones. An Alakazam holding this stone will be able to Mega Evolve during battle.
altarianite,legends-za,en,One of a variety of mysterious Mega Stones. An Altaria holding this stone will be able to Mega Evolve during battle.
amazing-butter,legends-za,en,"An amazing pack of butter found in Hyperspace Lumiose. With it, you should be able to make even higher quality donuts than before."
ampharosite,legends-za,en,One of a variety of mysterious Mega Stones. An Ampharos holding this stone will be able to Mega Evolve during battle.
antidote,legends-za,en,A spray-type medicine for treating poisoning. It can be used to lift the effects of being poisoned from a Pokémon.
arboliva-oil,legends-za,en,The oil produced by Paldea's Arboliva is said to be so delicious you'll feel as if you've gone to heaven after tasting it. How Corbeau got some is best left a mystery.
audinite,legends-za,en,One of a variety of mysterious Mega Stones. An Audino holding this stone will be able to Mega Evolve during battle.
auspicious-armor,legends-za,en,A peculiar set of armor that can make a certain species of Pokémon evolve. Auspicious wishes live within it.
autographed-plush,legends-za,en,A plush doll that has been autographed by Canari. Just having one puts you in a good mood.
awakening,legends-za,en,A spray-type medicine to wake the sleeping. It can be used to rouse a Pokémon that is feeling drowsy.
banettite,legends-za,en,One of a variety of mysterious Mega Stones. A Banette holding this stone will be able to Mega Evolve during battle.
barbaracite,legends-za,en,One of a variety of mysterious Mega Stones. A Barbaracle holding this stone will be able to Mega Evolve during battle.
beast-ball,legends-za,en,A somewhat different Poké Ball that is not very effective when catching Pokémon.
beedrillite,legends-za,en,One of a variety of mysterious Mega Stones. A Beedrill holding this stone will be able to Mega Evolve during battle.
big-pearl,legends-za,en,A rather large pearl that has a nice silvery sheen to it. It can be sold at a high price to shops.
black-augurite,legends-za,en,A glassy black stone that produces a sharp cutting edge when split. It’s loved by a certain Pokémon.
blastoisinite,legends-za,en,One of a variety of mysterious Mega Stones. A Blastoise holding this stone will be able to Mega Evolve during battle.
blazikenite,legends-za,en,One of a variety of mysterious Mega Stones. A Blaziken holding this stone will be able to Mega Evolve during battle.
blue-canari-plush-lv-1,legends-za,en,A plush doll of Canari that holds a blue charm. Having one of these makes it a little more likely that you'll succeed at catching Pokémon.
blue-canari-plush-lv-2,legends-za,en,A plush doll of Canari that holds a blue charm. Having one of these makes it more likely that you'll succeed at catching Pokémon.
blue-canari-plush-lv-3,legends-za,en,A plush doll of Canari that holds a blue charm. Having one of these makes it a lot more likely that you'll succeed at catching Pokémon.
blue-orb,legends-za,en,A shiny blue orb that is said to have a deep connection to a legend of the Hoenn region.
burn-drive,legends-za,en,A cassette to be held by Genesect. It changes Genesect's Techno Blast move so it becomes Fire type.
burn-heal,legends-za,en,A spray-type medicine for treating burns. It can be used to cure a Pokémon suffering from a burn.
cameruptite,legends-za,en,One of a variety of mysterious Mega Stones. A Camerupt holding this stone will be able to Mega Evolve during battle.
canari-bread,legends-za,en,A bun made to look like Canari's face. It can be used to restore 100 HP to a Pokémon.
chandelurite,legends-za,en,One of a variety of mysterious Mega Stones. A Chandelure holding this stone will be able to Mega Evolve during battle.
charizardite-x,legends-za,en,One of a variety of mysterious Mega Stones. A Charizard holding this stone will be able to Mega Evolve during battle.
charizardite-y,legends-za,en,One of a variety of mysterious Mega Stones. A Charizard holding this stone will be able to Mega Evolve during battle.
cherish-ball,legends-za,en,A quite rare Poké Ball made to commemorate a special occasion of some sort.
cherished-ring-first,legends-za,en,A ring that an old woman asked you to retrieve. It seems to hold some value to her.
cherished-ring-second,legends-za,en,A ring that was entrusted to Tarragon so that he could mend it. It seems to hold many special memories.
chesnaughtite,legends-za,en,One of a variety of mysterious Mega Stones. A Chesnaught holding this stone will be able to Mega Evolve during battle.
chimechite,legends-za,en,One of a variety of mysterious Mega Stones. A Chimecho holding this stone will be able to Mega Evolve during battle.
clefablite,legends-za,en,One of a variety of mysterious Mega Stones. A Clefable holding this stone will be able to Mega Evolve during battle.
colorful-screw,legends-za,en,"A colorful screw. These screws have been left here and there around Lumiose City, and the staff at Racine Construction will trade you goods in exchange for them."
crabominite,legends-za,en,One of a variety of mysterious Mega Stones. A Crabominable holding this stone will be able to Mega Evolve during battle.
darkranite,legends-za,en,One of a variety of mysterious Mega Stones. A Darkrai holding this stone will be able to Mega Evolve during battle.
delphoxite,legends-za,en,One of a variety of mysterious Mega Stones. A Delphox holding this stone will be able to Mega Evolve during battle.
diancite,legends-za,en,One of a variety of mysterious Mega Stones. A Diancie holding this stone will be able to Mega Evolve during battle.
douse-drive,legends-za,en,A cassette to be held by Genesect. It changes Genesect's Techno Blast move so it becomes Water type.
dragalgite,legends-za,en,One of a variety of mysterious Mega Stones. A Dragalge holding this stone will be able to Mega Evolve during battle.
dragoninite,legends-za,en,One of a variety of mysterious Mega Stones. A Dragonite holding this stone will be able to Mega Evolve during battle.
drampanite,legends-za,en,One of a variety of mysterious Mega Stones. A Drampa holding this stone will be able to Mega Evolve during battle.
dream-ball,legends-za,en,A somewhat different Poké Ball that is more effective when catching Pokémon that are drowsy.
dusk-ball,legends-za,en,A somewhat different Poké Ball that is more effective when catching Pokémon at night.
dusk-stone,legends-za,en,A peculiar stone that can make certain species of Pokémon evolve. It holds dark shadows within it.
eelektrossite,legends-za,en,One of a variety of mysterious Mega Stones. A Eelektross holding this stone will be able to Mega Evolve during battle.
elevator-key,legends-za,en,A key card that activates the elevator in Lysandre Labs. It is emblazoned with Team Flare's logo.
emboarite,legends-za,en,One of a variety of mysterious Mega Stones. An Emboar holding this stone will be able to Mega Evolve during battle.
epice-noire,legends-za,en,A mysterious spice that is highly valued among members of the Rust Syndicate. A sprinkle of it elevates the flavor of any dish so sublimely you'll feel as if you're dreaming.
excadrite,legends-za,en,One of a variety of mysterious Mega Stones. An Excadrill holding this stone will be able to Mega Evolve during battle.
exp-candy-l,legends-za,en,"A candy that is packed with energy. If consumed, it grants a Pokémon a large number of Exp. Points."
exp-candy-m,legends-za,en,"A candy that is packed with energy. If consumed, it grants a Pokémon a moderate number of Exp. Points."
exp-candy-s,legends-za,en,"A candy that is packed with energy. If consumed, it grants a Pokémon a small number of Exp. Points."
exp-candy-xl,legends-za,en,"A candy that is packed with energy. If consumed, it grants a Pokémon a very large number of Exp. Points."
exp-candy-xs,legends-za,en,"A candy that is packed with energy. If consumed, it grants a Pokémon a very small number of Exp. Points."
fairy-feather,legends-za,en,"An item to be held by a Pokémon. This feather, which gleams faintly when hit by light, boosts the power of the holder's Fairy-type moves."
falinksite,legends-za,en,One of a variety of mysterious Mega Stones. A Falinks holding this stone will be able to Mega Evolve during battle.
fast-ball,legends-za,en,A somewhat different Poké Ball that is more effective when catching Pokémon that are usually very quick to run away.
feraligite,legends-za,en,One of a variety of mysterious Mega Stones. A Feraligatr holding this stone will be able to Mega Evolve during battle.
floettite,legends-za,en,One of a variety of mysterious Mega Stones. A special Floette holding this stone will be able to Mega Evolve during battle.
froslassite,legends-za,en,One of a variety of mysterious Mega Stones. A Froslass holding this stone will be able to Mega Evolve during battle.
full-heal,legends-za,en,A spray-type medicine that is broadly effective. It can be used to cure any status condition a Pokémon may have.
galarica-cuff,legends-za,en,A cuff made from woven-together Galarica Twigs. Giving it to a Galarian Slowpoke makes the Pokémon very happy.
galarica-wreath,legends-za,en,A wreath made from woven-together Galarica Twigs. Placing it on the head of a Galarian Slowpoke makes the Pokémon very happy.
galladite,legends-za,en,One of a variety of mysterious Mega Stones. A Gallade holding this stone will be able to Mega Evolve during battle.
garchompite,legends-za,en,One of a variety of mysterious Mega Stones. A Garchomp holding this stone will be able to Mega Evolve during battle.
garchompite-z,legends-za,en,One of a variety of mysterious Mega Stones. A Garchomp holding this stone will be able to Mega Evolve during battle.
gardevoirite,legends-za,en,One of a variety of mysterious Mega Stones. A Gardevoir holding this stone will be able to Mega Evolve during battle.
gengarite,legends-za,en,One of a variety of mysterious Mega Stones. A Gengar holding this stone will be able to Mega Evolve during battle.
glalitite,legends-za,en,One of a variety of mysterious Mega Stones. A Glalie holding this stone will be able to Mega Evolve during battle.
glimmoranite,legends-za,en,One of a variety of mysterious Mega Stones. A Glimmora holding this stone will be able to Mega Evolve during battle.
gold-bottle-cap,legends-za,en,"A lovely gold bottle cap, which is even rarer than a regular silver one. Certain people are delighted to be given one of these."
gold-canari-plush-lv-1,legends-za,en,A plush doll of Canari that holds a gold charm. Having one of these increases the prize money you receive from battles by a little.
gold-canari-plush-lv-2,legends-za,en,A plush doll of Canari that holds a gold charm. Having one of these increases the prize money you receive from battles.
gold-canari-plush-lv-3,legends-za,en,A plush doll of Canari that holds a gold charm. Having one of these increases the prize money you receive from battles by a lot.
golisopite,legends-za,en,One of a variety of mysterious Mega Stones. A Golisopod holding this stone will be able to Mega Evolve during battle.
golurkite,legends-za,en,One of a variety of mysterious Mega Stones. A Golurk holding this stone will be able to Mega Evolve during battle.
great-butter,legends-za,en,"A great pack of butter found in Hyperspace Lumiose. With it, you should be able to make even higher quality donuts than before."
green-canari-plush-lv-1,legends-za,en,A plush doll of Canari that holds a green charm. Having one of these makes you a little less likely to black out from taking damage.
green-canari-plush-lv-2,legends-za,en,A plush doll of Canari that holds a green charm. Having one of these makes you less likely to black out from taking damage.
green-canari-plush-lv-3,legends-za,en,A plush doll of Canari that holds a green charm. Having one of these makes you a lot less likely to black out from taking damage.
greninjite,legends-za,en,One of a variety of mysterious Mega Stones. A Greninja holding this stone will be able to Mega Evolve during battle.
gyaradosite,legends-za,en,One of a variety of mysterious Mega Stones. A Gyarados holding this stone will be able to Mega Evolve during battle.
hawluchanite,legends-za,en,One of a variety of mysterious Mega Stones. A Hawlucha holding this stone will be able to Mega Evolve during battle.
heal-ball,legends-za,en,A remedial Poké Ball that restores HP and eliminates status conditions for a Pokémon caught with it.
heatranite,legends-za,en,One of a variety of mysterious Mega Stones. A Heatran holding this stone will be able to Mega Evolve during battle.
heavy-ball,legends-za,en,A somewhat different Poké Ball that becomes more effective the heavier the Pokémon is.
heracronite,legends-za,en,One of a variety of mysterious Mega Stones. A Heracross holding this stone will be able to Mega Evolve during battle.
hoennian-salt,legends-za,en,A coarse salt that can only be harvested in small amounts in the Hoenn region. A tiny pinch will impart a wondrous depth of flavor.
houndoominite,legends-za,en,One of a variety of mysterious Mega Stones. A Houndoom holding this stone will be able to Mega Evolve during battle.
hyper-aspear-berry,legends-za,en,A mysterious Berry found in Hyperspace Lumiose that's ideal for making donuts. Its sour bite makes it perfect for stewing into a confiture.
hyper-babiri-berry,legends-za,en,A mysterious Berry found in Hyperspace Lumiose that's ideal for making donuts. It goes well in chocolate and confitures.
hyper-charti-berry,legends-za,en,A mysterious Berry found in Hyperspace Lumiose that's ideal for making donuts. It goes well in chocolate.
hyper-cheri-berry,legends-za,en,A mysterious Berry found in Hyperspace Lumiose that's ideal for making donuts. Its spicy kick is great when added to curries.
hyper-chesto-berry,legends-za,en,A mysterious Berry found in Hyperspace Lumiose that's ideal for making donuts. Its dry flavor offers a good balance when used in sweet cream.
hyper-chilan-berry,legends-za,en,A mysterious Berry found in Hyperspace Lumiose that's ideal for making donuts. It goes well in curries and chocolate.
hyper-chople-berry,legends-za,en,A mysterious Berry found in Hyperspace Lumiose that's ideal for making donuts. It goes well in meringue.
hyper-coba-berry,legends-za,en,A mysterious Berry found in Hyperspace Lumiose that's ideal for making donuts. It goes well in curries.
hyper-colbur-berry,legends-za,en,A mysterious Berry found in Hyperspace Lumiose that's ideal for making donuts. It goes well in cream and confitures.
hyper-grepa-berry,legends-za,en,A mysterious Berry found in Hyperspace Lumiose that's ideal for making donuts. It goes well in curries.
hyper-haban-berry,legends-za,en,A mysterious Berry found in Hyperspace Lumiose that's ideal for making donuts. It goes well in cream and meringue.
hyper-hondew-berry,legends-za,en,A mysterious Berry found in Hyperspace Lumiose that's ideal for making donuts. It goes well in cream and confitures.
hyper-kasib-berry,legends-za,en,A mysterious Berry found in Hyperspace Lumiose that's ideal for making donuts. It goes well in confitures.
hyper-kebia-berry,legends-za,en,A mysterious Berry found in Hyperspace Lumiose that's ideal for making donuts. It goes well in chocolate.
hyper-kelpsy-berry,legends-za,en,A mysterious Berry found in Hyperspace Lumiose that's ideal for making donuts. It goes well in cream and chocolate.
hyper-lum-berry,legends-za,en,"A mysterious Berry found in Hyperspace Lumiose that's ideal for making donuts. It goes well in curries, cream, meringue, and confitures."
hyper-occa-berry,legends-za,en,A mysterious Berry found in Hyperspace Lumiose that's ideal for making donuts. It goes well in meringue.
hyper-oran-berry,legends-za,en,"A mysterious Berry found in Hyperspace Lumiose that's ideal for making donuts. It goes well in curries, meringue, chocolate, and confitures."
hyper-passho-berry,legends-za,en,A mysterious Berry found in Hyperspace Lumiose that's ideal for making donuts. It goes well in chocolate.
hyper-payapa-berry,legends-za,en,A mysterious Berry found in Hyperspace Lumiose that's ideal for making donuts. It goes well in cream.
hyper-pecha-berry,legends-za,en,A mysterious Berry found in Hyperspace Lumiose that's ideal for making donuts. Its sweet flavor makes it a great ingredient for meringue.
hyper-persim-berry,legends-za,en,"A mysterious Berry found in Hyperspace Lumiose that's ideal for making donuts. It goes well in curries, cream, chocolate, and confitures."
hyper-pomeg-berry,legends-za,en,A mysterious Berry found in Hyperspace Lumiose that's ideal for making donuts. It goes well in curries and meringue.
hyper-qualot-berry,legends-za,en,A mysterious Berry found in Hyperspace Lumiose that's ideal for making donuts. It goes well in meringue and confitures.
hyper-rawst-berry,legends-za,en,A mysterious Berry found in Hyperspace Lumiose that's ideal for making donuts. Its bitter bite works beautifully in chocolate.
hyper-rindo-berry,legends-za,en,A mysterious Berry found in Hyperspace Lumiose that's ideal for making donuts. It goes well in curries.
hyper-roseli-berry,legends-za,en,A mysterious Berry found in Hyperspace Lumiose that's ideal for making donuts. It goes well in curries and confitures.
hyper-shuca-berry,legends-za,en,A mysterious Berry found in Hyperspace Lumiose that's ideal for making donuts. It goes well in confitures.
hyper-sitrus-berry,legends-za,en,"A mysterious Berry found in Hyperspace Lumiose that's ideal for making donuts. It goes well in curries, cream, meringue, and chocolate."
hyper-tamato-berry,legends-za,en,A mysterious Berry found in Hyperspace Lumiose that's ideal for making donuts. It goes well in cream.
hyper-tanga-berry,legends-za,en,A mysterious Berry found in Hyperspace Lumiose that's ideal for making donuts. It goes well in meringue.
hyper-wacan-berry,legends-za,en,A mysterious Berry found in Hyperspace Lumiose that's ideal for making donuts. It goes well in confitures.
hyper-yache-berry,legends-za,en,A mysterious Berry found in Hyperspace Lumiose that's ideal for making donuts. It goes well in cream.
hyperspace-butter,legends-za,en,"The absolute ultimate in butter, found in Hyperspace Lumiose. With it, you should be able to make even higher quality donuts than before."
ice-heal,legends-za,en,A spray-type medicine for treating freezing. It can be used to thaw out a Pokémon that has been frozen solid.
ice-stone,legends-za,en,A peculiar stone that can make certain species of Pokémon evolve. It has a snowflake pattern in it.
jaw-fossil,legends-za,en,A fossil from a prehistoric Pokémon that once lived on the land. It looks as if it could be a piece of a large jaw.
kangaskhanite,legends-za,en,One of a variety of mysterious Mega Stones. A Kangaskhan holding this stone will be able to Mega Evolve during battle.
key-to-room-202,legends-za,en,A key for room 202 at Hotel Z.
lab-key-card-a,legends-za,en,"A key card that can be used in Lysandre Labs. The locks were each programmed to take different keys for security purposes, but mostly it’s just an inconvenience."
lab-key-card-b,legends-za,en,"A key card that can be used in Lysandre Labs. The locks were each programmed to take different keys for security purposes, but mostly it’s just an inconvenience."
lab-key-card-c,legends-za,en,"A key card that can be used in Lysandre Labs. The locks were each programmed to take different keys for security purposes, but mostly it’s just an inconvenience."
lab-key-card-m,legends-za,en,---
lab-key-card-x,legends-za,en,---
latiasite,legends-za,en,One of a variety of mysterious Mega Stones. A Latias holding this stone will be able to Mega Evolve during battle.
latiosite,legends-za,en,One of a variety of mysterious Mega Stones. A Latios holding this stone will be able to Mega Evolve during battle.
lidas-things,legends-za,en,Lida's accessories and other items that she uses when practicing dance. They're kept in a small pouch that was handmade by Naveen.
lopunnite,legends-za,en,One of a variety of mysterious Mega Stones. A Lopunny holding this stone will be able to Mega Evolve during battle.
love-ball,legends-za,en,A somewhat different Poké Ball that is more effective when catching Pokémon of the opposite gender to your own Pokémon.
lucarionite,legends-za,en,One of a variety of mysterious Mega Stones. A Lucario holding this stone will be able to Mega Evolve during battle.
lucarionite-z,legends-za,en,One of a variety of mysterious Mega Stones. A Lucario holding this stone will be able to Mega Evolve during battle.
lumiose-galette,legends-za,en,A popular treat in Lumiose City. It can be used to cure any status condition a Pokémon may have.
lumiosian-butter,legends-za,en,"Some of the absolute best butter produced in the Kalos region. Highly sought after by the cooks of Lumiose—if you know, you know. Makes for great donuts."
lure-ball,legends-za,en,A somewhat different Poké Ball that is more effective when catching Pokémon in or on the water.
magearnite,legends-za,en,One of a variety of mysterious Mega Stones. A Magearna holding this stone will be able to Mega Evolve during battle.
malamarite,legends-za,en,One of a variety of mysterious Mega Stones. A Malamar holding this stone will be able to Mega Evolve during battle.
malicious-armor,legends-za,en,A peculiar set of armor that can make a certain species of Pokémon evolve. Malicious will lurks within it.
manectite,legends-za,en,One of a variety of mysterious Mega Stones. A Manectric holding this stone will be able to Mega Evolve during battle.
mawilite,legends-za,en,One of a variety of mysterious Mega Stones. A Mawile holding this stone will be able to Mega Evolve during battle.
medichamite,legends-za,en,One of a variety of mysterious Mega Stones. A Medicham holding this stone will be able to Mega Evolve during battle.
mega-ring,legends-za,en,This ring contains an unknown power that somehow enables a Pokémon carrying a Mega Stone to Mega Evolve in battle.
mega-shard,legends-za,en,A mysterious shard that can be found after smashing Mega Crystals using Pokémon moves. It seems that some people collect these shards.
meganiumite,legends-za,en,One of a variety of mysterious Mega Stones. A Meganium holding this stone will be able to Mega Evolve during battle.
meowsticite,legends-za,en,One of a variety of mysterious Mega Stones. A Meowstic holding this stone will be able to Mega Evolve during battle.
metagrossite,legends-za,en,One of a variety of mysterious Mega Stones. A Metagross holding this stone will be able to Mega Evolve during battle.
mewtwonite-x,legends-za,en,One of a variety of mysterious Mega Stones. A Mewtwo holding this stone will be able to Mega Evolve during battle.
mewtwonite-y,legends-za,en,One of a variety of mysterious Mega Stones. A Mewtwo holding this stone will be able to Mega Evolve during battle.
net-ball,legends-za,en,A somewhat different Poké Ball that is more effective when catching Water- or Bug-type Pokémon.
nice-butter,legends-za,en,"A nice pack of butter found in Hyperspace Lumiose. With it, you should be able to make even higher quality donuts than before."
old-amber,legends-za,en,"A piece of amber that still contains the genetic material of a prehistoric Pokémon. It's clear with a tawny, reddish tint."
laorigin-ball,legends-za,en,A singular and irreplicable Poké Ball that can be used to catch the frenzied Pokémon raging at the Temple of Sinnoh.
paralyze-heal,legends-za,en,A spray-type medicine for treating paralysis. It can be used to free a Pokémon that has been paralyzed.
pearl-string,legends-za,en,Very large pearls that have a nice silvery sheen to them. They can be sold at a high price to shops.
pebble,legends-za,en,An ordinary pebble entrusted to you by the Pokémon known as Zygarde. It is completely unremarkable.
pidgeotite,legends-za,en,One of a variety of mysterious Mega Stones. A Pidgeot holding this stone will be able to Mega Evolve during battle.
pink-canari-plush-lv-1,legends-za,en,A plush doll of Canari that holds a pink charm. Having one of these increases the number of Mega Shards you'll find after smashing Mega Crystals by a little.
pink-canari-plush-lv-2,legends-za,en,A plush doll of Canari that holds a pink charm. Having one of these increases the number of Mega Shards you'll find after smashing Mega Crystals.
pink-canari-plush-lv-3,legends-za,en,A plush doll of Canari that holds a pink charm. Having one of these increases the number of Mega Shards you'll find after smashing Mega Crystals by a lot.
pinsirite,legends-za,en,One of a variety of mysterious Mega Stones. A Pinsir holding this stone will be able to Mega Evolve during battle.
popping-candy,legends-za,en,"A popular candy among the children of Lumiose. It pops in your mouth as if it's exploding, so you can enjoy a shocking experience while eating it."
prison-bottle,legends-za,en,"A bottle believed to have been used to seal away the power of a certain Pokémon long, long ago."
pyroarite,legends-za,en,One of a variety of mysterious Mega Stones. A Pyroar holding this stone will be able to Mega Evolve during battle.
quick-claw,legends-za,en,"This light, sharp claw lets the holder occasionally unleash a move faster than it usually would."
raichunite-x,legends-za,en,One of a variety of mysterious Mega Stones. A Raichu holding this stone will be able to Mega Evolve during battle.
raichunite-y,legends-za,en,One of a variety of mysterious Mega Stones. A Raichu holding this stone will be able to Mega Evolve during battle.
red-canari-plush-lv-1,legends-za,en,A plush doll of Canari that holds a red charm. Having one of these increases the Exp. Points your Pokémon get by a little.
red-canari-plush-lv-2,legends-za,en,A plush doll of Canari that holds a red charm. Having one of these increases the Exp. Points your Pokémon get.
red-canari-plush-lv-3,legends-za,en,A plush doll of Canari that holds a red charm. Having one of these increases the Exp. Points your Pokémon get by a lot.
revitalizing-twig,legends-za,en,A small twig that is beloved by Fennekin. It's said that chewing on one of these twigs can be both soothing and cheering.
rotom-catalog,legends-za,en,A catalog of devices that Rotom like. Use the catalog to have Rotom hop in and out of the various devices listed within.
sablenite,legends-za,en,One of a variety of mysterious Mega Stones. A Sableye holding this stone will be able to Mega Evolve during battle.
sachet,legends-za,en,A sachet filled with fragrant perfumes that are just slightly overwhelming. Yet it's loved by a certain Pokémon.
salamencite,legends-za,en,One of a variety of mysterious Mega Stones. A Salamence holding this stone will be able to Mega Evolve during battle.
sceptilite,legends-za,en,One of a variety of mysterious Mega Stones. A Sceptile holding this stone will be able to Mega Evolve during battle.
scizorite,legends-za,en,One of a variety of mysterious Mega Stones. A Scizor holding this stone will be able to Mega Evolve during battle.
scolipite,legends-za,en,One of a variety of mysterious Mega Stones. A Scolipede holding this stone will be able to Mega Evolve during battle.
scovillainite,legends-za,en,One of a variety of mysterious Mega Stones. A Scovillain holding this stone will be able to Mega Evolve during battle.
scraftinite,legends-za,en,One of a variety of mysterious Mega Stones. A Scrafty holding this stone will be able to Mega Evolve during battle.
seed-of-mastery,legends-za,en,A rare variety of seed. A certain person can help you upgrade your Pokémon's moves into Plus Moves if given one of these.
sharpedonite,legends-za,en,One of a variety of mysterious Mega Stones. A Sharpedo holding this stone will be able to Mega Evolve during battle.
shiny-charm,legends-za,en,Having one of these mysterious shining charms makes it more likely you'll encounter Shiny Pokémon in the wild.
shock-drive,legends-za,en,A cassette to be held by Genesect. It changes Genesect's Techno Blast move so it becomes Electric type.
skarmorite,legends-za,en,One of a variety of mysterious Mega Stones. A Skarmory holding this stone will be able to Mega Evolve during battle.
slowbronite,legends-za,en,"One of a variety of mysterious Mega Stones. A Slowbro holding this stone will be able to Mega Evolve during battle. It won't work for a Galarian Slowbro, however."
soothe-bell,legends-za,en,"An item to be held by a Pokémon. The comforting chime of this bell calms the holder, making it friendly."
staraptite,legends-za,en,One of a variety of mysterious Mega Stones. A Staraptor holding this stone will be able to Mega Evolve during battle.
starminite,legends-za,en,One of a variety of mysterious Mega Stones. A Starmie holding this stone will be able to Mega Evolve during battle.
steelixite,legends-za,en,One of a variety of mysterious Mega Stones. A Steelix holding this stone will be able to Mega Evolve during battle.
super-lumiose-galette,legends-za,en,A popular treat among certain residents of Lumiose City. This variety is baked to be incredibly firm so that one can savor the crunch.
supreme-butter,legends-za,en,"A supreme pack of butter found in Hyperspace Lumiose. With it, you should be able to make even higher quality donuts than before."
swampertite,legends-za,en,One of a variety of mysterious Mega Stones. A Swampert holding this stone will be able to Mega Evolve during battle.
tasty-trash,legends-za,en,"Food waste made up of cooking ingredients. Although they were thrown away after the best parts were used, some edible bits still remain."
tatsugirinite,legends-za,en,One of a variety of mysterious Mega Stones. A Tatsugiri holding this stone will be able to Mega Evolve during battle.
tm08,legends-za,en,A TM that teaches Thunder Wave.
tm41,legends-za,en,A TM that teaches Water Pulse.
tm51,legends-za,en,A TM that teaches the move Safeguard.
tm53,legends-za,en,A Technical Machine that teaches the move Sludge Bomb.
tm55,legends-za,en,A Technical Machine that teaches Giga Impact.
tm56,legends-za,en,A Technical Machine that teaches the move Double-Edge.
tm60,legends-za,en,A Technical Machine that teaches Future Sight.
tm67,legends-za,en,A Technical Machine that teaches Thunderbolt.
tm69,legends-za,en,A Technical Machine that teaches Earthquake.
tm71,legends-za,en,A Technical Machine that teaches Hyper Voice.
tm77,legends-za,en,A TM that teaches the move Poison Jab.
tm80,legends-za,en,A TM that teaches the move Iron Defense.
tm83,legends-za,en,Teaches Nasty Plot to a compatible Pokémon.
tm90,legends-za,en,A TM that teaches the move Dark Pulse.
tm92,legends-za,en,A Technical Machine that teaches Dazzling Gleam.
tm93,legends-za,en,A TM that teaches the move Outrage.
tm94,legends-za,en,A TM that teaches the move Whirlwind.
tm95,legends-za,en,A TM that teaches Taunt.
tm100,legends-za,en,A Technical Machine that teaches the move Gunk Shot.
tm102,legends-za,en,It teaches a compatible Pokémon a move.
tm106,legends-za,en,A TM that can be used any number of times to teach a compatible Pokémon a move.
tm111,legends-za,en,A Technical Machine that can be used any number of times to teach a compatible Pokémon a move.
tm120,legends-za,en,A Technical Machine that can be used any number of times.
tm121,legends-za,en,It teaches a compatible Pokémon a move. The move it teaches depends on the game.
tm127,legends-za,en,It teaches a compatible Pokémon a move. The move it teaches depends on the game.
tm132,legends-za,en,A TM that can be used any number of times to teach a compatible Pokémon a move.
tm135,legends-za,en,A Technical Machine that teaches a compatible Pokémon a move. The move taught depends on the game.
tm146,legends-za,en,A TM that teaches a compatible Pokémon the move Skull Bash.
tm150,legends-za,en,A Technical Machine that teaches a compatible Pokémon a move.
tyranitarite,legends-za,en,One of a variety of mysterious Mega Stones. A Tyranitar holding this stone will be able to Mega Evolve during battle.
venusaurite,legends-za,en,One of a variety of mysterious Mega Stones. A Venusaur holding this stone will be able to Mega Evolve during battle.
victreebelite,legends-za,en,One of a variety of mysterious Mega Stones. A Victreebel holding this stone will be able to Mega Evolve during battle.
whipped-dream,legends-za,en,"A soft and sweet treat made of fluffy, puffy, whipped, and whirled cream. It's loved by a certain Pokémon."
zeraorite,legends-za,en,One of a variety of mysterious Mega Stones. A Zeraora holding this stone will be able to Mega Evolve during battle.
zygarde-cube,legends-za,en,An item in which Zygarde Cores and Cells are gathered. You can also use it to change Zygarde's form.
zygardite,legends-za,en,"One of a variety of mysterious Mega Stones. When in Complete Forme and holding this stone, Zygarde will be able to Mega Evolve during battle."
