item,generation,pocket,version_group,version
abomasite,9,mega-stones,legends-za,legends-za
absolite,9,mega-stones,legends-za,legends-za
aerodactylite,9,mega-stones,legends-za,legends-za
aggronite,9,mega-stones,legends-za,legends-za
alakazite,9,mega-stones,legends-za,legends-za
altarianite,9,mega-stones,legends-za,legends-za
amazing-butter,9,key-items,legends-za,legends-za
ampharosite,9,mega-stones,legends-za,legends-za
arboliva-oil,9,key-items,legends-za,legends-za
audinite,9,mega-stones,legends-za,legends-za
autographed-plush,9,key-items,legends-za,legends-za
banettite,9,mega-stones,legends-za,legends-za
barbaracite,9,mega-stones,legends-za,legends-za
baxcalibrite,9,mega-stones,legends-za,legends-za
beedrillite,9,mega-stones,legends-za,legends-za
blastoisinite,9,mega-stones,legends-za,legends-za
blazikenite,9,mega-stones,legends-za,legends-za
blue-canari-plush-lv-1,9,key-items,legends-za,legends-za
blue-canari-plush-lv-2,9,key-items,legends-za,legends-za
blue-canari-plush-lv-3,9,key-items,legends-za,legends-za
cameruptite,9,mega-stones,legends-za,legends-za
canari-bread,9,medicine,legends-za,legends-za
chandelurite,9,mega-stones,legends-za,legends-za
charizardite-x,9,mega-stones,legends-za,legends-za
charizardite-y,9,mega-stones,legends-za,legends-za
cherished-ring-first,9,key-items,legends-za,legends-za
cherished-ring-second,9,key-items,legends-za,legends-za
chesnaughtite,9,mega-stones,legends-za,legends-za
chimechite,9,mega-stones,legends-za,legends-za
clefablite,9,mega-stones,legends-za,legends-za
colorful-screw,9,items,legends-za,legends-za
crabominite,9,mega-stones,legends-za,legends-za
darkranite,9,mega-stones,legends-za,legends-za
delphoxite,9,mega-stones,legends-za,legends-za
diancite,9,mega-stones,legends-za,legends-za
dragalgite,9,mega-stones,legends-za,legends-za
dragoninite,9,mega-stones,legends-za,legends-za
drampanite,9,mega-stones,legends-za,legends-za
eelektrossite,9,mega-stones,legends-za,legends-za
elevator-key,9,key-items,legends-za,legends-za
emboarite,9,mega-stones,legends-za,legends-za
epice-noire,9,key-items,legends-za,legends-za
excadrite,9,mega-stones,legends-za,legends-za
falinksite,9,mega-stones,legends-za,legends-za
feraligite,9,mega-stones,legends-za,legends-za
floettite,9,mega-stones,legends-za,legends-za
froslassite,9,mega-stones,legends-za,legends-za
galladite,9,mega-stones,legends-za,legends-za
garchompite,9,mega-stones,legends-za,legends-za
garchompite-z,9,mega-stones,legends-za,legends-za
gardevoirite,9,mega-stones,legends-za,legends-za
gengarite,9,mega-stones,legends-za,legends-za
glalitite,9,mega-stones,legends-za,legends-za
glimmoranite,9,mega-stones,legends-za,legends-za
gold-canari-plush-lv-1,9,key-items,legends-za,legends-za
gold-canari-plush-lv-2,9,key-items,legends-za,legends-za
gold-canari-plush-lv-3,9,key-items,legends-za,legends-za
golisopite,9,mega-stones,legends-za,legends-za
golurkite,9,mega-stones,legends-za,legends-za
great-butter,9,key-items,legends-za,legends-za
green-canari-plush-lv-1,9,key-items,legends-za,legends-za
green-canari-plush-lv-2,9,key-items,legends-za,legends-za
green-canari-plush-lv-3,9,key-items,legends-za,legends-za
greninjite,9,mega-stones,legends-za,legends-za
gyaradosite,9,mega-stones,legends-za,legends-za
hawluchanite,9,mega-stones,legends-za,legends-za
heatranite,9,mega-stones,legends-za,legends-za
heracronite,9,mega-stones,legends-za,legends-za
hoennian-salt,9,key-items,legends-za,legends-za
houndoominite,9,mega-stones,legends-za,legends-za
hyper-aspear-berry,9,berries,legends-za,legends-za
hyper-babiri-berry,9,berries,legends-za,legends-za
hyper-charti-berry,9,berries,legends-za,legends-za
hyper-cheri-berry,9,berries,legends-za,legends-za
hyper-chesto-berry,9,berries,legends-za,legends-za
hyper-chilan-berry,9,berries,legends-za,legends-za
hyper-chople-berry,9,berries,legends-za,legends-za
hyper-coba-berry,9,berries,legends-za,legends-za
hyper-colbur-berry,9,berries,legends-za,legends-za
hyper-haban-berry,9,berries,legends-za,legends-za
hyper-hondew-berry,9,berries,legends-za,legends-za
hyper-kasib-berry,9,berries,legends-za,legends-za
hyper-kebia-berry,9,berries,legends-za,legends-za
hyper-occa-berry,9,berries,legends-za,legends-za
hyper-passho-berry,9,berries,legends-za,legends-za
hyper-payapa-berry,9,berries,legends-za,legends-za
hyper-pecha-berry,9,berries,legends-za,legends-za
hyper-persim-berry,9,berries,legends-za,legends-za
hyper-pomeg-berry,9,berries,legends-za,legends-za
hyper-qualot-berry,9,berries,legends-za,legends-za
hyper-rawst-berry,9,berries,legends-za,legends-za
hyper-rindo-berry,9,berries,legends-za,legends-za
hyper-roseli-berry,9,berries,legends-za,legends-za
hyper-shuca-berry,9,berries,legends-za,legends-za
hyper-sitrus-berry,9,berries,legends-za,legends-za
hyper-tamato-berry,9,berries,legends-za,legends-za
hyper-tanga-berry,9,berries,legends-za,legends-za
hyper-wacan-berry,9,berries,legends-za,legends-za
hyperspace-butter,9,key-items,legends-za,legends-za
kangaskhanite,9,mega-stones,legends-za,legends-za
key-to-room-202,9,key-items,legends-za,legends-za
lab-key-card-a,9,key-items,legends-za,legends-za
lab-key-card-b,9,key-items,legends-za,legends-za
lab-key-card-c,9,key-items,legends-za,legends-za
lab-key-card-m,9,key-items,legends-za,legends-za
lab-key-card-x,9,key-items,legends-za,legends-za
latiasite,9,mega-stones,legends-za,legends-za
latiosite,9,mega-stones,legends-za,legends-za
lidas-things,9,key-items,legends-za,legends-za
lopunnite,9,mega-stones,legends-za,legends-za
lucarionite,9,mega-stones,legends-za,legends-za
lucarionite-z,9,mega-stones,legends-za,legends-za
lumiosian-butter,9,key-items,legends-za,legends-za
magearnite,9,mega-stones,legends-za,legends-za
malamarite,9,mega-stones,legends-za,legends-za
manectite,9,mega-stones,legends-za,legends-za
mawilite,9,mega-stones,legends-za,legends-za
medichamite,9,mega-stones,legends-za,legends-za
mega-shard,9,items,legends-za,legends-za
meganiumite,9,mega-stones,legends-za,legends-za
meowsticite,9,mega-stones,legends-za,legends-za
metagrossite,9,mega-stones,legends-za,legends-za
mewtwonite-x,9,mega-stones,legends-za,legends-za
mewtwonite-y,9,mega-stones,legends-za,legends-za
nice-butter,9,key-items,legends-za,legends-za
pebble,9,key-items,legends-za,legends-za
pidgeotite,9,mega-stones,legends-za,legends-za
pink-canari-plush-lv-1,9,key-items,legends-za,legends-za
pink-canari-plush-lv-2,9,key-items,legends-za,legends-za
pink-canari-plush-lv-3,9,key-items,legends-za,legends-za
pinsirite,9,mega-stones,legends-za,legends-za
popping-candy,9,key-items,legends-za,legends-za
pyroarite,9,mega-stones,legends-za,legends-za
raichunite-x,9,mega-stones,legends-za,legends-za
raichunite-y,9,mega-stones,legends-za,legends-za
red-canari-plush-lv-1,9,key-items,legends-za,legends-za
red-canari-plush-lv-2,9,key-items,legends-za,legends-za
red-canari-plush-lv-3,9,key-items,legends-za,legends-za
revitalizing-twig,9,key-items,legends-za,legends-za
sablenite,9,mega-stones,legends-za,legends-za
salamencite,9,mega-stones,legends-za,legends-za
sceptilite,9,mega-stones,legends-za,legends-za
scizorite,9,mega-stones,legends-za,legends-za
scolipite,9,mega-stones,legends-za,legends-za
scovillainite,9,mega-stones,legends-za,legends-za
scraftinite,9,mega-stones,legends-za,legends-za
seed-of-mastery,9,items,legends-za,legends-za
sharpedonite,9,mega-stones,legends-za,legends-za
skarmorite,9,mega-stones,legends-za,legends-za
slowbronite,9,mega-stones,legends-za,legends-za
staraptite,9,mega-stones,legends-za,legends-za
starminite,9,mega-stones,legends-za,legends-za
steelixite,9,mega-stones,legends-za,legends-za
super-lumiose-galette,9,key-items,legends-za,legends-za
supreme-butter,9,key-items,legends-za,legends-za
swampertite,9,mega-stones,legends-za,legends-za
tasty-trash,9,key-items,legends-za,legends-za
tatsugirinite,9,mega-stones,legends-za,legends-za
tm126,9,tms,legends-za,legends-za
tm127,9,tms,legends-za,legends-za
tm134,9,tms,legends-za,legends-za
tyranitarite,9,mega-stones,legends-za,legends-za
venusaurite,9,mega-stones,legends-za,legends-za
victreebelite,9,mega-stones,legends-za,legends-za
zeraorite,9,mega-stones,legends-za,legends-za
zygardite,9,mega-stones,legends-za,legends-za
