identifier,id,generation,type,power,pp,accuracy,priority,target,damage_class,effect_id,effect_chance,contest_type,contest_effect_id,super_contest_effect_id,source
pound,1,1,normal,40,35,100,0,selected-pokemon,physical,1,,tough,1,5,both
karate-chop,2,1,fighting,50,25,100,0,selected-pokemon,physical,44,,tough,2,5,both
double-slap,3,1,normal,15,10,85,0,selected-pokemon,physical,30,,tough,10,7,both
comet-punch,4,1,normal,18,15,85,0,selected-pokemon,physical,30,,tough,12,7,both
mega-punch,5,1,normal,80,20,85,0,selected-pokemon,physical,1,,tough,1,18,both
pay-day,6,1,normal,40,20,100,0,selected-pokemon,physical,35,,smart,11,23,both
fire-punch,7,1,fire,75,15,100,0,selected-pokemon,physical,5,10,beauty,1,17,both
ice-punch,8,1,ice,75,15,100,0,selected-pokemon,physical,6,10,beauty,1,17,both
thunder-punch,9,1,electric,75,15,100,0,selected-pokemon,physical,7,10,cool,1,17,both
scratch,10,1,normal,40,35,100,0,selected-pokemon,physical,1,,tough,1,5,both
vice-grip,11,1,normal,55,30,100,0,selected-pokemon,physical,1,,tough,1,5,both
guillotine,12,1,normal,,5,30,0,selected-pokemon,physical,39,,cool,14,9,both
razor-wind,13,1,normal,80,10,100,0,all-opponents,special,40,,cool,2,6,both
swords-dance,14,1,normal,,20,,0,user,status,51,,beauty,32,11,both
cut,15,1,normal,50,30,95,0,selected-pokemon,physical,1,,cool,14,5,both
gust,16,1,flying,40,35,100,0,selected-pokemon,special,150,,smart,21,5,both
wing-attack,17,1,flying,60,35,100,0,selected-pokemon,physical,1,,cool,12,5,both
whirlwind,18,1,normal,,20,,-6,selected-pokemon,status,29,,smart,21,9,both
fly,19,1,flying,90,15,95,0,selected-pokemon,physical,156,,smart,15,6,both
bind,20,1,normal,15,20,85,0,selected-pokemon,physical,43,100,tough,24,21,both
slam,21,1,normal,80,20,75,0,selected-pokemon,physical,1,,tough,23,5,both
vine-whip,22,1,grass,45,25,100,0,selected-pokemon,physical,1,,cool,1,5,both
stomp,23,1,normal,65,20,100,0,selected-pokemon,physical,151,30,tough,4,5,both
double-kick,24,1,fighting,30,30,100,0,selected-pokemon,physical,45,,cool,12,7,both
mega-kick,25,1,normal,120,5,75,0,selected-pokemon,physical,1,,cool,1,18,both
jump-kick,26,1,fighting,100,10,95,0,selected-pokemon,physical,46,,cool,3,5,both
rolling-kick,27,1,fighting,60,15,85,0,selected-pokemon,physical,32,30,cool,5,5,both
sand-attack,28,1,ground,,15,100,0,selected-pokemon,status,24,,cute,10,19,both
headbutt,29,1,normal,70,15,100,0,selected-pokemon,physical,32,30,tough,9,5,both
horn-attack,30,1,normal,65,25,100,0,selected-pokemon,physical,1,,cool,1,5,both
fury-attack,31,1,normal,15,20,85,0,selected-pokemon,physical,30,,cool,10,7,both
horn-drill,32,1,normal,,5,30,0,selected-pokemon,physical,39,,cool,14,9,both
tackle,33,1,normal,40,35,100,0,selected-pokemon,physical,1,,tough,1,5,both
body-slam,34,1,normal,85,15,100,0,selected-pokemon,physical,7,30,tough,4,5,both
wrap,35,1,normal,15,20,90,0,selected-pokemon,physical,43,100,tough,24,21,both
take-down,36,1,normal,90,20,85,0,selected-pokemon,physical,49,,tough,3,5,both
thrash,37,1,normal,120,10,100,0,random-opponent,physical,28,,tough,6,7,both
double-edge,38,1,normal,120,15,100,0,selected-pokemon,physical,199,,tough,3,9,both
tail-whip,39,1,normal,,30,100,0,all-opponents,status,20,,cute,28,19,both
poison-sting,40,1,poison,15,35,100,0,selected-pokemon,physical,3,30,smart,9,19,both
twineedle,41,1,bug,25,20,100,0,selected-pokemon,physical,78,20,cool,9,7,both
pin-missile,42,1,bug,25,20,95,0,selected-pokemon,physical,30,,cool,10,7,both
leer,43,1,normal,,30,100,0,all-opponents,status,20,100,cool,24,19,both
bite,44,1,dark,60,25,100,0,selected-pokemon,physical,32,30,tough,5,5,both
growl,45,1,normal,,40,100,0,all-opponents,status,19,,cute,28,19,both
roar,46,1,normal,,20,,-6,selected-pokemon,status,29,,cool,21,19,both
sing,47,1,normal,,15,55,0,selected-pokemon,status,2,,cute,18,19,both
supersonic,48,1,normal,,20,55,0,selected-pokemon,status,50,,smart,21,19,both
sonic-boom,49,1,normal,,20,90,0,selected-pokemon,special,131,,cool,12,5,both
disable,50,1,normal,,20,100,0,selected-pokemon,status,87,,smart,18,19,both
acid,51,1,poison,40,30,100,0,all-opponents,special,73,10,smart,4,5,both
ember,52,1,fire,40,25,100,0,selected-pokemon,special,5,10,beauty,1,5,both
flamethrower,53,1,fire,90,15,100,0,selected-pokemon,special,5,10,beauty,1,17,both
mist,54,1,ice,,30,,0,users-field,status,47,,beauty,15,13,both
water-gun,55,1,water,40,25,100,0,selected-pokemon,special,1,,cute,1,5,both
hydro-pump,56,1,water,110,5,80,0,selected-pokemon,special,1,,beauty,1,17,both
surf,57,1,water,90,15,100,0,all-other-pokemon,special,258,,beauty,2,17,both
ice-beam,58,1,ice,90,10,100,0,selected-pokemon,special,6,10,beauty,23,17,both
blizzard,59,1,ice,110,5,70,0,all-opponents,special,261,10,beauty,1,17,both
psybeam,60,1,psychic,65,20,100,0,selected-pokemon,special,77,10,beauty,21,17,both
bubble-beam,61,1,water,65,20,100,0,selected-pokemon,special,71,10,beauty,5,2,both
aurora-beam,62,1,ice,65,20,100,0,selected-pokemon,special,69,10,beauty,23,17,both
hyper-beam,63,1,normal,150,5,90,0,selected-pokemon,special,81,,cool,6,22,both
peck,64,1,flying,35,35,100,0,selected-pokemon,physical,1,,cool,1,5,both
drill-peck,65,1,flying,80,20,100,0,selected-pokemon,physical,1,,cool,1,5,both
submission,66,1,fighting,80,20,80,0,selected-pokemon,physical,49,,cool,3,5,both
low-kick,67,1,fighting,,20,100,0,selected-pokemon,physical,197,,tough,4,5,both
counter,68,1,fighting,,20,100,-5,specific-move,physical,90,,tough,16,15,both
seismic-toss,69,1,fighting,,20,100,0,selected-pokemon,physical,88,,tough,23,5,both
strength,70,1,normal,80,15,100,0,selected-pokemon,physical,1,,tough,23,5,both
absorb,71,1,grass,20,25,100,0,selected-pokemon,special,4,,smart,9,20,both
mega-drain,72,1,grass,40,15,100,0,selected-pokemon,special,4,,smart,4,20,both
leech-seed,73,1,grass,,10,90,0,selected-pokemon,status,85,,smart,8,21,both
growth,74,1,normal,,20,,0,user,status,317,,beauty,32,11,both
razor-leaf,75,1,grass,55,25,95,0,all-opponents,physical,44,,cool,2,5,both
solar-beam,76,1,grass,120,10,100,0,selected-pokemon,special,152,,cool,1,6,both
poison-powder,77,1,poison,,35,75,0,selected-pokemon,status,67,,smart,33,19,both
stun-spore,78,1,grass,,30,75,0,selected-pokemon,status,68,,smart,14,19,both
sleep-powder,79,1,grass,,15,75,0,selected-pokemon,status,2,,smart,5,19,both
petal-dance,80,1,grass,120,10,100,0,random-opponent,special,28,,beauty,6,21,both
string-shot,81,1,bug,,40,95,0,all-opponents,status,61,,smart,9,19,both
dragon-rage,82,1,dragon,,10,100,0,selected-pokemon,special,42,,cool,26,5,both
fire-spin,83,1,fire,35,15,85,0,selected-pokemon,special,43,100,beauty,24,21,both
thunder-shock,84,1,electric,40,30,100,0,selected-pokemon,special,7,10,cool,1,5,both
thunderbolt,85,1,electric,90,15,100,0,selected-pokemon,special,7,10,cool,1,17,both
thunder-wave,86,1,electric,,20,90,0,selected-pokemon,status,68,,cool,14,19,both
thunder,87,1,electric,110,10,70,0,selected-pokemon,special,153,30,cool,8,17,both
rock-throw,88,1,rock,50,15,90,0,selected-pokemon,physical,1,,tough,12,5,both
earthquake,89,1,ground,100,10,100,0,all-other-pokemon,physical,148,,tough,5,18,both
fissure,90,1,ground,,5,30,0,selected-pokemon,physical,39,,tough,14,9,both
dig,91,1,ground,80,10,100,0,selected-pokemon,physical,257,,smart,15,6,both
toxic,92,1,poison,,10,90,0,selected-pokemon,status,34,,smart,33,19,both
confusion,93,1,psychic,50,25,100,0,selected-pokemon,special,77,10,smart,9,5,both
psychic,94,1,psychic,90,10,100,0,selected-pokemon,special,73,10,smart,5,17,both
hypnosis,95,1,psychic,,20,60,0,selected-pokemon,status,2,,smart,5,19,both
meditate,96,1,psychic,,40,,0,user,status,11,,beauty,32,11,both
agility,97,1,psychic,,30,,0,user,status,53,,cool,30,1,both
quick-attack,98,1,normal,40,30,100,1,selected-pokemon,physical,104,,cool,30,1,both
rage,99,1,normal,20,20,100,0,selected-pokemon,physical,82,,cool,17,11,both
teleport,100,1,psychic,,20,,-6,user,status,154,,cool,15,1,both
night-shade,101,1,ghost,,15,100,0,selected-pokemon,special,88,,smart,23,5,both
mimic,102,1,normal,,10,,0,selected-pokemon,status,83,,cute,19,12,both
screech,103,1,normal,,40,85,0,selected-pokemon,status,60,,smart,5,10,both
double-team,104,1,normal,,15,,0,user,status,17,,cool,16,1,both
recover,105,1,normal,,5,,0,user,status,33,,smart,23,8,both
harden,106,1,normal,,30,,0,user,status,12,,tough,16,13,both
minimize,107,1,normal,,10,,0,user,status,109,,cute,16,13,both
smokescreen,108,1,normal,,20,100,0,selected-pokemon,status,24,,smart,22,10,both
confuse-ray,109,1,ghost,,10,100,0,selected-pokemon,status,50,,smart,21,10,both
withdraw,110,1,water,,40,,0,user,status,12,,cute,15,13,both
defense-curl,111,1,normal,,40,,0,user,status,157,,cute,16,13,both
barrier,112,1,psychic,,20,,0,user,status,52,,cool,15,13,both
light-screen,113,1,psychic,,30,,0,users-field,status,36,,beauty,15,13,both
haze,114,1,ice,,30,,0,entire-field,status,26,,beauty,33,13,both
reflect,115,1,psychic,,20,,0,users-field,status,66,,smart,15,13,both
focus-energy,116,1,normal,,30,,0,user,status,48,,cool,5,11,both
bide,117,1,normal,,10,,1,user,physical,27,,tough,15,15,both
metronome,118,1,normal,,10,,0,user,status,84,,cute,17,14,both
mirror-move,119,1,flying,,20,,0,selected-pokemon,status,10,,smart,19,15,both
self-destruct,120,1,normal,200,5,100,0,all-other-pokemon,physical,8,,beauty,7,9,both
egg-bomb,121,1,normal,100,10,75,0,selected-pokemon,physical,1,,tough,1,5,both
lick,122,1,ghost,30,30,100,0,selected-pokemon,physical,7,30,tough,4,16,both
smog,123,1,poison,30,20,70,0,selected-pokemon,special,3,40,tough,5,5,both
sludge,124,1,poison,65,20,100,0,selected-pokemon,special,3,30,tough,4,18,both
bone-club,125,1,ground,65,20,85,0,selected-pokemon,physical,32,10,tough,10,5,both
fire-blast,126,1,fire,110,5,85,0,selected-pokemon,special,5,10,beauty,1,17,both
waterfall,127,1,water,80,15,100,0,selected-pokemon,physical,32,20,tough,28,5,both
clamp,128,1,water,35,15,85,0,selected-pokemon,physical,43,100,tough,24,5,both
swift,129,1,normal,60,20,,0,all-opponents,special,18,,cool,27,17,both
skull-bash,130,1,normal,130,10,100,0,selected-pokemon,physical,146,100,tough,4,6,both
spike-cannon,131,1,normal,20,15,100,0,selected-pokemon,physical,30,,cool,10,7,both
constrict,132,1,normal,10,35,100,0,selected-pokemon,physical,71,10,tough,9,21,both
amnesia,133,1,psychic,,20,,0,user,status,55,,cute,32,11,both
kinesis,134,1,psychic,,15,80,0,selected-pokemon,status,24,,smart,24,11,both
soft-boiled,135,1,normal,,5,,0,user,status,33,,beauty,1,8,both
high-jump-kick,136,1,fighting,130,10,90,0,selected-pokemon,physical,46,,cool,3,5,both
glare,137,1,normal,,30,100,0,selected-pokemon,status,68,,tough,5,19,both
dream-eater,138,1,psychic,100,15,100,0,selected-pokemon,special,9,,smart,8,20,both
poison-gas,139,1,poison,,40,90,0,all-opponents,status,67,,smart,33,5,both
barrage,140,1,normal,15,20,85,0,selected-pokemon,physical,30,,tough,12,7,both
leech-life,141,1,bug,80,10,100,0,selected-pokemon,physical,4,,smart,9,20,both
lovely-kiss,142,1,normal,,10,75,0,selected-pokemon,status,2,,beauty,5,19,both
sky-attack,143,1,flying,140,5,90,0,selected-pokemon,physical,76,30,cool,2,6,both
transform,144,1,normal,,10,,0,selected-pokemon,status,58,,smart,17,23,both
bubble,145,1,water,40,30,100,0,all-opponents,special,71,10,cute,8,2,both
dizzy-punch,146,1,normal,70,10,100,0,selected-pokemon,physical,77,20,cool,4,16,both
spore,147,1,grass,,15,100,0,selected-pokemon,status,2,,beauty,5,10,both
flash,148,1,normal,,20,100,0,selected-pokemon,status,24,,beauty,22,10,both
psywave,149,1,psychic,,15,100,0,selected-pokemon,special,89,,smart,14,5,both
splash,150,1,normal,,40,,0,user,status,86,,cute,28,16,both
acid-armor,151,1,poison,,20,,0,user,status,52,,tough,32,11,both
crabhammer,152,1,water,100,10,90,0,selected-pokemon,physical,44,,tough,2,18,both
explosion,153,1,normal,250,5,100,0,all-other-pokemon,physical,8,,beauty,7,9,both
fury-swipes,154,1,normal,18,15,80,0,selected-pokemon,physical,30,,tough,10,7,both
bonemerang,155,1,ground,50,10,90,0,selected-pokemon,physical,45,,tough,1,7,both
rest,156,1,psychic,,5,,0,user,status,38,,cute,16,8,both
rock-slide,157,1,rock,75,10,90,0,all-opponents,physical,32,30,tough,5,5,both
hyper-fang,158,1,normal,80,15,90,0,selected-pokemon,physical,32,10,cool,4,18,both
sharpen,159,1,normal,,30,,0,user,status,11,,cute,32,11,both
conversion,160,1,normal,,30,,0,user,status,31,,beauty,12,23,both
tri-attack,161,1,normal,80,10,100,0,selected-pokemon,special,37,20,beauty,8,5,both
super-fang,162,1,normal,,10,90,0,selected-pokemon,physical,41,,tough,14,5,both
slash,163,1,normal,70,20,100,0,selected-pokemon,physical,44,,cool,2,5,both
substitute,164,1,normal,,10,,0,user,status,80,,smart,16,23,both
struggle,165,1,normal,50,1,,0,random-opponent,physical,255,,cool,1,5,both
sketch,166,2,normal,,1,,0,selected-pokemon,status,96,,smart,19,23,both
triple-kick,167,2,fighting,10,10,90,0,selected-pokemon,physical,105,,cool,1,7,both
thief,168,2,dark,60,25,100,0,selected-pokemon,physical,106,,tough,20,12,both
spider-web,169,2,bug,,10,,0,selected-pokemon,status,107,,smart,18,13,both
mind-reader,170,2,normal,,5,,0,selected-pokemon,status,95,,smart,24,20,both
nightmare,171,2,ghost,,15,100,0,selected-pokemon,status,108,,smart,5,19,both
flame-wheel,172,2,fire,60,25,100,0,selected-pokemon,physical,126,10,beauty,1,7,both
snore,173,2,normal,50,15,100,0,selected-pokemon,special,93,30,cute,1,5,both
curse,174,2,ghost,,10,,0,specific-move,status,110,,tough,31,21,both
flail,175,2,normal,,15,100,0,selected-pokemon,physical,100,,cute,26,15,both
conversion-2,176,2,normal,,30,,0,selected-pokemon,status,94,,beauty,12,23,both
aeroblast,177,2,flying,100,5,95,0,selected-pokemon,special,44,,cool,2,22,both
cotton-spore,178,2,grass,,40,100,0,all-opponents,status,61,,beauty,10,1,both
reversal,179,2,fighting,,15,100,0,selected-pokemon,physical,100,,cool,28,15,both
spite,180,2,ghost,,10,100,0,selected-pokemon,status,101,,tough,26,19,both
powder-snow,181,2,ice,40,25,100,0,all-opponents,special,6,10,beauty,1,5,both
protect,182,2,normal,,10,,4,user,status,112,,cute,15,16,both
mach-punch,183,2,fighting,40,30,100,1,selected-pokemon,physical,104,,cool,30,1,both
scary-face,184,2,normal,,10,100,0,selected-pokemon,status,61,,tough,10,2,both
feint-attack,185,2,dark,60,20,,0,selected-pokemon,physical,18,,smart,27,18,both
sweet-kiss,186,2,fairy,,10,75,0,selected-pokemon,status,50,,cute,18,19,both
belly-drum,187,2,normal,,10,,0,user,status,143,,cute,32,11,both
sludge-bomb,188,2,poison,90,10,100,0,selected-pokemon,special,3,30,tough,10,18,both
mud-slap,189,2,ground,20,10,100,0,selected-pokemon,special,74,100,cute,10,5,both
octazooka,190,2,water,65,10,85,0,selected-pokemon,special,74,50,tough,10,4,both
spikes,191,2,ground,,20,,0,opponents-field,status,113,,smart,18,13,both
zap-cannon,192,2,electric,120,5,50,0,selected-pokemon,special,7,100,cool,1,4,both
foresight,193,2,normal,,40,,0,selected-pokemon,status,114,,smart,33,20,both
destiny-bond,194,2,ghost,,5,,0,user,status,99,,smart,7,9,both
perish-song,195,2,normal,,5,,0,all-pokemon,status,115,,beauty,14,10,both
icy-wind,196,2,ice,55,15,95,0,all-opponents,special,71,100,beauty,5,2,both
detect,197,2,fighting,,5,,4,user,status,112,,cool,16,16,both
bone-rush,198,2,ground,25,10,90,0,selected-pokemon,physical,30,,tough,1,7,both
lock-on,199,2,normal,,5,,0,selected-pokemon,status,95,,smart,24,20,both
outrage,200,2,dragon,120,10,100,0,random-opponent,physical,28,,cool,6,7,both
sandstorm,201,2,rock,,10,,0,entire-field,status,116,,tough,21,13,both
giga-drain,202,2,grass,75,10,100,0,selected-pokemon,special,4,,smart,10,20,both
endure,203,2,normal,,10,,4,user,status,117,,tough,16,13,both
charm,204,2,fairy,,20,100,0,selected-pokemon,status,59,,cute,23,19,both
rollout,205,2,rock,30,20,90,0,selected-pokemon,physical,118,,tough,24,7,both
false-swipe,206,2,normal,40,40,100,0,selected-pokemon,physical,102,,cool,5,16,both
swagger,207,2,normal,,15,85,0,selected-pokemon,status,119,,cute,27,19,both
milk-drink,208,2,normal,,5,,0,user,status,33,,cute,12,8,both
spark,209,2,electric,65,20,100,0,selected-pokemon,physical,7,30,cool,4,5,both
fury-cutter,210,2,bug,40,20,95,0,selected-pokemon,physical,120,,cool,17,7,both
steel-wing,211,2,steel,70,25,90,0,selected-pokemon,physical,139,10,cool,12,5,both
mean-look,212,2,normal,,5,,0,selected-pokemon,status,107,,beauty,18,10,both
attract,213,2,normal,,15,100,0,selected-pokemon,status,121,,cute,18,19,both
sleep-talk,214,2,normal,,10,,0,user,status,98,,cute,17,5,both
heal-bell,215,2,normal,,5,,0,user-and-allies,status,103,,beauty,28,8,both
return,216,2,normal,,20,100,0,selected-pokemon,physical,122,,cute,13,17,both
present,217,2,normal,,15,90,0,selected-pokemon,physical,123,,cute,17,16,both
frustration,218,2,normal,,20,100,0,selected-pokemon,physical,124,,cute,13,18,both
safeguard,219,2,normal,,25,,0,users-field,status,125,,beauty,15,13,both
pain-split,220,2,normal,,20,,0,selected-pokemon,status,92,,smart,4,10,both
sacred-fire,221,2,fire,100,5,95,0,selected-pokemon,physical,126,50,beauty,1,22,both
magnitude,222,2,ground,,30,100,0,all-other-pokemon,physical,127,,tough,11,18,both
dynamic-punch,223,2,fighting,100,5,50,0,selected-pokemon,physical,77,100,cool,10,18,both
megahorn,224,2,bug,120,10,85,0,selected-pokemon,physical,1,,cool,12,18,both
dragon-breath,225,2,dragon,60,20,100,0,selected-pokemon,special,7,30,cool,5,17,both
baton-pass,226,2,normal,,40,,0,user,status,128,,cute,18,16,both
encore,227,2,normal,,5,100,0,selected-pokemon,status,91,,cute,18,20,both
pursuit,228,2,dark,40,20,100,0,selected-pokemon,physical,129,,smart,14,20,both
rapid-spin,229,2,normal,50,40,100,0,selected-pokemon,physical,130,100,cool,16,17,both
sweet-scent,230,2,normal,,20,100,0,all-opponents,status,25,,cute,5,19,both
iron-tail,231,2,steel,100,15,75,0,selected-pokemon,physical,70,30,cool,4,18,both
metal-claw,232,2,steel,50,35,95,0,selected-pokemon,physical,140,10,cool,1,18,both
vital-throw,233,2,fighting,70,10,,-1,selected-pokemon,physical,79,,cool,31,2,both
morning-sun,234,2,normal,,5,,0,user,status,133,,beauty,25,8,both
synthesis,235,2,grass,,5,,0,user,status,133,,smart,25,8,both
moonlight,236,2,fairy,,5,,0,user,status,133,,beauty,25,8,both
hidden-power,237,2,normal,60,15,100,0,selected-pokemon,special,136,,smart,17,23,both
cross-chop,238,2,fighting,100,5,80,0,selected-pokemon,physical,44,,cool,2,18,both
twister,239,2,dragon,40,20,100,0,all-opponents,special,147,20,cool,21,5,both
rain-dance,240,2,water,,5,,0,entire-field,status,137,,tough,11,13,both
sunny-day,241,2,fire,,5,,0,entire-field,status,138,,beauty,11,13,both
crunch,242,2,dark,80,15,100,0,selected-pokemon,physical,70,20,tough,4,18,both
mirror-coat,243,2,psychic,,20,100,-5,specific-move,special,145,,beauty,16,15,both
psych-up,244,2,normal,,10,,0,selected-pokemon,status,144,,smart,12,11,both
extreme-speed,245,2,normal,80,5,100,2,selected-pokemon,physical,104,,cool,30,1,both
ancient-power,246,2,rock,60,5,100,0,selected-pokemon,special,141,10,tough,32,18,both
shadow-ball,247,2,ghost,80,15,100,0,selected-pokemon,special,73,20,smart,22,17,both
future-sight,248,2,psychic,120,10,100,0,selected-pokemon,special,149,,smart,24,17,both
rock-smash,249,2,fighting,40,15,100,0,selected-pokemon,physical,70,50,tough,29,18,both
whirlpool,250,2,water,35,15,85,0,selected-pokemon,special,262,100,beauty,24,21,both
beat-up,251,2,dark,,10,100,0,selected-pokemon,physical,155,,smart,14,7,both
fake-out,252,3,normal,40,10,100,3,selected-pokemon,physical,159,100,cute,23,17,both
uproar,253,3,normal,90,10,100,0,random-opponent,special,160,,cute,21,10,both
stockpile,254,3,normal,,20,,0,user,status,161,,tough,16,11,both
spit-up,255,3,normal,,10,100,0,selected-pokemon,special,162,,tough,1,18,both
swallow,256,3,normal,,10,,0,user,status,163,,tough,32,8,both
heat-wave,257,3,fire,95,10,90,0,all-opponents,special,5,10,beauty,1,17,both
hail,258,3,ice,,10,,0,entire-field,status,165,,beauty,5,13,both
torment,259,3,dark,,15,100,0,selected-pokemon,status,166,,tough,18,16,both
flatter,260,3,dark,,15,100,0,selected-pokemon,status,167,,smart,18,19,both
will-o-wisp,261,3,fire,,15,85,0,selected-pokemon,status,168,,beauty,4,17,both
memento,262,3,dark,,10,100,0,selected-pokemon,status,169,,tough,7,9,both
facade,263,3,normal,70,20,100,0,selected-pokemon,physical,170,,cute,28,15,both
focus-punch,264,3,fighting,150,20,100,-3,selected-pokemon,physical,171,,tough,31,6,both
smelling-salts,265,3,normal,70,10,100,0,selected-pokemon,physical,172,,smart,9,16,both
follow-me,266,3,normal,,20,,2,user,status,173,,cute,24,14,both
nature-power,267,3,normal,,20,,0,selected-pokemon,status,174,,beauty,11,14,both
charge,268,3,electric,,20,,0,user,status,175,,smart,12,11,both
taunt,269,3,dark,,20,100,0,selected-pokemon,status,176,,smart,18,16,both
helping-hand,270,3,normal,,20,,5,ally,status,177,,smart,18,20,both
trick,271,3,psychic,,10,100,0,selected-pokemon,status,178,,smart,12,12,both
role-play,272,3,psychic,,10,,0,selected-pokemon,status,179,,cute,20,23,both
wish,273,3,normal,,10,,0,user,status,180,,cute,24,8,both
assist,274,3,normal,,20,,0,user,status,181,,cute,25,14,both
ingrain,275,3,grass,,20,,0,user,status,182,,smart,15,21,both
superpower,276,3,fighting,120,5,100,0,selected-pokemon,physical,183,100,tough,3,18,both
magic-coat,277,3,psychic,,15,,4,user,status,184,,beauty,15,15,both
recycle,278,3,normal,,10,,0,user,status,185,,smart,17,12,both
revenge,279,3,fighting,60,10,100,-4,selected-pokemon,physical,186,,tough,31,15,both
brick-break,280,3,fighting,75,15,100,0,selected-pokemon,physical,187,,cool,4,5,both
yawn,281,3,normal,,10,,0,selected-pokemon,status,188,,cute,18,19,both
knock-off,282,3,dark,65,20,100,0,selected-pokemon,physical,189,,smart,4,5,both
endeavor,283,3,normal,,5,100,0,selected-pokemon,physical,190,,tough,28,15,both
eruption,284,3,fire,150,5,100,0,all-opponents,special,191,,beauty,26,18,both
skill-swap,285,3,psychic,,10,,0,selected-pokemon,status,192,,smart,20,12,both
imprison,286,3,psychic,,10,,0,user,status,193,,smart,33,20,both
refresh,287,3,normal,,20,,0,user,status,194,,cute,32,8,both
grudge,288,3,ghost,,5,,0,user,status,195,,tough,26,10,both
snatch,289,3,dark,,10,,4,user,status,196,,smart,14,12,both
secret-power,290,3,normal,70,20,100,0,selected-pokemon,physical,198,30,smart,29,14,both
dive,291,3,water,80,10,100,0,selected-pokemon,physical,256,,beauty,16,6,both
arm-thrust,292,3,fighting,15,20,100,0,selected-pokemon,physical,30,,tough,10,7,both
camouflage,293,3,normal,,20,,0,user,status,214,,smart,2,13,both
tail-glow,294,3,bug,,20,,0,user,status,322,,beauty,32,11,both
luster-purge,295,3,psychic,95,5,100,0,selected-pokemon,special,73,50,smart,9,22,both
mist-ball,296,3,psychic,95,5,100,0,selected-pokemon,special,72,50,smart,4,22,both
feather-dance,297,3,flying,,15,100,0,selected-pokemon,status,59,,beauty,28,19,both
teeter-dance,298,3,normal,,20,100,0,all-other-pokemon,status,200,,cute,6,14,both
blaze-kick,299,3,fire,85,10,90,0,selected-pokemon,physical,201,10,beauty,1,17,both
mud-sport,300,3,ground,,15,,0,entire-field,status,202,,cute,1,13,both
ice-ball,301,3,ice,30,20,90,0,selected-pokemon,physical,118,,beauty,24,7,both
needle-arm,302,3,grass,60,15,100,0,selected-pokemon,physical,32,30,smart,4,5,both
slack-off,303,3,normal,,5,,0,user,status,33,,cute,26,8,both
hyper-voice,304,3,normal,90,10,100,0,all-opponents,special,1,,cool,5,5,both
poison-fang,305,3,poison,50,15,100,0,selected-pokemon,physical,203,50,smart,33,4,both
crush-claw,306,3,normal,75,10,95,0,selected-pokemon,physical,70,50,cool,4,5,both
blast-burn,307,3,fire,150,5,90,0,selected-pokemon,special,81,,beauty,6,22,both
hydro-cannon,308,3,water,150,5,90,0,selected-pokemon,special,81,,beauty,6,22,both
meteor-mash,309,3,steel,90,10,90,0,selected-pokemon,physical,140,20,cool,12,18,both
astonish,310,3,ghost,30,15,100,0,selected-pokemon,physical,32,30,smart,9,5,both
weather-ball,311,3,normal,50,10,100,0,selected-pokemon,special,204,,smart,1,4,both
aromatherapy,312,3,grass,,5,,0,user-and-allies,status,103,,smart,28,8,both
fake-tears,313,3,dark,,20,100,0,selected-pokemon,status,63,,smart,28,19,both
air-cutter,314,3,flying,60,25,95,0,all-opponents,special,44,,cool,23,5,both
overheat,315,3,fire,130,5,90,0,selected-pokemon,special,205,100,beauty,3,22,both
odor-sleuth,316,3,normal,,40,,0,selected-pokemon,status,114,,smart,33,20,both
rock-tomb,317,3,rock,60,15,95,0,selected-pokemon,physical,71,100,smart,24,2,both
silver-wind,318,3,bug,60,5,100,0,selected-pokemon,special,141,10,beauty,32,4,both
metal-sound,319,3,steel,,40,85,0,selected-pokemon,status,63,,smart,5,10,both
grass-whistle,320,3,grass,,15,55,0,selected-pokemon,status,2,,smart,5,19,both
tickle,321,3,normal,,20,100,0,selected-pokemon,status,206,,cute,33,19,both
cosmic-power,322,3,psychic,,20,,0,user,status,207,,cool,32,11,both
water-spout,323,3,water,150,5,100,0,all-opponents,special,191,,beauty,26,22,both
signal-beam,324,3,bug,75,15,100,0,selected-pokemon,special,77,10,beauty,21,4,both
shadow-punch,325,3,ghost,60,20,,0,selected-pokemon,physical,18,,smart,27,17,both
extrasensory,326,3,psychic,80,20,100,0,selected-pokemon,special,32,10,cool,4,17,both
sky-uppercut,327,3,fighting,85,15,90,0,selected-pokemon,physical,208,,cool,23,17,both
sand-tomb,328,3,ground,35,15,85,0,selected-pokemon,physical,43,100,smart,24,21,both
sheer-cold,329,3,ice,,5,30,0,selected-pokemon,special,39,,beauty,14,9,both
muddy-water,330,3,water,90,10,85,0,all-opponents,special,74,30,tough,10,18,both
bullet-seed,331,3,grass,25,30,100,0,selected-pokemon,physical,30,,cool,14,7,both
aerial-ace,332,3,flying,60,20,,0,selected-pokemon,physical,18,,cool,27,17,both
icicle-spear,333,3,ice,25,30,100,0,selected-pokemon,physical,30,,beauty,23,7,both
iron-defense,334,3,steel,,15,,0,user,status,52,,tough,15,13,both
block,335,3,normal,,5,,0,selected-pokemon,status,107,,cute,18,13,both
howl,336,3,normal,,40,,0,user-and-allies,status,11,,cool,32,11,both
dragon-claw,337,3,dragon,80,15,100,0,selected-pokemon,physical,1,,cool,23,17,both
frenzy-plant,338,3,grass,150,5,90,0,selected-pokemon,special,81,,cool,6,22,both
bulk-up,339,3,fighting,,20,,0,user,status,209,,beauty,32,11,both
bounce,340,3,flying,85,5,85,0,selected-pokemon,physical,264,30,cute,15,6,both
mud-shot,341,3,ground,55,15,95,0,selected-pokemon,special,71,100,tough,5,2,both
poison-tail,342,3,poison,50,25,100,0,selected-pokemon,physical,210,10,smart,33,4,both
covet,343,3,normal,60,25,100,0,selected-pokemon,physical,106,,cute,20,12,both
volt-tackle,344,3,electric,120,15,100,0,selected-pokemon,physical,263,10,cool,3,22,both
magical-leaf,345,3,grass,60,20,,0,selected-pokemon,special,18,,beauty,27,17,both
water-sport,346,3,water,,15,,0,entire-field,status,211,,cute,1,13,both
calm-mind,347,3,psychic,,20,,0,user,status,212,,smart,16,11,both
leaf-blade,348,3,grass,90,15,100,0,selected-pokemon,physical,44,,cool,2,17,both
dragon-dance,349,3,dragon,,20,,0,user,status,213,,cool,32,11,both
rock-blast,350,3,rock,25,10,90,0,selected-pokemon,physical,30,,tough,12,7,both
shock-wave,351,3,electric,60,20,,0,selected-pokemon,special,18,,cool,27,17,both
water-pulse,352,3,water,60,20,100,0,selected-pokemon,special,77,20,beauty,21,17,both
doom-desire,353,3,steel,140,5,100,0,selected-pokemon,special,149,,cool,24,17,both
psycho-boost,354,3,psychic,140,5,90,0,selected-pokemon,special,205,100,smart,3,22,both
roost,355,4,flying,,5,,0,user,status,215,,cool,,8,both
gravity,356,4,psychic,,5,,0,entire-field,status,216,,beauty,,13,both
miracle-eye,357,4,psychic,,40,,0,selected-pokemon,status,217,,cute,,20,both
wake-up-slap,358,4,fighting,70,10,100,0,selected-pokemon,physical,218,,smart,,16,both
hammer-arm,359,4,fighting,100,10,90,0,selected-pokemon,physical,219,100,cool,,2,both
gyro-ball,360,4,steel,,5,100,0,selected-pokemon,physical,220,,beauty,,15,both
healing-wish,361,4,psychic,,10,,0,user,status,221,,cute,,8,both
brine,362,4,water,65,10,100,0,selected-pokemon,special,222,,smart,,4,both
natural-gift,363,4,normal,,15,100,0,selected-pokemon,physical,223,,cool,,18,both
feint,364,4,normal,30,10,100,2,selected-pokemon,physical,224,,beauty,,16,both
pluck,365,4,flying,60,20,100,0,selected-pokemon,physical,225,,cute,,12,both
tailwind,366,4,flying,,15,,0,users-field,status,226,,smart,,1,both
acupressure,367,4,normal,,30,,0,user-or-ally,status,227,,cool,,11,both
metal-burst,368,4,steel,,10,100,0,specific-move,physical,228,,beauty,,15,both
u-turn,369,4,bug,70,20,100,0,selected-pokemon,physical,229,,cute,,16,both
close-combat,370,4,fighting,120,5,100,0,selected-pokemon,physical,230,100,smart,,22,both
payback,371,4,dark,50,10,100,0,selected-pokemon,physical,231,,cool,,6,both
assurance,372,4,dark,60,10,100,0,selected-pokemon,physical,232,,beauty,,15,both
embargo,373,4,dark,,15,100,0,selected-pokemon,status,233,,cute,,13,both
fling,374,4,dark,,10,100,0,selected-pokemon,physical,234,,tough,,23,both
psycho-shift,375,4,psychic,,10,100,0,selected-pokemon,status,235,,cool,,16,both
trump-card,376,4,normal,,5,,0,selected-pokemon,special,236,,cool,,21,both
heal-block,377,4,psychic,,15,100,0,all-opponents,status,237,,cute,,13,both
wring-out,378,4,normal,,5,100,0,selected-pokemon,special,238,,smart,,22,both
power-trick,379,4,psychic,,10,,0,user,status,239,,cool,,16,both
gastro-acid,380,4,poison,,10,100,0,selected-pokemon,status,240,,beauty,,13,both
lucky-chant,381,4,normal,,30,,0,users-field,status,241,,cute,,13,both
me-first,382,4,normal,,20,,0,selected-pokemon-me-first,status,242,,cute,,1,both
copycat,383,4,normal,,20,,0,user,status,243,,cool,,12,both
power-swap,384,4,psychic,,10,,0,selected-pokemon,status,244,,beauty,,16,both
guard-swap,385,4,psychic,,10,,0,selected-pokemon,status,245,,cute,,16,both
punishment,386,4,dark,,5,100,0,selected-pokemon,physical,246,,smart,,23,both
last-resort,387,4,normal,140,5,100,0,selected-pokemon,physical,247,,cute,,21,both
worry-seed,388,4,grass,,10,100,0,selected-pokemon,status,248,,beauty,,19,both
sucker-punch,389,4,dark,70,5,100,1,selected-pokemon,physical,249,,smart,,1,both
toxic-spikes,390,4,poison,,20,,0,opponents-field,status,250,,smart,,13,both
heart-swap,391,4,psychic,,10,,0,selected-pokemon,status,251,,cool,,16,both
aqua-ring,392,4,water,,20,,0,user,status,252,,beauty,,8,both
magnet-rise,393,4,electric,,10,,0,user,status,253,,cute,,13,both
flare-blitz,394,4,fire,120,15,100,0,selected-pokemon,physical,254,10,smart,,22,both
force-palm,395,4,fighting,60,10,100,0,selected-pokemon,physical,7,30,cool,,18,both
aura-sphere,396,4,fighting,80,20,,0,selected-pokemon,special,18,,beauty,,17,both
rock-polish,397,4,rock,,20,,0,user,status,53,,tough,,1,both
poison-jab,398,4,poison,80,20,100,0,selected-pokemon,physical,3,30,smart,,4,both
dark-pulse,399,4,dark,80,15,100,0,selected-pokemon,special,32,20,cool,,17,both
night-slash,400,4,dark,70,15,100,0,selected-pokemon,physical,44,,beauty,,5,both
aqua-tail,401,4,water,90,10,90,0,selected-pokemon,physical,1,,cute,,5,both
seed-bomb,402,4,grass,80,15,100,0,selected-pokemon,physical,1,,smart,,5,both
air-slash,403,4,flying,75,15,95,0,selected-pokemon,special,32,30,cool,,17,both
x-scissor,404,4,bug,80,15,100,0,selected-pokemon,physical,1,,beauty,,17,both
bug-buzz,405,4,bug,90,10,100,0,selected-pokemon,special,73,10,cute,,4,both
dragon-pulse,406,4,dragon,85,10,100,0,selected-pokemon,special,1,,smart,,4,both
dragon-rush,407,4,dragon,100,10,75,0,selected-pokemon,physical,32,20,cool,,18,both
power-gem,408,4,rock,80,20,100,0,selected-pokemon,special,1,,beauty,,5,both
drain-punch,409,4,fighting,75,10,100,0,selected-pokemon,physical,4,,beauty,,20,both
vacuum-wave,410,4,fighting,40,30,100,1,selected-pokemon,special,104,,smart,,1,both
focus-blast,411,4,fighting,120,5,70,0,selected-pokemon,special,73,10,cool,,17,both
energy-ball,412,4,grass,90,10,100,0,selected-pokemon,special,73,10,beauty,,17,both
brave-bird,413,4,flying,120,15,100,0,selected-pokemon,physical,199,,cute,,18,both
earth-power,414,4,ground,90,10,100,0,selected-pokemon,special,73,10,smart,,18,both
switcheroo,415,4,dark,,10,100,0,selected-pokemon,status,178,,cool,,12,both
giga-impact,416,4,normal,150,5,90,0,selected-pokemon,physical,81,,beauty,,22,both
nasty-plot,417,4,dark,,20,,0,user,status,54,,cute,,11,both
bullet-punch,418,4,steel,40,30,100,1,selected-pokemon,physical,104,,smart,,1,both
avalanche,419,4,ice,60,10,100,-4,selected-pokemon,physical,186,,cool,,15,both
ice-shard,420,4,ice,40,30,100,1,selected-pokemon,physical,104,,beauty,,1,both
shadow-claw,421,4,ghost,70,15,100,0,selected-pokemon,physical,44,,cute,,17,both
thunder-fang,422,4,electric,65,15,95,0,selected-pokemon,physical,276,10,smart,,5,both
ice-fang,423,4,ice,65,15,95,0,selected-pokemon,physical,275,10,cool,,5,both
fire-fang,424,4,fire,65,15,95,0,selected-pokemon,physical,274,10,beauty,,5,both
shadow-sneak,425,4,ghost,40,30,100,1,selected-pokemon,physical,104,,smart,,1,both
mud-bomb,426,4,ground,65,10,85,0,selected-pokemon,special,74,30,smart,,18,both
psycho-cut,427,4,psychic,70,20,100,0,selected-pokemon,physical,44,,cool,,17,both
zen-headbutt,428,4,psychic,80,15,90,0,selected-pokemon,physical,32,20,beauty,,18,both
mirror-shot,429,4,steel,65,10,85,0,selected-pokemon,special,74,30,cute,,17,both
flash-cannon,430,4,steel,80,10,100,0,selected-pokemon,special,73,10,smart,,17,both
rock-climb,431,4,normal,90,20,85,0,selected-pokemon,physical,77,20,cool,,18,both
defog,432,4,flying,,15,,0,selected-pokemon,status,259,,beauty,,13,both
trick-room,433,4,psychic,,5,,-7,entire-field,status,260,,cute,,14,both
draco-meteor,434,4,dragon,130,5,90,0,selected-pokemon,special,205,100,smart,,22,both
discharge,435,4,electric,80,15,100,0,all-other-pokemon,special,7,30,cool,,17,both
lava-plume,436,4,fire,80,15,100,0,all-other-pokemon,special,5,30,tough,,17,both
leaf-storm,437,4,grass,130,5,90,0,selected-pokemon,special,205,100,cute,,22,both
power-whip,438,4,grass,120,10,85,0,selected-pokemon,physical,1,,beauty,,5,both
rock-wrecker,439,4,rock,150,5,90,0,selected-pokemon,physical,81,,tough,,22,both
cross-poison,440,4,poison,70,20,100,0,selected-pokemon,physical,210,10,cool,,5,both
gunk-shot,441,4,poison,120,5,80,0,selected-pokemon,physical,3,30,cool,,5,both
iron-head,442,4,steel,80,15,100,0,selected-pokemon,physical,32,30,tough,,18,both
magnet-bomb,443,4,steel,60,20,,0,selected-pokemon,physical,18,,cool,,5,both
stone-edge,444,4,rock,100,5,80,0,selected-pokemon,physical,44,,tough,,4,both
captivate,445,4,normal,,20,100,0,all-opponents,status,266,,beauty,,19,both
stealth-rock,446,4,rock,,20,,0,opponents-field,status,267,,cool,,13,both
grass-knot,447,4,grass,,20,100,0,selected-pokemon,special,197,,smart,,4,both
chatter,448,4,flying,65,20,100,0,selected-pokemon,special,268,100,smart,,23,both
judgment,449,4,normal,100,10,100,0,selected-pokemon,special,269,,smart,,14,both
bug-bite,450,4,bug,60,20,100,0,selected-pokemon,physical,225,,tough,,12,both
charge-beam,451,4,electric,50,10,90,0,selected-pokemon,special,277,70,beauty,,17,both
wood-hammer,452,4,grass,120,15,100,0,selected-pokemon,physical,199,,tough,,18,both
aqua-jet,453,4,water,40,20,100,1,selected-pokemon,physical,104,,beauty,,1,both
attack-order,454,4,bug,90,15,100,0,selected-pokemon,physical,44,,smart,,4,both
defend-order,455,4,bug,,10,,0,user,status,207,,smart,,11,both
heal-order,456,4,bug,,10,,0,user,status,33,,smart,,8,both
head-smash,457,4,rock,150,5,80,0,selected-pokemon,physical,270,,tough,,22,both
double-hit,458,4,normal,35,10,90,0,selected-pokemon,physical,45,,smart,,7,both
roar-of-time,459,4,dragon,150,5,90,0,selected-pokemon,special,81,,cool,,22,both
spacial-rend,460,4,dragon,100,5,95,0,selected-pokemon,special,44,,tough,,4,both
lunar-dance,461,4,psychic,,10,,0,user,status,271,,beauty,,8,both
crush-grip,462,4,normal,,5,100,0,selected-pokemon,physical,238,,tough,,15,both
magma-storm,463,4,fire,100,5,75,0,selected-pokemon,special,43,100,tough,,7,both
dark-void,464,4,dark,,10,50,0,all-opponents,status,2,,smart,,19,both
seed-flare,465,4,grass,120,5,85,0,selected-pokemon,special,272,40,cool,,22,both
ominous-wind,466,4,ghost,60,5,100,0,selected-pokemon,special,141,10,smart,,11,both
shadow-force,467,4,ghost,120,5,100,0,selected-pokemon,physical,273,,smart,,22,both
hone-claws,468,5,dark,,15,,0,user,status,278,,,,,both
wide-guard,469,5,rock,,10,,3,users-field,status,279,,,,,both
guard-split,470,5,psychic,,10,,0,selected-pokemon,status,280,,,,,both
power-split,471,5,psychic,,10,,0,selected-pokemon,status,281,,,,,both
wonder-room,472,5,psychic,,10,,0,entire-field,status,282,,,,,both
psyshock,473,5,psychic,80,10,100,0,selected-pokemon,special,283,,,,,both
venoshock,474,5,poison,65,10,100,0,selected-pokemon,special,284,,,,,both
autotomize,475,5,steel,,15,,0,user,status,285,,,,,both
rage-powder,476,5,bug,,20,,2,user,status,173,,,,,both
telekinesis,477,5,psychic,,15,,0,selected-pokemon,status,286,,,,,both
magic-room,478,5,psychic,,10,,0,entire-field,status,287,,,,,both
smack-down,479,5,rock,50,15,100,0,selected-pokemon,physical,288,100,,,,both
storm-throw,480,5,fighting,60,10,100,0,selected-pokemon,physical,289,,,,,both
flame-burst,481,5,fire,70,15,100,0,selected-pokemon,special,290,,,,,both
sludge-wave,482,5,poison,95,10,100,0,all-other-pokemon,special,3,10,,,,both
quiver-dance,483,5,bug,,20,,0,user,status,291,,,,,both
heavy-slam,484,5,steel,,10,100,0,selected-pokemon,physical,292,,,,,both
synchronoise,485,5,psychic,120,10,100,0,all-other-pokemon,special,293,,,,,both
electro-ball,486,5,electric,,10,100,0,selected-pokemon,special,294,,,,,both
soak,487,5,water,,20,100,0,selected-pokemon,status,295,,,,,both
flame-charge,488,5,fire,50,20,100,0,selected-pokemon,physical,296,100,,,,both
coil,489,5,poison,,20,,0,user,status,323,,,,,both
low-sweep,490,5,fighting,65,20,100,0,selected-pokemon,physical,21,100,,,,both
acid-spray,491,5,poison,40,20,100,0,selected-pokemon,special,297,100,,,,both
foul-play,492,5,dark,95,15,100,0,selected-pokemon,physical,298,,,,,both
simple-beam,493,5,normal,,15,100,0,selected-pokemon,status,299,,,,,both
entrainment,494,5,normal,,15,100,0,selected-pokemon,status,300,,,,,both
after-you,495,5,normal,,15,,0,selected-pokemon,status,301,,,,,both
round,496,5,normal,60,15,100,0,selected-pokemon,special,302,,,,,both
echoed-voice,497,5,normal,40,15,100,0,selected-pokemon,special,303,,,,,both
chip-away,498,5,normal,70,20,100,0,selected-pokemon,physical,304,,,,,both
clear-smog,499,5,poison,50,15,,0,selected-pokemon,special,305,,,,,both
stored-power,500,5,psychic,20,10,100,0,selected-pokemon,special,306,,,,,both
quick-guard,501,5,fighting,,15,,3,users-field,status,307,,,,,both
ally-switch,502,5,psychic,,15,,2,user,status,308,,,,,both
scald,503,5,water,80,15,100,0,selected-pokemon,special,5,30,,,,both
shell-smash,504,5,normal,,15,,0,user,status,309,,,,,both
heal-pulse,505,5,psychic,,10,,0,selected-pokemon,status,310,,,,,both
hex,506,5,ghost,65,10,100,0,selected-pokemon,special,311,,,,,both
sky-drop,507,5,flying,60,10,100,0,selected-pokemon,physical,312,,,,,both
shift-gear,508,5,steel,,10,,0,user,status,313,,,,,both
circle-throw,509,5,fighting,60,10,90,-6,selected-pokemon,physical,314,,,,,both
incinerate,510,5,fire,60,15,100,0,all-opponents,special,315,,,,,both
quash,511,5,dark,,15,100,0,selected-pokemon,status,316,,,,,both
acrobatics,512,5,flying,55,15,100,0,selected-pokemon,physical,318,,,,,both
reflect-type,513,5,normal,,15,,0,selected-pokemon,status,319,,,,,both
retaliate,514,5,normal,70,5,100,0,selected-pokemon,physical,320,,,,,both
final-gambit,515,5,fighting,,5,100,0,selected-pokemon,special,321,,,,,both
bestow,516,5,normal,,15,,0,selected-pokemon,status,324,,,,,both
inferno,517,5,fire,100,5,50,0,selected-pokemon,special,5,100,,,,both
water-pledge,518,5,water,80,10,100,0,selected-pokemon,special,325,,,,,both
fire-pledge,519,5,fire,80,10,100,0,selected-pokemon,special,326,,,,,both
grass-pledge,520,5,grass,80,10,100,0,selected-pokemon,special,327,,,,,both
volt-switch,521,5,electric,70,20,100,0,selected-pokemon,special,229,,,,,both
struggle-bug,522,5,bug,50,20,100,0,all-opponents,special,72,100,,,,both
bulldoze,523,5,ground,60,20,100,0,all-other-pokemon,physical,71,100,,,,both
frost-breath,524,5,ice,60,10,90,0,selected-pokemon,special,289,100,,,,both
dragon-tail,525,5,dragon,60,10,90,-6,selected-pokemon,physical,314,,,,,both
work-up,526,5,normal,,30,,0,user,status,328,,,,,both
electroweb,527,5,electric,55,15,95,0,all-opponents,special,21,100,,,,both
wild-charge,528,5,electric,90,15,100,0,selected-pokemon,physical,49,,,,,both
drill-run,529,5,ground,80,10,95,0,selected-pokemon,physical,44,,,,,both
dual-chop,530,5,dragon,40,15,90,0,selected-pokemon,physical,45,,,,,both
heart-stamp,531,5,psychic,60,25,100,0,selected-pokemon,physical,32,30,,,,both
horn-leech,532,5,grass,75,10,100,0,selected-pokemon,physical,4,,,,,both
sacred-sword,533,5,fighting,90,15,100,0,selected-pokemon,physical,304,,,,,both
razor-shell,534,5,water,75,10,95,0,selected-pokemon,physical,70,50,,,,both
heat-crash,535,5,fire,,10,100,0,selected-pokemon,physical,292,,,,,both
leaf-tornado,536,5,grass,65,10,90,0,selected-pokemon,special,74,50,,,,both
steamroller,537,5,bug,65,20,100,0,selected-pokemon,physical,151,30,,,,both
cotton-guard,538,5,grass,,10,,0,user,status,329,,,,,both
night-daze,539,5,dark,85,10,95,0,selected-pokemon,special,74,40,,,,both
psystrike,540,5,psychic,100,10,100,0,selected-pokemon,special,283,,,,,both
tail-slap,541,5,normal,25,10,85,0,selected-pokemon,physical,30,,,,,both
hurricane,542,5,flying,110,10,70,0,selected-pokemon,special,334,30,,,,both
head-charge,543,5,normal,120,15,100,0,selected-pokemon,physical,49,,,,,both
gear-grind,544,5,steel,50,15,85,0,selected-pokemon,physical,45,,,,,both
searing-shot,545,5,fire,100,5,100,0,all-other-pokemon,special,5,30,,,,both
techno-blast,546,5,normal,120,5,100,0,selected-pokemon,special,269,,,,,both
relic-song,547,5,normal,75,10,100,0,all-opponents,special,330,10,,,,both
secret-sword,548,5,fighting,85,10,100,0,selected-pokemon,special,283,,,,,both
glaciate,549,5,ice,65,10,95,0,all-opponents,special,331,100,,,,both
bolt-strike,550,5,electric,130,5,85,0,selected-pokemon,physical,7,20,,,,both
blue-flare,551,5,fire,130,5,85,0,selected-pokemon,special,5,20,,,,both
fiery-dance,552,5,fire,80,10,100,0,selected-pokemon,special,277,50,,,,both
freeze-shock,553,5,ice,140,5,90,0,selected-pokemon,physical,332,30,,,,both
ice-burn,554,5,ice,140,5,90,0,selected-pokemon,special,333,30,,,,both
snarl,555,5,dark,55,15,95,0,all-opponents,special,72,100,,,,both
icicle-crash,556,5,ice,85,10,90,0,selected-pokemon,physical,32,30,,,,both
v-create,557,5,fire,180,5,95,0,selected-pokemon,physical,335,100,,,,both
fusion-flare,558,5,fire,100,5,100,0,selected-pokemon,special,336,,,,,both
fusion-bolt,559,5,electric,100,5,100,0,selected-pokemon,physical,337,,,,,both
flying-press,560,6,fighting,100,10,95,0,selected-pokemon,physical,338,,,,,both
mat-block,561,6,fighting,,10,,0,users-field,status,377,,,,,both
belch,562,6,poison,120,10,90,0,selected-pokemon,special,339,,,,,both
rototiller,563,6,ground,,10,,0,all-pokemon,status,340,100,,,,both
sticky-web,564,6,bug,,20,,0,opponents-field,status,341,,,,,both
fell-stinger,565,6,bug,50,25,100,0,selected-pokemon,physical,342,,,,,both
phantom-force,566,6,ghost,90,10,100,0,selected-pokemon,physical,273,,,,,both
trick-or-treat,567,6,ghost,,20,100,0,selected-pokemon,status,343,,,,,both
noble-roar,568,6,normal,,30,100,0,selected-pokemon,status,344,100,,,,both
ion-deluge,569,6,electric,,25,,1,entire-field,status,345,,,,,both
parabolic-charge,570,6,electric,65,20,100,0,all-other-pokemon,special,346,,,,,both
forests-curse,571,6,grass,,20,100,0,selected-pokemon,status,376,,,,,both
petal-blizzard,572,6,grass,90,15,100,0,all-other-pokemon,physical,379,,,,,both
freeze-dry,573,6,ice,70,20,100,0,selected-pokemon,special,380,10,,,,both
disarming-voice,574,6,fairy,40,15,,0,all-opponents,special,381,,,,,both
parting-shot,575,6,dark,,20,100,0,selected-pokemon,status,347,100,,,,both
topsy-turvy,576,6,dark,,20,,0,selected-pokemon,status,348,,,,,both
draining-kiss,577,6,fairy,50,10,100,0,selected-pokemon,special,349,,,,,both
crafty-shield,578,6,fairy,,10,,3,users-field,status,350,,,,,both
flower-shield,579,6,fairy,,10,,0,all-pokemon,status,351,100,,,,both
grassy-terrain,580,6,grass,,10,,0,entire-field,status,352,,,,,both
misty-terrain,581,6,fairy,,10,,0,entire-field,status,353,,,,,both
electrify,582,6,electric,,20,,0,selected-pokemon,status,354,,,,,both
play-rough,583,6,fairy,90,10,90,0,selected-pokemon,physical,69,10,,,,both
fairy-wind,584,6,fairy,40,30,100,0,selected-pokemon,special,1,,,,,both
moonblast,585,6,fairy,95,15,100,0,selected-pokemon,special,72,30,,,,both
boomburst,586,6,normal,140,10,100,0,all-other-pokemon,special,379,,,,,both
fairy-lock,587,6,fairy,,10,,0,entire-field,status,355,,,,,both
kings-shield,588,6,steel,,10,,4,user,status,356,,,,,both
play-nice,589,6,normal,,20,,0,selected-pokemon,status,357,100,,,,both
confide,590,6,normal,,20,,0,selected-pokemon,status,358,100,,,,both
diamond-storm,591,6,rock,100,5,95,0,all-opponents,physical,359,50,,,,both
steam-eruption,592,6,water,110,5,95,0,selected-pokemon,special,5,30,,,,both
hyperspace-hole,593,6,psychic,80,5,,0,selected-pokemon,special,360,,,,,both
water-shuriken,594,6,water,15,20,100,1,selected-pokemon,special,361,,,,,both
mystical-fire,595,6,fire,75,10,100,0,selected-pokemon,special,72,100,,,,both
spiky-shield,596,6,grass,,10,,4,user,status,362,,,,,both
aromatic-mist,597,6,fairy,,20,,0,ally,status,363,,,,,both
eerie-impulse,598,6,electric,,15,100,0,selected-pokemon,status,62,,,,,both
venom-drench,599,6,poison,,20,100,0,all-opponents,status,364,100,,,,both
powder,600,6,bug,,20,100,1,selected-pokemon,status,378,,,,,both
geomancy,601,6,fairy,,10,,0,user,status,366,,,,,both
magnetic-flux,602,6,electric,,20,,0,user-and-allies,status,367,,,,,both
happy-hour,603,6,normal,,30,,0,users-field,status,368,,,,,both
electric-terrain,604,6,electric,,10,,0,entire-field,status,369,,,,,both
dazzling-gleam,605,6,fairy,80,10,100,0,all-opponents,special,1,,,,,both
celebrate,606,6,normal,,40,,0,user,status,370,,,,,both
hold-hands,607,6,normal,,40,,0,ally,status,371,,,,,both
baby-doll-eyes,608,6,fairy,,30,100,1,selected-pokemon,status,365,,,,,both
nuzzle,609,6,electric,20,20,100,0,selected-pokemon,physical,372,100,,,,both
hold-back,610,6,normal,40,40,100,0,selected-pokemon,physical,102,,,,,both
infestation,611,6,bug,20,20,100,0,selected-pokemon,special,43,100,,,,both
power-up-punch,612,6,fighting,40,20,100,0,selected-pokemon,physical,375,100,,,,both
oblivion-wing,613,6,flying,80,10,100,0,selected-pokemon,special,349,,,,,both
thousand-arrows,614,6,ground,90,10,100,0,all-opponents,physical,373,100,,,,both
thousand-waves,615,6,ground,90,10,100,0,all-opponents,physical,374,,,,,both
lands-wrath,616,6,ground,90,10,100,0,all-opponents,physical,1,,,,,both
light-of-ruin,617,6,fairy,140,5,90,0,selected-pokemon,special,270,,,,,both
origin-pulse,618,6,water,110,10,85,0,all-opponents,special,1,,,,,both
precipice-blades,619,6,ground,120,10,85,0,all-opponents,physical,1,,,,,both
dragon-ascent,620,6,flying,120,5,100,0,selected-pokemon,physical,230,100,,,,both
hyperspace-fury,621,6,dark,100,5,,0,selected-pokemon,physical,360,100,,,,both
catastropika,658,7,electric,210,1,,0,selected-pokemon,physical,1,,,,,both
shore-up,659,7,ground,,5,,0,user,status,382,,,,,both
first-impression,660,7,bug,90,10,100,2,selected-pokemon,physical,383,,,,,both
baneful-bunker,661,7,poison,,10,,4,user,status,384,,,,,both
spirit-shackle,662,7,ghost,80,10,100,0,selected-pokemon,physical,385,,,,,both
darkest-lariat,663,7,dark,85,10,100,0,selected-pokemon,physical,304,,,,,both
sparkling-aria,664,7,water,90,10,100,0,all-other-pokemon,special,386,,,,,both
ice-hammer,665,7,ice,100,10,90,0,selected-pokemon,physical,219,100,,,,both
floral-healing,666,7,fairy,,10,,0,selected-pokemon,status,387,,,,,both
high-horsepower,667,7,ground,95,10,95,0,selected-pokemon,physical,1,,,,,both
strength-sap,668,7,grass,,10,100,0,selected-pokemon,status,388,100,,,,both
solar-blade,669,7,grass,125,10,100,0,selected-pokemon,physical,152,,,,,both
leafage,670,7,grass,40,40,100,0,selected-pokemon,physical,1,,,,,both
spotlight,671,7,normal,,15,,3,selected-pokemon,status,389,,,,,both
toxic-thread,672,7,poison,,20,100,0,selected-pokemon,status,390,100,,,,both
laser-focus,673,7,normal,,30,,0,user,status,391,,,,,both
gear-up,674,7,steel,,20,,0,user-and-allies,status,392,,,,,both
throat-chop,675,7,dark,80,15,100,0,selected-pokemon,physical,393,100,,,,both
pollen-puff,676,7,bug,90,15,100,0,selected-pokemon,special,394,,,,,both
anchor-shot,677,7,steel,80,20,100,0,selected-pokemon,physical,385,,,,,both
psychic-terrain,678,7,psychic,,10,,0,entire-field,status,395,,,,,both
lunge,679,7,bug,80,15,100,0,selected-pokemon,physical,396,100,,,,both
fire-lash,680,7,fire,80,15,100,0,selected-pokemon,physical,397,100,,,,both
power-trip,681,7,dark,20,10,100,0,selected-pokemon,physical,306,,,,,both
burn-up,682,7,fire,130,5,100,0,selected-pokemon,special,398,,,,,both
speed-swap,683,7,psychic,,10,,0,selected-pokemon,status,399,,,,,both
smart-strike,684,7,steel,70,10,,0,selected-pokemon,physical,18,,,,,both
purify,685,7,poison,,20,,0,selected-pokemon,status,400,,,,,both
revelation-dance,686,7,normal,90,15,100,0,selected-pokemon,special,401,,,,,both
core-enforcer,687,7,dragon,100,10,100,0,all-opponents,special,402,,,,,both
trop-kick,688,7,grass,70,15,100,0,selected-pokemon,physical,396,100,,,,both
instruct,689,7,psychic,,15,,0,selected-pokemon,status,403,,,,,both
beak-blast,690,7,flying,100,15,100,-3,selected-pokemon,physical,404,,,,,both
clanging-scales,691,7,dragon,110,5,100,0,all-opponents,special,405,100,,,,both
dragon-hammer,692,7,dragon,90,15,100,0,selected-pokemon,physical,1,,,,,both
brutal-swing,693,7,dark,60,20,100,0,all-other-pokemon,physical,406,,,,,both
aurora-veil,694,7,ice,,20,,0,users-field,status,407,,,,,both
sinister-arrow-raid,695,7,ghost,180,1,,0,selected-pokemon,physical,1,,,,,both
malicious-moonsault,696,7,dark,180,1,,0,selected-pokemon,physical,1,,,,,both
oceanic-operetta,697,7,water,195,1,,0,selected-pokemon,special,1,,,,,both
guardian-of-alola,698,7,fairy,,1,,0,selected-pokemon,special,413,,,,,both
soul-stealing-7-star-strike,699,7,ghost,195,1,,0,selected-pokemon,physical,1,,,,,both
stoked-sparksurfer,700,7,electric,175,1,,0,selected-pokemon,special,7,100,,,,both
pulverizing-pancake,701,7,normal,210,1,,0,selected-pokemon,physical,1,,,,,both
extreme-evoboost,702,7,normal,,1,,0,user,status,414,100,,,,both
genesis-supernova,703,7,psychic,185,1,,0,selected-pokemon,special,415,,,,,both
shell-trap,704,7,fire,150,5,100,-3,all-opponents,special,408,,,,,both
fleur-cannon,705,7,fairy,130,5,90,0,selected-pokemon,special,205,100,,,,both
psychic-fangs,706,7,psychic,85,10,100,0,selected-pokemon,physical,187,,,,,both
stomping-tantrum,707,7,ground,75,10,100,0,selected-pokemon,physical,409,,,,,both
shadow-bone,708,7,ghost,85,10,100,0,selected-pokemon,physical,70,20,,,,both
accelerock,709,7,rock,40,20,100,1,selected-pokemon,physical,104,,,,,both
liquidation,710,7,water,85,10,100,0,selected-pokemon,physical,70,20,,,,both
prismatic-laser,711,7,psychic,160,10,100,0,selected-pokemon,special,81,,,,,both
spectral-thief,712,7,ghost,90,10,100,0,selected-pokemon,physical,410,,,,,both
sunsteel-strike,713,7,steel,100,5,100,0,selected-pokemon,physical,411,,,,,both
moongeist-beam,714,7,ghost,100,5,100,0,selected-pokemon,special,411,,,,,both
tearful-look,715,7,normal,,20,,0,selected-pokemon,status,412,100,,,,both
zing-zap,716,7,electric,80,10,100,0,selected-pokemon,physical,32,30,,,,both
natures-madness,717,7,fairy,,10,90,0,selected-pokemon,special,41,,,,,both
multi-attack,718,7,normal,120,10,100,0,selected-pokemon,physical,269,,,,,both
10-000-000-volt-thunderbolt,719,7,electric,195,1,,0,selected-pokemon,special,1,,,,,both
mind-blown,720,7,fire,150,5,100,0,all-other-pokemon,special,420,,,,,both
plasma-fists,721,7,electric,100,15,100,0,selected-pokemon,physical,417,,,,,both
photon-geyser,722,7,psychic,100,5,100,0,selected-pokemon,special,1,,,,,both
light-that-burns-the-sky,723,7,psychic,200,1,,0,selected-pokemon,special,416,,,,,both
searing-sunraze-smash,724,7,steel,200,1,,0,selected-pokemon,physical,411,,,,,both
menacing-moonraze-maelstrom,725,7,ghost,200,1,,0,selected-pokemon,special,411,,,,,both
lets-snuggle-forever,726,7,fairy,190,1,,0,selected-pokemon,physical,1,,,,,both
splintered-stormshards,727,7,rock,190,1,,0,selected-pokemon,physical,418,,,,,both
clangorous-soulblaze,728,7,dragon,185,1,,0,all-opponents,special,419,100,,,,both
zippy-zap,729,7,electric,80,10,100,2,selected-pokemon,physical,1,100,,,,both
splishy-splash,730,7,water,90,15,100,0,all-opponents,special,1,30,,,,both
floaty-fall,731,7,flying,90,15,95,0,selected-pokemon,physical,1,30,,,,both
pika-papow,732,7,electric,,20,,0,selected-pokemon,special,1,,,,,both
bouncy-bubble,733,7,water,60,20,100,0,selected-pokemon,special,1,,,,,both
buzzy-buzz,734,7,electric,60,20,100,0,selected-pokemon,special,1,100,,,,both
sizzly-slide,735,7,fire,60,20,100,0,selected-pokemon,physical,1,100,,,,both
glitzy-glow,736,7,psychic,80,15,95,0,selected-pokemon,special,1,,,,,both
baddy-bad,737,7,dark,80,15,95,0,selected-pokemon,special,1,,,,,both
sappy-seed,738,7,grass,100,10,90,0,selected-pokemon,physical,1,100,,,,both
freezy-frost,739,7,ice,100,10,90,0,selected-pokemon,special,1,,,,,both
sparkly-swirl,740,7,fairy,120,5,85,0,selected-pokemon,special,1,,,,,both
veevee-volley,741,7,normal,,20,,0,selected-pokemon,physical,1,,,,,both
double-iron-bash,742,7,steel,60,5,100,0,selected-pokemon,physical,45,30,,,,both
max-guard,743,8,normal,,10,,4,user,status,112,,,,,both
dynamax-cannon,744,8,dragon,100,5,100,0,selected-pokemon,special,421,100,,,,both
snipe-shot,745,8,water,80,15,100,0,selected-pokemon,special,422,100,,,,both
jaw-lock,746,8,dark,80,10,100,0,selected-pokemon,physical,445,100,,,,both
stuff-cheeks,747,8,normal,,10,,0,user,status,446,100,,,,both
no-retreat,748,8,fighting,,5,,0,user,status,447,100,,,,both
tar-shot,749,8,rock,,15,100,0,selected-pokemon,status,448,100,,,,both
magic-powder,750,8,psychic,,20,100,0,selected-pokemon,status,449,100,,,,both
dragon-darts,751,8,dragon,50,10,100,0,selected-pokemon,physical,450,100,,,,both
teatime,752,8,normal,,10,,0,all-pokemon,status,451,100,,,,both
octolock,753,8,fighting,,15,100,0,selected-pokemon,status,452,100,,,,both
bolt-beak,754,8,electric,85,10,100,0,selected-pokemon,physical,453,100,,,,both
fishious-rend,755,8,water,85,10,100,0,selected-pokemon,physical,453,100,,,,both
court-change,756,8,normal,,10,100,0,entire-field,status,454,100,,,,both
max-flare,757,8,fire,100,10,100,0,selected-pokemon-me-first,physical,138,100,,,,both
max-flutterby,758,8,bug,10,10,100,0,selected-pokemon-me-first,physical,455,100,,,,both
max-lightning,759,8,electric,10,10,100,0,selected-pokemon-me-first,physical,369,100,,,,both
max-strike,760,8,normal,10,10,100,0,selected-pokemon-me-first,physical,456,100,,,,both
max-knuckle,761,8,fighting,10,10,100,0,selected-pokemon-me-first,physical,457,100,,,,both
max-phantasm,762,8,ghost,10,10,100,0,selected-pokemon-me-first,physical,458,100,,,,both
max-hailstorm,763,8,ice,10,10,100,0,selected-pokemon-me-first,physical,165,100,,,,both
max-ooze,764,8,poison,10,10,100,0,selected-pokemon-me-first,physical,459,100,,,,both
max-geyser,765,8,water,10,10,100,0,selected-pokemon-me-first,physical,137,100,,,,both
max-airstream,766,8,flying,10,10,100,0,selected-pokemon-me-first,physical,460,100,,,,both
max-starfall,767,8,fairy,10,10,100,0,selected-pokemon-me-first,physical,353,100,,,,both
max-wyrmwind,768,8,dragon,10,10,100,0,selected-pokemon-me-first,physical,461,100,,,,both
max-mindstorm,769,8,psychic,10,10,100,0,selected-pokemon-me-first,physical,395,100,,,,both
max-rockfall,770,8,rock,10,10,100,0,selected-pokemon-me-first,physical,116,100,,,,both
max-quake,771,8,ground,10,10,100,0,selected-pokemon-me-first,physical,462,100,,,,both
max-darkness,772,8,dark,10,10,100,0,selected-pokemon-me-first,physical,463,100,,,,both
max-overgrowth,773,8,grass,10,10,100,0,selected-pokemon-me-first,physical,352,100,,,,both
max-steelspike,774,8,steel,10,10,100,0,selected-pokemon-me-first,physical,464,100,,,,both
clangorous-soul,775,8,dragon,,5,100,0,user,status,465,100,,,,both
body-press,776,8,fighting,80,10,100,0,selected-pokemon,physical,466,,,,,both
decorate,777,8,fairy,,15,,0,selected-pokemon,status,467,100,,,,both
drum-beating,778,8,grass,80,10,100,0,selected-pokemon,physical,71,100,,,,both
snap-trap,779,8,grass,35,15,100,0,selected-pokemon,physical,43,100,,,,both
pyro-ball,780,8,fire,120,5,90,0,selected-pokemon,physical,5,10,,,,both
behemoth-blade,781,8,steel,100,5,100,0,selected-pokemon,physical,421,100,,,,both
behemoth-bash,782,8,steel,100,5,100,0,selected-pokemon,physical,421,100,,,,both
aura-wheel,783,8,electric,110,10,100,0,selected-pokemon,physical,468,100,,,,both
breaking-swipe,784,8,dragon,60,15,100,0,all-opponents,physical,396,100,,,,both
branch-poke,785,8,grass,40,40,100,0,selected-pokemon,physical,1,,,,,both
overdrive,786,8,electric,80,10,100,0,all-opponents,special,1,,,,,both
apple-acid,787,8,grass,80,10,100,0,selected-pokemon,special,469,100,,,,both
grav-apple,788,8,grass,80,10,100,0,selected-pokemon,physical,470,100,,,,both
spirit-break,789,8,fairy,75,15,100,0,selected-pokemon,physical,72,100,,,,both
strange-steam,790,8,fairy,90,10,95,0,selected-pokemon,special,77,20,,,,both
life-dew,791,8,water,,10,,0,user-and-allies,status,471,100,,,,both
obstruct,792,8,dark,,10,100,4,user,status,472,100,,,,both
false-surrender,793,8,dark,80,10,,0,selected-pokemon,physical,18,100,,,,both
meteor-assault,794,8,fighting,150,5,100,0,selected-pokemon,physical,81,100,,,,both
eternabeam,795,8,dragon,160,5,90,0,selected-pokemon,special,81,100,,,,both
steel-beam,796,8,steel,140,5,95,0,selected-pokemon,special,420,100,,,,both
expanding-force,797,8,psychic,80,10,100,0,selected-pokemon,special,473,100,,,,both
steel-roller,798,8,steel,130,5,100,0,selected-pokemon,physical,474,100,,,,both
scale-shot,799,8,dragon,25,20,90,0,selected-pokemon,physical,443,100,,,,both
meteor-beam,800,8,rock,120,10,90,0,selected-pokemon,special,475,100,,,,both
shell-side-arm,801,8,poison,90,10,100,0,selected-pokemon,special,476,20,,,,both
misty-explosion,802,8,fairy,100,5,100,0,all-other-pokemon,special,477,100,,,,both
grassy-glide,803,8,grass,55,20,100,0,selected-pokemon,physical,478,100,,,,both
rising-voltage,804,8,electric,70,20,100,0,selected-pokemon,special,479,100,,,,both
terrain-pulse,805,8,normal,50,10,100,0,selected-pokemon,special,480,,,,,both
skitter-smack,806,8,bug,70,10,90,0,selected-pokemon,physical,358,100,,,,both
burning-jealousy,807,8,fire,70,5,100,0,all-opponents,special,481,100,,,,both
lash-out,808,8,dark,75,5,100,0,selected-pokemon,physical,482,100,,,,both
poltergeist,809,8,ghost,110,5,90,0,selected-pokemon,physical,483,,,,,both
corrosive-gas,810,8,poison,,40,100,0,all-other-pokemon,status,189,100,,,,both
coaching,811,8,fighting,,10,,0,user-and-allies,status,484,100,,,,both
flip-turn,812,8,water,60,20,100,0,selected-pokemon,physical,229,100,,,,both
triple-axel,813,8,ice,20,10,90,0,selected-pokemon,physical,105,100,,,,both
dual-wingbeat,814,8,flying,40,10,90,0,selected-pokemon,physical,45,100,,,,both
scorching-sands,815,8,ground,70,10,100,0,selected-pokemon,special,5,30,,,,both
jungle-healing,816,8,grass,,10,,0,user-and-allies,status,485,100,,,,both
wicked-blow,817,8,dark,75,5,100,0,selected-pokemon,physical,289,100,,,,both
surging-strikes,818,8,water,25,5,100,0,selected-pokemon,physical,486,100,,,,both
thunder-cage,819,8,electric,80,15,90,0,selected-pokemon,special,43,100,,,,both
dragon-energy,820,8,dragon,150,5,100,0,all-opponents,special,191,,,,,both
freezing-glare,821,8,psychic,90,10,100,0,selected-pokemon,special,261,10,,,,both
fiery-wrath,822,8,dark,90,10,100,0,all-opponents,special,32,20,,,,both
thunderous-kick,823,8,fighting,90,10,100,0,selected-pokemon,physical,397,100,,,,both
glacial-lance,824,8,ice,120,5,100,0,all-opponents,physical,1,,,,,both
astral-barrage,825,8,ghost,120,5,100,0,all-opponents,special,1,,,,,both
eerie-spell,826,8,psychic,80,5,100,0,selected-pokemon,special,487,100,,,,both
dire-claw,827,8,poison,80,15,100,0,selected-pokemon,physical,,,,,,both
psyshield-bash,828,8,psychic,70,10,90,0,selected-pokemon,physical,,,,,,both
power-shift,829,8,normal,0,10,,0,user,status,,,,,,both
stone-axe,830,8,rock,65,15,90,0,selected-pokemon,physical,,,,,,both
springtide-storm,831,8,fairy,100,5,80,0,all-opponents,special,,,,,,both
mystical-power,832,8,psychic,70,10,90,0,selected-pokemon,special,,,,,,both
raging-fury,833,8,fire,120,10,100,0,random-opponent,physical,,,,,,both
wave-crash,834,8,water,120,10,100,0,selected-pokemon,physical,,,,,,both
chloroblast,835,8,grass,150,5,95,0,selected-pokemon,special,,,,,,both
mountain-gale,836,8,ice,100,10,85,0,selected-pokemon,physical,,,,,,both
victory-dance,837,8,fighting,0,10,,0,user,status,,,,,,both
headlong-rush,838,8,ground,120,5,100,0,selected-pokemon,physical,,,,,,both
barb-barrage,839,8,poison,60,10,100,0,selected-pokemon,physical,,,,,,both
esper-wing,840,8,psychic,80,10,100,0,selected-pokemon,special,,,,,,both
bitter-malice,841,8,ghost,75,10,100,0,selected-pokemon,special,,,,,,both
shelter,842,8,steel,0,10,,0,user,status,,,,,,both
triple-arrows,843,8,fighting,90,10,100,0,selected-pokemon,physical,,,,,,both
infernal-parade,844,8,ghost,60,15,100,0,selected-pokemon,special,,,,,,both
ceaseless-edge,845,8,dark,65,15,90,0,selected-pokemon,physical,,,,,,both
bleakwind-storm,846,8,flying,100,10,80,0,all-opponents,special,,,,,,both
wildbolt-storm,847,8,electric,100,10,80,0,all-opponents,special,,,,,,both
sandsear-storm,848,8,ground,100,10,80,0,all-opponents,special,,,,,,both
lunar-blessing,849,8,psychic,0,5,,0,all-allies,status,,,,,,both
take-heart,850,8,psychic,0,10,,0,all-allies,status,,,,,,both
tera-blast,851,9,normal,80,10,100,0,selected-pokemon,special,,,,,,both
silk-trap,852,9,bug,0,10,,4,user,status,,,,,,both
axe-kick,853,9,fighting,120,10,90,0,selected-pokemon,physical,,,,,,both
last-respects,854,9,ghost,50,10,100,0,selected-pokemon,physical,,,,,,both
lumina-crash,855,9,psychic,80,10,100,0,selected-pokemon,special,,,,,,both
order-up,856,9,dragon,80,10,100,0,selected-pokemon,physical,,,,,,both
jet-punch,857,9,water,60,15,100,1,selected-pokemon,physical,,,,,,both
spicy-extract,858,9,grass,0,15,,0,selected-pokemon,status,,,,,,both
spin-out,859,9,steel,100,5,100,0,selected-pokemon,physical,,,,,,both
population-bomb,860,9,normal,20,10,90,0,selected-pokemon,physical,,,,,,both
ice-spinner,861,9,ice,80,15,100,0,selected-pokemon,physical,,,,,,both
glaive-rush,862,9,dragon,120,5,100,0,selected-pokemon,physical,,,,,,both
revival-blessing,863,9,normal,0,1,,0,fainting-pokemon,status,,,,,,both
salt-cure,864,9,rock,40,15,100,0,selected-pokemon,physical,,,,,,both
triple-dive,865,9,water,30,10,95,0,selected-pokemon,physical,,,,,,both
mortal-spin,866,9,poison,30,15,100,0,all-opponents,physical,,,,,,both
doodle,867,9,normal,0,10,100,0,selected-pokemon,status,,,,,,both
fillet-away,868,9,normal,0,10,,0,user,status,,,,,,both
kowtow-cleave,869,9,dark,85,10,,0,selected-pokemon,physical,,,,,,both
flower-trick,870,9,grass,70,10,,0,selected-pokemon,physical,,,,,,both
torch-song,871,9,fire,80,10,100,0,selected-pokemon,special,,,,,,both
aqua-step,872,9,water,80,10,100,0,selected-pokemon,physical,,,,,,both
raging-bull,873,9,normal,90,10,100,0,selected-pokemon,physical,,,,,,both
make-it-rain,874,9,steel,120,5,100,0,all-opponents,special,,,,,,both
psyblade,875,9,psychic,80,15,100,0,selected-pokemon,physical,,,,,,both
hydro-steam,876,9,water,80,15,100,0,selected-pokemon,special,,,,,,both
ruination,877,9,dark,1,10,90,0,selected-pokemon,special,,,,,,both
collision-course,878,9,fighting,100,5,100,0,selected-pokemon,physical,,,,,,both
electro-drift,879,9,electric,100,5,100,0,selected-pokemon,special,,,,,,both
shed-tail,880,9,normal,0,10,,0,user,status,,,,,,both
chilly-reception,881,9,ice,0,10,,0,entire-field,status,,,,,,both
tidy-up,882,9,normal,0,10,,0,user,status,,,,,,both
snowscape,883,9,ice,0,10,,0,entire-field,status,,,,,,both
pounce,884,9,bug,50,20,100,0,selected-pokemon,physical,,,,,,both
trailblaze,885,9,grass,50,20,100,0,selected-pokemon,physical,,,,,,both
chilling-water,886,9,water,50,20,100,0,selected-pokemon,special,,,,,,both
hyper-drill,887,9,normal,100,5,100,0,selected-pokemon,physical,,,,,,both
twin-beam,888,9,psychic,40,10,100,0,selected-pokemon,special,,,,,,both
rage-fist,889,9,ghost,50,10,100,0,selected-pokemon,physical,,,,,,both
armor-cannon,890,9,fire,120,5,100,0,selected-pokemon,special,,,,,,both
bitter-blade,891,9,fire,90,10,100,0,selected-pokemon,physical,,,,,,both
double-shock,892,9,electric,120,5,100,0,selected-pokemon,physical,,,,,,both
gigaton-hammer,893,9,steel,160,5,100,0,selected-pokemon,physical,,,,,,both
comeuppance,894,9,dark,1,10,100,0,specific-move,physical,,,,,,both
aqua-cutter,895,9,water,70,20,100,0,selected-pokemon,physical,,,,,,both
blazing-torque,896,9,fire,80,10,100,0,selected-pokemon,physical,,,,,,both
wicked-torque,897,9,dark,80,10,100,0,selected-pokemon,physical,,,,,,both
noxious-torque,898,9,poison,100,10,100,0,selected-pokemon,physical,,,,,,both
combat-torque,899,9,fighting,100,10,100,0,selected-pokemon,physical,,,,,,both
magical-torque,900,9,fairy,100,10,100,0,selected-pokemon,physical,,,,,,both
blood-moon,901,9,normal,140,5,100,0,selected-pokemon,special,,,,,,both
matcha-gotcha,902,9,grass,80,15,90,0,selected-pokemon,special,,,,,,both
syrup-bomb,903,9,grass,60,10,85,0,selected-pokemon,special,,,,,,both
ivy-cudgel,904,9,grass,100,10,100,0,selected-pokemon,physical,,,,,,both
electro-shot,905,9,electric,130,10,100,0,selected-pokemon,special,,,,,,both
tera-starstorm,906,9,normal,120,5,100,0,all-opponents,special,,,,,,both
fickle-beam,907,9,dragon,80,5,100,0,selected-pokemon,special,,,,,,both
burning-bulwark,908,9,fire,0,10,0,4,user,status,,,,,,both
thunderclap,909,9,electric,70,5,100,1,selected-pokemon,special,,,,,,both
mighty-cleave,910,9,rock,95,5,100,0,selected-pokemon,physical,,,,,,both
tachyon-cutter,911,9,steel,50,10,0,0,selected-pokemon,special,,,,,,both
hard-press,912,9,steel,0,10,100,0,selected-pokemon,physical,,,,,,both
dragon-cheer,913,9,dragon,0,15,0,0,all-allies,status,,,,,,both
alluring-voice,914,9,fairy,80,10,100,0,selected-pokemon,special,,,,,,both
temper-flare,915,9,fire,75,10,100,0,selected-pokemon,physical,,,,,,both
supercell-slam,916,9,electric,100,15,95,0,selected-pokemon,physical,,,,,,both
psychic-noise,917,9,psychic,75,10,100,0,selected-pokemon,special,,,,,,both
upper-hand,918,9,fighting,65,15,100,3,selected-pokemon,physical,,,,,,both
malignant-chain,919,9,poison,100,5,100,0,selected-pokemon,special,,,,,,both
shadow-rush,10001,3,shadow,55,,100,0,selected-pokemon,physical,10001,,,,,both
shadow-blast,10002,3,shadow,80,,100,0,selected-pokemon,physical,44,,,,,both
shadow-blitz,10003,3,shadow,40,,100,0,selected-pokemon,physical,1,,,,,both
shadow-bolt,10004,3,shadow,75,,100,0,selected-pokemon,special,7,10,,,,both
shadow-break,10005,3,shadow,75,,100,0,selected-pokemon,physical,1,,,,,both
shadow-chill,10006,3,shadow,75,,100,0,selected-pokemon,special,6,10,,,,both
shadow-end,10007,3,shadow,120,,60,0,selected-pokemon,physical,10002,,,,,both
shadow-fire,10008,3,shadow,75,,100,0,selected-pokemon,special,5,10,,,,both
shadow-rave,10009,3,shadow,70,,100,0,opponents-field,special,1,,,,,both
shadow-storm,10010,3,shadow,95,,100,0,opponents-field,special,1,,,,,both
shadow-wave,10011,3,shadow,50,,100,0,opponents-field,special,1,,,,,both
shadow-down,10012,3,shadow,,,100,0,opponents-field,status,60,,,,,both
shadow-half,10013,3,shadow,,,100,0,entire-field,special,10003,,,,,both
shadow-hold,10014,3,shadow,,,80,0,opponents-field,status,107,,,,,both
shadow-mist,10015,3,shadow,,,100,0,opponents-field,status,10004,,,,,both
shadow-panic,10016,3,shadow,,,90,0,opponents-field,status,50,,,,,both
shadow-shed,10017,3,shadow,,,100,0,entire-field,status,10005,,,,,both
shadow-sky,10018,3,shadow,,,100,0,entire-field,status,10006,,,,,both
breakneck-blitz,622,7,normal,,1,,0,selected-pokemon,vary,1,,,,,both
all-out-pummeling,624,7,fighting,,1,,0,selected-pokemon,vary,1,,,,,both
supersonic-skystrike,626,7,flying,,1,,0,selected-pokemon,vary,1,,,,,both
acid-downpour,628,7,poison,,1,,0,selected-pokemon,vary,1,,,,,both
tectonic-rage,630,7,ground,,1,,0,selected-pokemon,vary,1,,,,,both
continental-crush,632,7,rock,,1,,0,selected-pokemon,vary,1,,,,,both
savage-spin-out,634,7,bug,,1,,0,selected-pokemon,vary,1,,,,,both
never-ending-nightmare,636,7,ghost,,1,,0,selected-pokemon,vary,1,,,,,both
corkscrew-crash,638,7,steel,,1,,0,selected-pokemon,vary,1,,,,,both
inferno-overdrive,640,7,fire,,1,,0,selected-pokemon,vary,1,,,,,both
hydro-vortex,642,7,water,,1,,0,selected-pokemon,vary,1,,,,,both
bloom-doom,644,7,grass,,1,,0,selected-pokemon,vary,1,,,,,both
gigavolt-havoc,646,7,electric,,1,,0,selected-pokemon,vary,1,,,,,both
shattered-psyche,648,7,psychic,,1,,0,selected-pokemon,vary,1,,,,,both
subzero-slammer,650,7,ice,,1,,0,selected-pokemon,vary,1,,,,,both
devastating-drake,652,7,dragon,,1,,0,selected-pokemon,vary,1,,,,,both
black-hole-eclipse,654,7,dark,,1,,0,selected-pokemon,vary,1,,,,,both
twinkle-tackle,656,7,fairy,,1,,0,selected-pokemon,vary,1,,,,,both
g-max-vine-lash,920,8,grass,,1,100,0,selected-pokemon,vary,,,,,,pokedb
g-max-wildfire,921,8,fire,,1,100,0,selected-pokemon,vary,,,,,,pokedb
g-max-cannonade,922,8,water,,1,100,0,selected-pokemon,vary,,,,,,pokedb
g-max-befuddle,923,8,bug,,1,100,0,selected-pokemon,vary,,,,,,pokedb
g-max-volt-crash,924,8,electric,,1,100,0,selected-pokemon,vary,,,,,,pokedb
g-max-gold-rush,925,8,normal,,1,100,0,selected-pokemon,vary,,,,,,pokedb
g-max-chi-strike,926,8,fighting,,1,100,0,selected-pokemon,vary,,,,,,pokedb
g-max-terror,927,8,ghost,,1,100,0,selected-pokemon,vary,,,,,,pokedb
g-max-foam-burst,928,8,water,,1,100,0,selected-pokemon,vary,,,,,,pokedb
g-max-resonance,929,8,ice,,1,100,0,selected-pokemon,vary,,,,,,pokedb
g-max-cuddle,930,8,normal,,1,100,0,selected-pokemon,vary,,,,,,pokedb
g-max-replenish,931,8,normal,,1,100,0,selected-pokemon,vary,,,,,,pokedb
g-max-malodor,932,8,poison,,1,100,0,selected-pokemon,vary,,,,,,pokedb
g-max-meltdown,933,8,steel,,1,100,0,selected-pokemon,vary,,,,,,pokedb
g-max-drum-solo,934,8,grass,160,1,100,0,selected-pokemon,vary,,,,,,pokedb
g-max-fireball,935,8,fire,160,1,100,0,selected-pokemon,vary,,,,,,pokedb
g-max-hydrosnipe,936,8,water,160,1,100,0,selected-pokemon,vary,,,,,,pokedb
g-max-wind-rage,937,8,flying,,1,100,0,selected-pokemon,vary,,,,,,pokedb
g-max-gravitas,938,8,psychic,,1,100,0,selected-pokemon,vary,,,,,,pokedb
g-max-stonesurge,939,8,water,,1,100,0,selected-pokemon,vary,,,,,,pokedb
g-max-volcalith,940,8,rock,,1,100,0,selected-pokemon,vary,,,,,,pokedb
g-max-tartness,941,8,grass,,1,100,0,selected-pokemon,vary,,,,,,pokedb
g-max-sweetness,942,8,grass,,1,100,0,selected-pokemon,vary,,,,,,pokedb
g-max-sandblast,943,8,ground,,1,100,0,selected-pokemon,vary,,,,,,pokedb
g-max-stun-shock,944,8,electric,,1,100,0,selected-pokemon,vary,,,,,,pokedb
g-max-centiferno,945,8,fire,,1,100,0,selected-pokemon,vary,,,,,,pokedb
g-max-smite,946,8,fairy,,1,100,0,selected-pokemon,vary,,,,,,pokedb
g-max-snooze,947,8,dark,,1,100,0,selected-pokemon,vary,,,,,,pokedb
g-max-finale,948,8,fairy,,1,100,0,selected-pokemon,vary,,,,,,pokedb
g-max-steelsurge,949,8,steel,,1,100,0,selected-pokemon,vary,,,,,,pokedb
g-max-depletion,950,8,dragon,,1,100,0,selected-pokemon,vary,,,,,,pokedb
g-max-one-blow,951,8,dark,,1,100,0,selected-pokemon,vary,,,,,,pokedb
g-max-rapid-flow,952,8,water,,1,100,0,selected-pokemon,vary,,,,,,pokedb
