pokemon,hp,attack,defense,special_attack,special_defense,speed,ev_hp,ev_attack,ev_defense,ev_special_attack,ev_special_defense,ev_speed
bulbasaur,45,49,49,65,65,45,0,0,0,1,0,0
ivysaur,60,62,63,80,80,60,0,0,0,1,1,0
venusaur,80,82,83,100,100,80,0,0,0,2,1,0
charmander,39,52,43,60,50,65,0,0,0,0,0,1
charmeleon,58,64,58,80,65,80,0,0,0,1,0,1
charizard,78,84,78,109,85,100,0,0,0,3,0,0
squirtle,44,48,65,50,64,43,0,0,1,0,0,0
wartortle,59,63,80,65,80,58,0,0,1,0,1,0
blastoise,79,83,100,85,105,78,0,0,0,0,3,0
caterpie,45,30,35,20,20,45,1,0,0,0,0,0
metapod,50,20,55,25,25,30,0,0,2,0,0,0
butterfree,60,45,50,90,80,70,0,0,0,2,1,0
weedle,40,35,30,20,20,50,0,0,0,0,0,1
kakuna,45,25,50,25,25,35,0,0,2,0,0,0
beedrill,65,90,40,45,80,75,0,2,0,0,1,0
pidgey,40,45,40,35,35,56,0,0,0,0,0,1
pidgeotto,63,60,55,50,50,71,0,0,0,0,0,2
pidgeot,83,80,75,70,70,101,0,0,0,0,0,3
rattata,30,56,35,25,35,72,0,0,0,0,0,1
raticate,55,81,60,50,70,97,0,0,0,0,0,2
spearow,40,60,30,31,31,70,0,0,0,0,0,1
fearow,65,90,65,61,61,100,0,0,0,0,0,2
ekans,35,60,44,40,54,55,0,1,0,0,0,0
arbok,60,95,69,65,79,80,0,2,0,0,0,0
pikachu,35,55,40,50,50,90,0,0,0,0,0,2
raichu,60,90,55,90,80,110,0,0,0,0,0,3
sandshrew,50,75,85,20,30,40,0,0,1,0,0,0
sandslash,75,100,110,45,55,65,0,0,2,0,0,0
nidoran-f,55,47,52,40,40,41,1,0,0,0,0,0
nidorina,70,62,67,55,55,56,2,0,0,0,0,0
nidoqueen,90,92,87,75,85,76,3,0,0,0,0,0
nidoran-m,46,57,40,40,40,50,0,1,0,0,0,0
nidorino,61,72,57,55,55,65,0,2,0,0,0,0
nidoking,81,102,77,85,75,85,0,3,0,0,0,0
clefairy,70,45,48,60,65,35,2,0,0,0,0,0
clefable,95,70,73,95,90,60,3,0,0,0,0,0
vulpix,38,41,40,50,65,65,0,0,0,0,0,1
ninetales,73,76,75,81,100,100,0,0,0,0,1,1
jigglypuff,115,45,20,45,25,20,2,0,0,0,0,0
wigglytuff,140,70,45,85,50,45,3,0,0,0,0,0
zubat,40,45,35,30,40,55,0,0,0,0,0,1
golbat,75,80,70,65,75,90,0,0,0,0,0,2
oddish,45,50,55,75,65,30,0,0,0,1,0,0
gloom,60,65,70,85,75,40,0,0,0,2,0,0
vileplume,75,80,85,110,90,50,0,0,0,3,0,0
paras,35,70,55,45,55,25,0,1,0,0,0,0
parasect,60,95,80,60,80,30,0,2,1,0,0,0
venonat,60,55,50,40,55,45,0,0,0,0,1,0
venomoth,70,65,60,90,75,90,0,0,0,1,0,1
diglett,10,55,25,35,45,95,0,0,0,0,0,1
dugtrio,35,100,50,50,70,120,0,0,0,0,0,2
meowth,40,45,35,40,40,90,0,0,0,0,0,1
persian,65,70,60,65,65,115,0,0,0,0,0,2
psyduck,50,52,48,65,50,55,0,0,0,1,0,0
golduck,80,82,78,95,80,85,0,0,0,2,0,0
mankey,40,80,35,35,45,70,0,1,0,0,0,0
primeape,65,105,60,60,70,95,0,2,0,0,0,0
growlithe,55,70,45,70,50,60,0,1,0,0,0,0
arcanine,90,110,80,100,80,95,0,2,0,0,0,0
poliwag,40,50,40,40,40,90,0,0,0,0,0,1
poliwhirl,65,65,65,50,50,90,0,0,0,0,0,2
poliwrath,90,95,95,70,90,70,0,0,3,0,0,0
abra,25,20,15,105,55,90,0,0,0,1,0,0
kadabra,40,35,30,120,70,105,0,0,0,2,0,0
alakazam,55,50,45,135,95,120,0,0,0,3,0,0
machop,70,80,50,35,35,35,0,1,0,0,0,0
machoke,80,100,70,50,60,45,0,2,0,0,0,0
machamp,90,130,80,65,85,55,0,3,0,0,0,0
bellsprout,50,75,35,70,30,40,0,1,0,0,0,0
weepinbell,65,90,50,85,45,55,0,2,0,0,0,0
victreebel,80,105,65,100,70,70,0,3,0,0,0,0
tentacool,40,40,35,50,100,70,0,0,0,0,1,0
tentacruel,80,70,65,80,120,100,0,0,0,0,2,0
geodude,40,80,100,30,30,20,0,0,1,0,0,0
graveler,55,95,115,45,45,35,0,0,2,0,0,0
golem,80,120,130,55,65,45,0,0,3,0,0,0
ponyta,50,85,55,65,65,90,0,0,0,0,0,1
rapidash,65,100,70,80,80,105,0,0,0,0,0,2
slowpoke,90,65,65,40,40,15,1,0,0,0,0,0
slowbro,95,75,110,100,80,30,0,0,2,0,0,0
magnemite,25,35,70,95,55,45,0,0,0,1,0,0
magneton,50,60,95,120,70,70,0,0,0,2,0,0
farfetchd,52,90,55,58,62,60,0,1,0,0,0,0
doduo,35,85,45,35,35,75,0,1,0,0,0,0
dodrio,60,110,70,60,60,110,0,2,0,0,0,0
seel,65,45,55,45,70,45,0,0,0,0,1,0
dewgong,90,70,80,70,95,70,0,0,0,0,2,0
grimer,80,80,50,40,50,25,1,0,0,0,0,0
muk,105,105,75,65,100,50,1,1,0,0,0,0
shellder,30,65,100,45,25,40,0,0,1,0,0,0
cloyster,50,95,180,85,45,70,0,0,2,0,0,0
gastly,30,35,30,100,35,80,0,0,0,1,0,0
haunter,45,50,45,115,55,95,0,0,0,2,0,0
gengar,60,65,60,130,75,110,0,0,0,3,0,0
onix,35,45,160,30,45,70,0,0,1,0,0,0
drowzee,60,48,45,43,90,42,0,0,0,0,1,0
hypno,85,73,70,73,115,67,0,0,0,0,2,0
krabby,30,105,90,25,25,50,0,1,0,0,0,0
kingler,55,130,115,50,50,75,0,2,0,0,0,0
voltorb,40,30,50,55,55,100,0,0,0,0,0,1
electrode,60,50,70,80,80,150,0,0,0,0,0,2
exeggcute,60,40,80,60,45,40,0,0,1,0,0,0
exeggutor,95,95,85,125,75,55,0,0,0,2,0,0
cubone,50,50,95,40,50,35,0,0,1,0,0,0
marowak,60,80,110,50,80,45,0,0,2,0,0,0
hitmonlee,50,120,53,35,110,87,0,2,0,0,0,0
hitmonchan,50,105,79,35,110,76,0,0,0,0,2,0
lickitung,90,55,75,60,75,30,2,0,0,0,0,0
koffing,40,65,95,60,45,35,0,0,1,0,0,0
weezing,65,90,120,85,70,60,0,0,2,0,0,0
rhyhorn,80,85,95,30,30,25,0,0,1,0,0,0
rhydon,105,130,120,45,45,40,0,2,0,0,0,0
chansey,250,5,5,35,105,50,2,0,0,0,0,0
tangela,65,55,115,100,40,60,0,0,1,0,0,0
kangaskhan,105,95,80,40,80,90,2,0,0,0,0,0
horsea,30,40,70,70,25,60,0,0,0,1,0,0
seadra,55,65,95,95,45,85,0,0,1,1,0,0
goldeen,45,67,60,35,50,63,0,1,0,0,0,0
seaking,80,92,65,65,80,68,0,2,0,0,0,0
staryu,30,45,55,70,55,85,0,0,0,0,0,1
starmie,60,75,85,100,85,115,0,0,0,0,0,2
mr-mime,40,45,65,100,120,90,0,0,0,0,2,0
scyther,70,110,80,55,80,105,0,1,0,0,0,0
jynx,65,50,35,115,95,95,0,0,0,2,0,0
electabuzz,65,83,57,95,85,105,0,0,0,0,0,2
magmar,65,95,57,100,85,93,0,0,0,2,0,0
pinsir,65,125,100,55,70,85,0,2,0,0,0,0
tauros,75,100,95,40,70,110,0,1,0,0,0,1
magikarp,20,10,55,15,20,80,0,0,0,0,0,1
gyarados,95,125,79,60,100,81,0,2,0,0,0,0
lapras,130,85,80,85,95,60,2,0,0,0,0,0
ditto,48,48,48,48,48,48,1,0,0,0,0,0
eevee,55,55,50,45,65,55,0,0,0,0,1,0
vaporeon,130,65,60,110,95,65,2,0,0,0,0,0
jolteon,65,65,60,110,95,130,0,0,0,0,0,2
flareon,65,130,60,95,110,65,0,2,0,0,0,0
porygon,65,60,70,85,75,40,0,0,0,1,0,0
omanyte,35,40,100,90,55,35,0,0,1,0,0,0
omastar,70,60,125,115,70,55,0,0,2,0,0,0
kabuto,30,80,90,55,45,55,0,0,1,0,0,0
kabutops,60,115,105,65,70,80,0,2,0,0,0,0
aerodactyl,80,105,65,60,75,130,0,0,0,0,0,2
snorlax,160,110,65,65,110,30,2,0,0,0,0,0
articuno,90,85,100,95,125,85,0,0,0,0,3,0
zapdos,90,90,85,125,90,100,0,0,0,3,0,0
moltres,90,100,90,125,85,90,0,0,0,3,0,0
dratini,41,64,45,50,50,50,0,1,0,0,0,0
dragonair,61,84,65,70,70,70,0,2,0,0,0,0
dragonite,91,134,95,100,100,80,0,3,0,0,0,0
mewtwo,106,110,90,154,90,130,0,0,0,3,0,0
mew,100,100,100,100,100,100,3,0,0,0,0,0
chikorita,45,49,65,49,65,45,0,0,0,0,1,0
bayleef,60,62,80,63,80,60,0,0,1,0,1,0
meganium,80,82,100,83,100,80,0,0,1,0,2,0
cyndaquil,39,52,43,60,50,65,0,0,0,0,0,1
quilava,58,64,58,80,65,80,0,0,0,1,0,1
typhlosion,78,84,78,109,85,100,0,0,0,3,0,0
totodile,50,65,64,44,48,43,0,1,0,0,0,0
croconaw,65,80,80,59,63,58,0,1,1,0,0,0
feraligatr,85,105,100,79,83,78,0,2,1,0,0,0
sentret,35,46,34,35,45,20,0,1,0,0,0,0
furret,85,76,64,45,55,90,0,0,0,0,0,2
hoothoot,60,30,30,36,56,50,1,0,0,0,0,0
noctowl,100,50,50,86,96,70,2,0,0,0,0,0
ledyba,40,20,30,40,80,55,0,0,0,0,1,0
ledian,55,35,50,55,110,85,0,0,0,0,2,0
spinarak,40,60,40,40,40,30,0,1,0,0,0,0
ariados,70,90,70,60,70,40,0,2,0,0,0,0
crobat,85,90,80,70,80,130,0,0,0,0,0,3
chinchou,75,38,38,56,56,67,1,0,0,0,0,0
lanturn,125,58,58,76,76,67,2,0,0,0,0,0
pichu,20,40,15,35,35,60,0,0,0,0,0,1
cleffa,50,25,28,45,55,15,0,0,0,0,1,0
igglybuff,90,30,15,40,20,15,1,0,0,0,0,0
togepi,35,20,65,40,65,20,0,0,0,0,1,0
togetic,55,40,85,80,105,40,0,0,0,0,2,0
natu,40,50,45,70,45,70,0,0,0,1,0,0
xatu,65,75,70,95,70,95,0,0,0,1,0,1
mareep,55,40,40,65,45,35,0,0,0,1,0,0
flaaffy,70,55,55,80,60,45,0,0,0,2,0,0
ampharos,90,75,85,115,90,55,0,0,0,3,0,0
bellossom,75,80,95,90,100,50,0,0,0,0,3,0
marill,70,20,50,20,50,40,2,0,0,0,0,0
azumarill,100,50,80,60,80,50,3,0,0,0,0,0
sudowoodo,70,100,115,30,65,30,0,0,2,0,0,0
politoed,90,75,75,90,100,70,0,0,0,0,3,0
hoppip,35,35,40,35,55,50,0,0,0,0,1,0
skiploom,55,45,50,45,65,80,0,0,0,0,0,2
jumpluff,75,55,70,55,95,110,0,0,0,0,0,3
aipom,55,70,55,40,55,85,0,0,0,0,0,1
sunkern,30,30,30,30,30,30,0,0,0,1,0,0
sunflora,75,75,55,105,85,30,0,0,0,2,0,0
yanma,65,65,45,75,45,95,0,0,0,0,0,1
wooper,55,45,45,25,25,15,1,0,0,0,0,0
quagsire,95,85,85,65,65,35,2,0,0,0,0,0
espeon,65,65,60,130,95,110,0,0,0,2,0,0
umbreon,95,65,110,60,130,65,0,0,0,0,2,0
murkrow,60,85,42,85,42,91,0,0,0,0,0,1
slowking,95,75,80,100,110,30,0,0,0,0,2,0
misdreavus,60,60,60,85,85,85,0,0,0,0,1,0
unown,48,72,48,72,48,48,0,1,0,1,0,0
wobbuffet,190,33,58,33,58,33,2,0,0,0,0,0
girafarig,70,80,65,90,65,85,0,0,0,2,0,0
pineco,50,65,90,35,35,15,0,0,1,0,0,0
forretress,75,90,140,60,60,40,0,0,2,0,0,0
dunsparce,100,70,70,65,65,45,1,0,0,0,0,0
gligar,65,75,105,35,65,85,0,0,1,0,0,0
steelix,75,85,200,55,65,30,0,0,2,0,0,0
snubbull,60,80,50,40,40,30,0,1,0,0,0,0
granbull,90,120,75,60,60,45,0,2,0,0,0,0
qwilfish,65,95,85,55,55,85,0,1,0,0,0,0
scizor,70,130,100,55,80,65,0,2,0,0,0,0
shuckle,20,10,230,10,230,5,0,0,1,0,1,0
heracross,80,125,75,40,95,85,0,2,0,0,0,0
sneasel,55,95,55,35,75,115,0,0,0,0,0,1
teddiursa,60,80,50,50,50,40,0,1,0,0,0,0
ursaring,90,130,75,75,75,55,0,2,0,0,0,0
slugma,40,40,40,70,40,20,0,0,0,1,0,0
magcargo,60,50,120,90,80,30,0,0,2,0,0,0
swinub,50,50,40,30,30,50,0,1,0,0,0,0
piloswine,100,100,80,60,60,50,1,1,0,0,0,0
corsola,65,55,95,65,95,35,0,0,1,0,1,0
remoraid,35,65,35,65,35,65,0,0,0,1,0,0
octillery,75,105,75,105,75,45,0,1,0,1,0,0
delibird,45,55,45,65,45,75,0,0,0,0,0,1
mantine,85,40,70,80,140,70,0,0,0,0,2,0
skarmory,65,80,140,40,70,70,0,0,2,0,0,0
houndour,45,60,30,80,50,65,0,0,0,1,0,0
houndoom,75,90,50,110,80,95,0,0,0,2,0,0
kingdra,75,95,95,95,95,85,0,1,0,1,1,0
phanpy,90,60,60,40,40,40,1,0,0,0,0,0
donphan,90,120,120,60,60,50,0,1,1,0,0,0
porygon2,85,80,90,105,95,60,0,0,0,2,0,0
stantler,73,95,62,85,65,85,0,1,0,0,0,0
smeargle,55,20,35,20,45,75,0,0,0,0,0,1
tyrogue,35,35,35,35,35,35,0,1,0,0,0,0
hitmontop,50,95,95,35,110,70,0,0,0,0,2,0
smoochum,45,30,15,85,65,65,0,0,0,1,0,0
elekid,45,63,37,65,55,95,0,0,0,0,0,1
magby,45,75,37,70,55,83,0,0,0,0,0,1
miltank,95,80,105,40,70,100,0,0,2,0,0,0
blissey,255,10,10,75,135,55,3,0,0,0,0,0
raikou,90,85,75,115,100,115,0,0,0,1,0,2
entei,115,115,85,90,75,100,1,2,0,0,0,0
suicune,100,75,115,90,115,85,0,0,1,0,2,0
larvitar,50,64,50,45,50,41,0,1,0,0,0,0
pupitar,70,84,70,65,70,51,0,2,0,0,0,0
tyranitar,100,134,110,95,100,61,0,3,0,0,0,0
lugia,106,90,130,90,154,110,0,0,0,0,3,0
ho-oh,106,130,90,110,154,90,0,0,0,0,3,0
celebi,100,100,100,100,100,100,3,0,0,0,0,0
treecko,40,45,35,65,55,70,0,0,0,0,0,1
grovyle,50,65,45,85,65,95,0,0,0,0,0,2
sceptile,70,85,65,105,85,120,0,0,0,0,0,3
torchic,45,60,40,70,50,45,0,0,0,1,0,0
combusken,60,85,60,85,60,55,0,1,0,1,0,0
blaziken,80,120,70,110,70,80,0,3,0,0,0,0
mudkip,50,70,50,50,50,40,0,1,0,0,0,0
marshtomp,70,85,70,60,70,50,0,2,0,0,0,0
swampert,100,110,90,85,90,60,0,3,0,0,0,0
poochyena,35,55,35,30,30,35,0,1,0,0,0,0
mightyena,70,90,70,60,60,70,0,2,0,0,0,0
zigzagoon,38,30,41,30,41,60,0,0,0,0,0,1
linoone,78,70,61,50,61,100,0,0,0,0,0,2
wurmple,45,45,35,20,30,20,1,0,0,0,0,0
silcoon,50,35,55,25,25,15,0,0,2,0,0,0
beautifly,60,70,50,100,50,65,0,0,0,3,0,0
cascoon,50,35,55,25,25,15,0,0,2,0,0,0
dustox,60,50,70,50,90,65,0,0,0,0,3,0
lotad,40,30,30,40,50,30,0,0,0,0,1,0
lombre,60,50,50,60,70,50,0,0,0,0,2,0
ludicolo,80,70,70,90,100,70,0,0,0,0,3,0
seedot,40,40,50,30,30,30,0,0,1,0,0,0
nuzleaf,70,70,40,60,40,60,0,2,0,0,0,0
shiftry,90,100,60,90,60,80,0,3,0,0,0,0
taillow,40,55,30,30,30,85,0,0,0,0,0,1
swellow,60,85,60,75,50,125,0,0,0,0,0,2
wingull,40,30,30,55,30,85,0,0,0,0,0,1
pelipper,60,50,100,95,70,65,0,0,2,0,0,0
ralts,28,25,25,45,35,40,0,0,0,1,0,0
kirlia,38,35,35,65,55,50,0,0,0,2,0,0
gardevoir,68,65,65,125,115,80,0,0,0,3,0,0
surskit,40,30,32,50,52,65,0,0,0,0,0,1
masquerain,70,60,62,100,82,80,0,0,0,1,1,0
shroomish,60,40,60,40,60,35,1,0,0,0,0,0
breloom,60,130,80,60,60,70,0,2,0,0,0,0
slakoth,60,60,60,35,35,30,1,0,0,0,0,0
vigoroth,80,80,80,55,55,90,0,0,0,0,0,2
slaking,150,160,100,95,65,100,3,0,0,0,0,0
nincada,31,45,90,30,30,40,0,0,1,0,0,0
ninjask,61,90,45,50,50,160,0,0,0,0,0,2
shedinja,1,90,45,30,30,40,2,0,0,0,0,0
whismur,64,51,23,51,23,28,1,0,0,0,0,0
loudred,84,71,43,71,43,48,2,0,0,0,0,0
exploud,104,91,63,91,73,68,3,0,0,0,0,0
makuhita,72,60,30,20,30,25,1,0,0,0,0,0
hariyama,144,120,60,40,60,50,2,0,0,0,0,0
azurill,50,20,40,20,40,20,1,0,0,0,0,0
nosepass,30,45,135,45,90,30,0,0,1,0,0,0
skitty,50,45,45,35,35,50,0,0,0,0,0,1
delcatty,70,65,65,55,55,90,1,0,0,0,0,1
sableye,50,75,75,65,65,50,0,1,1,0,0,0
mawile,50,85,85,55,55,50,0,1,1,0,0,0
aron,50,70,100,40,40,30,0,0,1,0,0,0
lairon,60,90,140,50,50,40,0,0,2,0,0,0
aggron,70,110,180,60,60,50,0,0,3,0,0,0
meditite,30,40,55,40,55,60,0,0,0,0,0,1
medicham,60,60,75,60,75,80,0,0,0,0,0,2
electrike,40,45,40,65,40,65,0,0,0,0,0,1
manectric,70,75,60,105,60,105,0,0,0,0,0,2
plusle,60,50,40,85,75,95,0,0,0,0,0,1
minun,60,40,50,75,85,95,0,0,0,0,0,1
volbeat,65,73,75,47,85,85,0,0,0,0,0,1
illumise,65,47,75,73,85,85,0,0,0,0,0,1
roselia,50,60,45,100,80,65,0,0,0,2,0,0
gulpin,70,43,53,43,53,40,1,0,0,0,0,0
swalot,100,73,83,73,83,55,2,0,0,0,0,0
carvanha,45,90,20,65,20,65,0,1,0,0,0,0
sharpedo,70,120,40,95,40,95,0,2,0,0,0,0
wailmer,130,70,35,70,35,60,1,0,0,0,0,0
wailord,170,90,45,90,45,60,2,0,0,0,0,0
numel,60,60,40,65,45,35,0,0,0,1,0,0
camerupt,70,100,70,105,75,40,0,1,0,1,0,0
torkoal,70,85,140,85,70,20,0,0,2,0,0,0
spoink,60,25,35,70,80,60,0,0,0,0,1,0
grumpig,80,45,65,90,110,80,0,0,0,0,2,0
spinda,60,60,60,60,60,60,0,0,0,1,0,0
trapinch,45,100,45,45,45,10,0,1,0,0,0,0
vibrava,50,70,50,50,50,70,0,1,0,0,0,1
flygon,80,100,80,80,80,100,0,1,0,0,0,2
cacnea,50,85,40,85,40,35,0,0,0,1,0,0
cacturne,70,115,60,115,60,55,0,1,0,1,0,0
swablu,45,40,60,40,75,50,0,0,0,0,1,0
altaria,75,70,90,70,105,80,0,0,0,0,2,0
zangoose,73,115,60,60,60,90,0,2,0,0,0,0
seviper,73,100,60,100,60,65,0,1,0,1,0,0
lunatone,90,55,65,95,85,70,0,0,0,2,0,0
solrock,90,95,85,55,65,70,0,2,0,0,0,0
barboach,50,48,43,46,41,60,1,0,0,0,0,0
whiscash,110,78,73,76,71,60,2,0,0,0,0,0
corphish,43,80,65,50,35,35,0,1,0,0,0,0
crawdaunt,63,120,85,90,55,55,0,2,0,0,0,0
baltoy,40,40,55,40,70,55,0,0,0,0,1,0
claydol,60,70,105,70,120,75,0,0,0,0,2,0
lileep,66,41,77,61,87,23,0,0,0,0,1,0
cradily,86,81,97,81,107,43,0,0,0,0,2,0
anorith,45,95,50,40,50,75,0,1,0,0,0,0
armaldo,75,125,100,70,80,45,0,2,0,0,0,0
feebas,20,15,20,10,55,80,0,0,0,0,0,1
milotic,95,60,79,100,125,81,0,0,0,0,2,0
castform,70,70,70,70,70,70,1,0,0,0,0,0
kecleon,60,90,70,60,120,40,0,0,0,0,1,0
shuppet,44,75,35,63,33,45,0,1,0,0,0,0
banette,64,115,65,83,63,65,0,2,0,0,0,0
duskull,20,40,90,30,90,25,0,0,0,0,1,0
dusclops,40,70,130,60,130,25,0,0,1,0,1,0
tropius,99,68,83,72,87,51,2,0,0,0,0,0
chimecho,75,50,80,95,90,65,0,0,0,1,1,0
absol,65,130,60,75,60,75,0,2,0,0,0,0
wynaut,95,23,48,23,48,23,1,0,0,0,0,0
snorunt,50,50,50,50,50,50,1,0,0,0,0,0
glalie,80,80,80,80,80,80,2,0,0,0,0,0
spheal,70,40,50,55,50,25,1,0,0,0,0,0
sealeo,90,60,70,75,70,45,2,0,0,0,0,0
walrein,110,80,90,95,90,65,3,0,0,0,0,0
clamperl,35,64,85,74,55,32,0,0,1,0,0,0
huntail,55,104,105,94,75,52,0,1,1,0,0,0
gorebyss,55,84,105,114,75,52,0,0,0,2,0,0
relicanth,100,90,130,45,65,55,1,0,1,0,0,0
luvdisc,43,30,55,40,65,97,0,0,0,0,0,1
bagon,45,75,60,40,30,50,0,1,0,0,0,0
shelgon,65,95,100,60,50,50,0,0,2,0,0,0
salamence,95,135,80,110,80,100,0,3,0,0,0,0
beldum,40,55,80,35,60,30,0,0,1,0,0,0
metang,60,75,100,55,80,50,0,0,2,0,0,0
metagross,80,135,130,95,90,70,0,0,3,0,0,0
regirock,80,100,200,50,100,50,0,0,3,0,0,0
regice,80,50,100,100,200,50,0,0,0,0,3,0
registeel,80,75,150,75,150,50,0,0,2,0,1,0
latias,80,80,90,110,130,110,0,0,0,0,3,0
latios,80,90,80,130,110,110,0,0,0,3,0,0
kyogre,100,100,90,150,140,90,0,0,0,3,0,0
groudon,100,150,140,100,90,90,0,3,0,0,0,0
rayquaza,105,150,90,150,90,95,0,2,0,1,0,0
jirachi,100,100,100,100,100,100,3,0,0,0,0,0
deoxys-normal,50,150,50,150,50,150,0,1,0,1,0,1
turtwig,55,68,64,45,55,31,0,1,0,0,0,0
grotle,75,89,85,55,65,36,0,1,1,0,0,0
torterra,95,109,105,75,85,56,0,2,1,0,0,0
chimchar,44,58,44,58,44,61,0,0,0,0,0,1
monferno,64,78,52,78,52,81,0,0,0,1,0,1
infernape,76,104,71,104,71,108,0,1,0,1,0,1
piplup,53,51,53,61,56,40,0,0,0,1,0,0
prinplup,64,66,68,81,76,50,0,0,0,2,0,0
empoleon,84,86,88,111,101,60,0,0,0,3,0,0
starly,40,55,30,30,30,60,0,0,0,0,0,1
staravia,55,75,50,40,40,80,0,0,0,0,0,2
staraptor,85,120,70,50,60,100,0,3,0,0,0,0
bidoof,59,45,40,35,40,31,1,0,0,0,0,0
bibarel,79,85,60,55,60,71,0,2,0,0,0,0
kricketot,37,25,41,25,41,25,0,0,1,0,0,0
kricketune,77,85,51,55,51,65,0,2,0,0,0,0
shinx,45,65,34,40,34,45,0,1,0,0,0,0
luxio,60,85,49,60,49,60,0,2,0,0,0,0
luxray,80,120,79,95,79,70,0,3,0,0,0,0
budew,40,30,35,50,70,55,0,0,0,1,0,0
roserade,60,70,65,125,105,90,0,0,0,3,0,0
cranidos,67,125,40,30,30,58,0,1,0,0,0,0
rampardos,97,165,60,65,50,58,0,2,0,0,0,0
shieldon,30,42,118,42,88,30,0,0,1,0,0,0
bastiodon,60,52,168,47,138,30,0,0,2,0,0,0
burmy,40,29,45,29,45,36,0,0,0,0,1,0
wormadam-plant,60,59,85,79,105,36,0,0,0,0,2,0
mothim,70,94,50,94,50,66,0,1,0,1,0,0
combee,30,30,42,30,42,70,0,0,0,0,0,1
vespiquen,70,80,102,80,102,40,0,0,1,0,1,0
pachirisu,60,45,70,45,90,95,0,0,0,0,0,1
buizel,55,65,35,60,30,85,0,0,0,0,0,1
floatzel,85,105,55,85,50,115,0,0,0,0,0,2
cherubi,45,35,45,62,53,35,0,0,0,1,0,0
cherrim,70,60,70,87,78,85,0,0,0,2,0,0
shellos,76,48,48,57,62,34,1,0,0,0,0,0
gastrodon,111,83,68,92,82,39,2,0,0,0,0,0
ambipom,75,100,66,60,66,115,0,0,0,0,0,2
drifloon,90,50,34,60,44,70,1,0,0,0,0,0
drifblim,150,80,44,90,54,80,2,0,0,0,0,0
buneary,55,66,44,44,56,85,0,0,0,0,0,1
lopunny,65,76,84,54,96,105,0,0,0,0,0,2
mismagius,60,60,60,105,105,105,0,0,0,1,1,0
honchkrow,100,125,52,105,52,71,0,2,0,0,0,0
glameow,49,55,42,42,37,85,0,0,0,0,0,1
purugly,71,82,64,64,59,112,0,0,0,0,0,2
chingling,45,30,50,65,50,45,0,0,0,1,0,0
stunky,63,63,47,41,41,74,0,0,0,0,0,1
skuntank,103,93,67,71,61,84,2,0,0,0,0,0
bronzor,57,24,86,24,86,23,0,0,1,0,0,0
bronzong,67,89,116,79,116,33,0,0,1,0,1,0
bonsly,50,80,95,10,45,10,0,0,1,0,0,0
mime-jr,20,25,45,70,90,60,0,0,0,0,1,0
happiny,100,5,5,15,65,30,1,0,0,0,0,0
chatot,76,65,45,92,42,91,0,1,0,0,0,0
spiritomb,50,92,108,92,108,35,0,0,1,0,1,0
gible,58,70,45,40,45,42,0,1,0,0,0,0
gabite,68,90,65,50,55,82,0,2,0,0,0,0
garchomp,108,130,95,80,85,102,0,3,0,0,0,0
munchlax,135,85,40,40,85,5,1,0,0,0,0,0
riolu,40,70,40,35,40,60,0,1,0,0,0,0
lucario,70,110,70,115,70,90,0,1,0,1,0,0
hippopotas,68,72,78,38,42,32,0,0,1,0,0,0
hippowdon,108,112,118,68,72,47,0,0,2,0,0,0
skorupi,40,50,90,30,55,65,0,0,1,0,0,0
drapion,70,90,110,60,75,95,0,0,2,0,0,0
croagunk,48,61,40,61,40,50,0,1,0,0,0,0
toxicroak,83,106,65,86,65,85,0,2,0,0,0,0
carnivine,74,100,72,90,72,46,0,2,0,0,0,0
finneon,49,49,56,49,61,66,0,0,0,0,0,1
lumineon,69,69,76,69,86,91,0,0,0,0,0,2
mantyke,45,20,50,60,120,50,0,0,0,0,1,0
snover,60,62,50,62,60,40,0,1,0,0,0,0
abomasnow,90,92,75,92,85,60,0,1,0,1,0,0
weavile,70,120,65,45,85,125,0,1,0,0,0,1
magnezone,70,70,115,130,90,60,0,0,0,3,0,0
lickilicky,110,85,95,80,95,50,3,0,0,0,0,0
rhyperior,115,140,130,55,55,40,0,3,0,0,0,0
tangrowth,100,100,125,110,50,50,0,0,2,0,0,0
electivire,75,123,67,95,85,95,0,3,0,0,0,0
magmortar,75,95,67,125,95,83,0,0,0,3,0,0
togekiss,85,50,95,120,115,80,0,0,0,2,1,0
yanmega,86,76,86,116,56,95,0,2,0,0,0,0
leafeon,65,110,130,60,65,95,0,0,2,0,0,0
glaceon,65,60,110,130,95,65,0,0,0,2,0,0
gliscor,75,95,125,45,75,95,0,0,2,0,0,0
mamoswine,110,130,80,70,60,80,0,3,0,0,0,0
porygon-z,85,80,70,135,75,90,0,0,0,3,0,0
gallade,68,125,65,65,115,80,0,3,0,0,0,0
probopass,60,55,145,75,150,40,0,0,1,0,2,0
dusknoir,45,100,135,65,135,45,0,0,1,0,2,0
froslass,70,80,70,80,70,110,0,0,0,0,0,2
rotom,50,50,77,95,77,91,0,0,0,1,0,1
uxie,75,75,130,75,130,95,0,0,2,0,1,0
mesprit,80,105,105,105,105,80,0,1,0,1,1,0
azelf,75,125,70,125,70,115,0,2,0,1,0,0
dialga,100,120,120,150,100,90,0,0,0,3,0,0
palkia,90,120,100,150,120,100,0,0,0,3,0,0
heatran,91,90,106,130,106,77,0,0,0,3,0,0
regigigas,110,160,110,80,110,100,0,3,0,0,0,0
giratina-altered,150,100,120,100,120,90,3,0,0,0,0,0
cresselia,120,70,110,75,120,85,0,0,0,0,3,0
phione,80,80,80,80,80,80,1,0,0,0,0,0
manaphy,100,100,100,100,100,100,3,0,0,0,0,0
darkrai,70,90,90,135,90,125,0,0,0,2,0,1
shaymin-land,100,100,100,100,100,100,3,0,0,0,0,0
arceus,120,120,120,120,120,120,3,0,0,0,0,0
victini,100,100,100,100,100,100,3,0,0,0,0,0
snivy,45,45,55,45,55,63,0,0,0,0,0,1
servine,60,60,75,60,75,83,0,0,0,0,0,2
serperior,75,75,95,75,95,113,0,0,0,0,0,3
tepig,65,63,45,45,45,45,1,0,0,0,0,0
pignite,90,93,55,70,55,55,0,2,0,0,0,0
emboar,110,123,65,100,65,65,0,3,0,0,0,0
oshawott,55,55,45,63,45,45,0,0,0,1,0,0
dewott,75,75,60,83,60,60,0,0,0,2,0,0
samurott,95,100,85,108,70,70,0,0,0,3,0,0
patrat,45,55,39,35,39,42,0,1,0,0,0,0
watchog,60,85,69,60,69,77,0,2,0,0,0,0
lillipup,45,60,45,25,45,55,0,1,0,0,0,0
herdier,65,80,65,35,65,60,0,2,0,0,0,0
stoutland,85,110,90,45,90,80,0,3,0,0,0,0
purrloin,41,50,37,50,37,66,0,0,0,0,0,1
liepard,64,88,50,88,50,106,0,0,0,0,0,2
pansage,50,53,48,53,48,64,0,0,0,0,0,1
simisage,75,98,63,98,63,101,0,0,0,0,0,2
pansear,50,53,48,53,48,64,0,0,0,0,0,1
simisear,75,98,63,98,63,101,0,0,0,0,0,2
panpour,50,53,48,53,48,64,0,0,0,0,0,1
simipour,75,98,63,98,63,101,0,0,0,0,0,2
munna,76,25,45,67,55,24,1,0,0,0,0,0
musharna,116,55,85,107,95,29,2,0,0,0,0,0
pidove,50,55,50,36,30,43,0,1,0,0,0,0
tranquill,62,77,62,50,42,65,0,2,0,0,0,0
unfezant,80,115,80,65,55,93,0,3,0,0,0,0
blitzle,45,60,32,50,32,76,0,0,0,0,0,1
zebstrika,75,100,63,80,63,116,0,0,0,0,0,2
roggenrola,55,75,85,25,25,15,0,0,1,0,0,0
boldore,70,105,105,50,40,20,0,1,1,0,0,0
gigalith,85,135,130,60,80,25,0,3,0,0,0,0
woobat,65,45,43,55,43,72,0,0,0,0,0,1
swoobat,67,57,55,77,55,114,0,0,0,0,0,2
drilbur,60,85,40,30,45,68,0,1,0,0,0,0
excadrill,110,135,60,50,65,88,0,2,0,0,0,0
audino,103,60,86,60,86,50,2,0,0,0,0,0
timburr,75,80,55,25,35,35,0,1,0,0,0,0
gurdurr,85,105,85,40,50,40,0,2,0,0,0,0
conkeldurr,105,140,95,55,65,45,0,3,0,0,0,0
tympole,50,50,40,50,40,64,0,0,0,0,0,1
palpitoad,75,65,55,65,55,69,2,0,0,0,0,0
seismitoad,105,95,75,85,75,74,3,0,0,0,0,0
throh,120,100,85,30,85,45,2,0,0,0,0,0
sawk,75,125,75,30,75,85,0,2,0,0,0,0
sewaddle,45,53,70,40,60,42,0,0,1,0,0,0
swadloon,55,63,90,50,80,42,0,0,2,0,0,0
leavanny,75,103,80,70,80,92,0,3,0,0,0,0
venipede,30,45,59,30,39,57,0,0,1,0,0,0
whirlipede,40,55,99,40,79,47,0,0,2,0,0,0
scolipede,60,100,89,55,69,112,0,0,0,0,0,3
cottonee,40,27,60,37,50,66,0,0,0,0,0,1
whimsicott,60,67,85,77,75,116,0,0,0,0,0,2
petilil,45,35,50,70,50,30,0,0,0,1,0,0
lilligant,70,60,75,110,75,90,0,0,0,2,0,0
basculin-red-striped,70,92,65,80,55,98,0,0,0,0,0,2
sandile,50,72,35,35,35,65,0,1,0,0,0,0
krokorok,60,82,45,45,45,74,0,2,0,0,0,0
krookodile,95,117,80,65,70,92,0,3,0,0,0,0
darumaka,70,90,45,15,45,50,0,1,0,0,0,0
darmanitan-standard,105,140,55,30,55,95,0,2,0,0,0,0
maractus,75,86,67,106,67,60,0,0,0,2,0,0
dwebble,50,65,85,35,35,55,0,0,1,0,0,0
crustle,70,105,125,65,75,45,0,0,2,0,0,0
scraggy,50,75,70,35,70,48,0,1,0,0,0,0
scrafty,65,90,115,45,115,58,0,0,1,0,1,0
sigilyph,72,58,80,103,80,97,0,0,0,2,0,0
yamask,38,30,85,55,65,30,0,0,1,0,0,0
cofagrigus,58,50,145,95,105,30,0,0,2,0,0,0
tirtouga,54,78,103,53,45,22,0,0,1,0,0,0
carracosta,74,108,133,83,65,32,0,0,2,0,0,0
archen,55,112,45,74,45,70,0,1,0,0,0,0
archeops,75,140,65,112,65,110,0,2,0,0,0,0
trubbish,50,50,62,40,62,65,0,0,0,0,0,1
garbodor,80,95,82,60,82,75,0,2,0,0,0,0
zorua,40,65,40,80,40,65,0,0,0,1,0,0
zoroark,60,105,60,120,60,105,0,0,0,2,0,0
minccino,55,50,40,40,40,75,0,0,0,0,0,1
cinccino,75,95,60,65,60,115,0,0,0,0,0,2
gothita,45,30,50,55,65,45,0,0,0,0,1,0
gothorita,60,45,70,75,85,55,0,0,0,0,2,0
gothitelle,70,55,95,95,110,65,0,0,0,0,3,0
solosis,45,30,40,105,50,20,0,0,0,1,0,0
duosion,65,40,50,125,60,30,0,0,0,2,0,0
reuniclus,110,65,75,125,85,30,0,0,0,3,0,0
ducklett,62,44,50,44,50,55,1,0,0,0,0,0
swanna,75,87,63,87,63,98,0,0,0,0,0,2
vanillite,36,50,50,65,60,44,0,0,0,1,0,0
vanillish,51,65,65,80,75,59,0,0,0,2,0,0
vanilluxe,71,95,85,110,95,79,0,0,0,3,0,0
deerling,60,60,50,40,50,75,0,0,0,0,0,1
sawsbuck,80,100,70,60,70,95,0,2,0,0,0,0
emolga,55,75,60,75,60,103,0,0,0,0,0,2
karrablast,50,75,45,40,45,60,0,1,0,0,0,0
escavalier,70,135,105,60,105,20,0,2,0,0,0,0
foongus,69,55,45,55,55,15,1,0,0,0,0,0
amoonguss,114,85,70,85,80,30,2,0,0,0,0,0
frillish-male,55,40,50,65,85,40,0,0,0,0,1,0
jellicent-male,100,60,70,85,105,60,0,0,0,0,2,0
alomomola,165,75,80,40,45,65,2,0,0,0,0,0
joltik,50,47,50,57,50,65,0,0,0,0,0,1
galvantula,70,77,60,97,60,108,0,0,0,0,0,2
ferroseed,44,50,91,24,86,10,0,0,1,0,0,0
ferrothorn,74,94,131,54,116,20,0,0,2,0,0,0
klink,40,55,70,45,60,30,0,0,1,0,0,0
klang,60,80,95,70,85,50,0,0,2,0,0,0
klinklang,60,100,115,70,85,90,0,0,3,0,0,0
tynamo,35,55,40,45,40,60,0,0,0,0,0,1
eelektrik,65,85,70,75,70,40,0,2,0,0,0,0
eelektross,85,115,80,105,80,50,0,3,0,0,0,0
elgyem,55,55,55,85,55,30,0,0,0,1,0,0
beheeyem,75,75,75,125,95,40,0,0,0,2,0,0
litwick,50,30,55,65,55,20,0,0,0,1,0,0
lampent,60,40,60,95,60,55,0,0,0,2,0,0
chandelure,60,55,90,145,90,80,0,0,0,3,0,0
axew,46,87,60,30,40,57,0,1,0,0,0,0
fraxure,66,117,70,40,50,67,0,2,0,0,0,0
haxorus,76,147,90,60,70,97,0,3,0,0,0,0
cubchoo,55,70,40,60,40,40,0,1,0,0,0,0
beartic,95,130,80,70,80,50,0,2,0,0,0,0
cryogonal,80,50,50,95,135,105,0,0,0,0,2,0
shelmet,50,40,85,40,65,25,0,0,1,0,0,0
accelgor,80,70,40,100,60,145,0,0,0,0,0,2
stunfisk,109,66,84,81,99,32,2,0,0,0,0,0
mienfoo,45,85,50,55,50,65,0,1,0,0,0,0
mienshao,65,125,60,95,60,105,0,2,0,0,0,0
druddigon,77,120,90,60,90,48,0,2,0,0,0,0
golett,59,74,50,35,50,35,0,1,0,0,0,0
golurk,89,124,80,55,80,55,0,2,0,0,0,0
pawniard,45,85,70,40,40,60,0,1,0,0,0,0
bisharp,65,125,100,60,70,70,0,2,0,0,0,0
bouffalant,95,110,95,40,95,55,0,2,0,0,0,0
rufflet,70,83,50,37,50,60,0,1,0,0,0,0
braviary,100,123,75,57,75,80,0,2,0,0,0,0
vullaby,70,55,75,45,65,60,0,0,1,0,0,0
mandibuzz,110,65,105,55,95,80,0,0,0,2,0,0
heatmor,85,97,66,105,66,65,0,0,0,2,0,0
durant,58,109,112,48,48,109,0,0,2,0,0,0
deino,52,65,50,45,50,38,0,1,0,0,0,0
zweilous,72,85,70,65,70,58,0,2,0,0,0,0
hydreigon,92,105,90,125,90,98,0,0,0,3,0,0
larvesta,55,85,55,50,55,60,0,1,0,0,0,0
volcarona,85,60,65,135,105,100,0,0,0,3,0,0
cobalion,91,90,129,90,72,108,0,0,3,0,0,0
terrakion,91,129,90,72,90,108,0,3,0,0,0,0
virizion,91,90,72,90,129,108,0,0,0,0,3,0
tornadus-incarnate,79,115,70,125,80,111,0,3,0,0,0,0
thundurus-incarnate,79,115,70,125,80,111,0,3,0,0,0,0
reshiram,100,120,100,150,120,90,0,0,0,3,0,0
zekrom,100,150,120,120,100,90,0,3,0,0,0,0
landorus-incarnate,89,125,90,115,80,101,0,0,0,3,0,0
kyurem,125,130,90,130,90,95,1,1,0,1,0,0
keldeo-ordinary,91,72,90,129,90,108,0,0,0,3,0,0
meloetta-aria,100,77,77,128,128,90,0,0,0,1,1,1
genesect,71,120,95,120,95,99,0,1,0,1,0,1
chespin,56,61,65,48,45,38,0,0,1,0,0,0
quilladin,61,78,95,56,58,57,0,0,2,0,0,0
chesnaught,88,107,122,74,75,64,0,0,3,0,0,0
fennekin,40,45,40,62,60,60,0,0,0,1,0,0
braixen,59,59,58,90,70,73,0,0,0,2,0,0
delphox,75,69,72,114,100,104,0,0,0,3,0,0
froakie,41,56,40,62,44,71,0,0,0,0,0,1
frogadier,54,63,52,83,56,97,0,0,0,0,0,2
greninja,72,95,67,103,71,122,0,0,0,0,0,3
bunnelby,38,36,38,32,36,57,0,0,0,0,0,1
diggersby,85,56,77,50,77,78,2,0,0,0,0,0
fletchling,45,50,43,40,38,62,0,0,0,0,0,1
fletchinder,62,73,55,56,52,84,0,0,0,0,0,2
talonflame,78,81,71,74,69,126,0,0,0,0,0,3
scatterbug,38,35,40,27,25,35,0,0,1,0,0,0
spewpa,45,22,60,27,30,29,0,0,2,0,0,0
vivillon,80,52,50,90,50,89,1,0,0,1,0,1
litleo,62,50,58,73,54,72,0,0,0,1,0,0
pyroar-male,86,68,72,109,66,106,0,0,0,2,0,0
flabebe,44,38,39,61,79,42,0,0,0,0,1,0
floette,54,45,47,75,98,52,0,0,0,0,2,0
florges,78,65,68,112,154,75,0,0,0,0,3,0
skiddo,66,65,48,62,57,52,1,0,0,0,0,0
gogoat,123,100,62,97,81,68,2,0,0,0,0,0
pancham,67,82,62,46,48,43,0,1,0,0,0,0
pangoro,95,124,78,69,71,58,0,2,0,0,0,0
furfrou,75,80,60,65,90,102,0,0,0,0,0,1
espurr,62,48,54,63,60,68,0,0,0,0,0,1
meowstic-male,74,48,76,83,81,104,0,0,0,0,0,2
honedge,45,80,100,35,37,28,0,0,1,0,0,0
doublade,59,110,150,45,49,35,0,0,2,0,0,0
aegislash-shield,60,50,140,50,140,60,0,0,2,0,1,0
spritzee,78,52,60,63,65,23,1,0,0,0,0,0
aromatisse,101,72,72,99,89,29,2,0,0,0,0,0
swirlix,62,48,66,59,57,49,0,0,1,0,0,0
slurpuff,82,80,86,85,75,72,0,0,2,0,0,0
inkay,53,54,53,37,46,45,0,1,0,0,0,0
malamar,86,92,88,68,75,73,0,2,0,0,0,0
binacle,42,52,67,39,56,50,0,1,0,0,0,0
barbaracle,72,105,115,54,86,68,0,2,0,0,0,0
skrelp,50,60,60,60,60,30,0,0,0,0,1,0
dragalge,65,75,90,97,123,44,0,0,0,0,2,0
clauncher,50,53,62,58,63,44,0,0,0,1,0,0
clawitzer,71,73,88,120,89,59,0,0,0,2,0,0
helioptile,44,38,33,61,43,70,0,0,0,0,0,1
heliolisk,62,55,52,109,94,109,0,0,0,1,0,1
tyrunt,58,89,77,45,45,48,0,1,0,0,0,0
tyrantrum,82,121,119,69,59,71,0,2,0,0,0,0
amaura,77,59,50,67,63,46,1,0,0,0,0,0
aurorus,123,77,72,99,92,58,2,0,0,0,0,0
sylveon,95,65,65,110,130,60,0,0,0,0,2,0
hawlucha,78,92,75,74,63,118,0,2,0,0,0,0
dedenne,67,58,57,81,67,101,0,0,0,0,0,2
carbink,50,50,150,50,150,50,0,0,1,0,1,0
goomy,45,50,35,55,75,40,0,0,0,0,1,0
sliggoo,68,75,53,83,113,60,0,0,0,0,2,0
goodra,90,100,70,110,150,80,0,0,0,0,3,0
klefki,57,80,91,80,87,75,0,0,1,0,0,0
phantump,43,70,48,50,60,38,0,1,0,0,0,0
trevenant,85,110,76,65,82,56,0,2,0,0,0,0
pumpkaboo-average,49,66,70,44,55,51,0,0,1,0,0,0
gourgeist-average,65,90,122,58,75,84,0,0,2,0,0,0
bergmite,55,69,85,32,35,28,0,0,1,0,0,0
avalugg,95,117,184,44,46,28,0,0,2,0,0,0
noibat,40,30,35,45,40,55,0,0,0,0,0,1
noivern,85,70,80,97,80,123,0,0,0,0,0,2
xerneas,126,131,95,131,98,99,3,0,0,0,0,0
yveltal,126,131,95,131,98,99,3,0,0,0,0,0
zygarde-50,108,100,121,81,95,95,3,0,0,0,0,0
diancie,50,100,150,100,150,50,0,0,1,0,2,0
hoopa,80,110,60,150,130,70,0,0,0,3,0,0
volcanion,80,110,120,130,90,70,0,0,0,3,0,0
rowlet,68,55,55,50,50,42,1,0,0,0,0,0
dartrix,78,75,75,70,70,52,2,0,0,0,0,0
decidueye,78,107,75,100,100,70,0,3,0,0,0,0
litten,45,65,40,60,40,70,0,0,0,0,0,1
torracat,65,85,50,80,50,90,0,0,0,0,0,2
incineroar,95,115,90,80,90,60,0,3,0,0,0,0
popplio,50,54,54,66,56,40,0,0,0,1,0,0
brionne,60,69,69,91,81,50,0,0,0,2,0,0
primarina,80,74,74,126,116,60,0,0,0,3,0,0
pikipek,35,75,30,30,30,65,0,1,0,0,0,0
trumbeak,55,85,50,40,50,75,0,2,0,0,0,0
toucannon,80,120,75,75,75,60,0,3,0,0,0,0
yungoos,48,70,30,30,30,45,0,1,0,0,0,0
gumshoos,88,110,60,55,60,45,0,2,0,0,0,0
grubbin,47,62,45,55,45,46,0,1,0,0,0,0
charjabug,57,82,95,55,75,36,0,0,2,0,0,0
vikavolt,77,70,90,145,75,43,0,0,0,3,0,0
crabrawler,47,82,57,42,47,63,0,1,0,0,0,0
crabominable,97,132,77,62,67,43,0,2,0,0,0,0
oricorio-baile,75,70,70,98,70,93,0,0,0,2,0,0
cutiefly,40,45,40,55,40,84,0,0,0,0,0,1
ribombee,60,55,60,95,70,124,0,0,0,0,0,2
rockruff,45,65,40,30,40,60,0,1,0,0,0,0
lycanroc-midday,75,115,65,55,65,112,0,2,0,0,0,0
wishiwashi-solo,45,20,20,25,25,40,1,0,0,0,0,0
mareanie,50,53,62,43,52,45,0,0,1,0,0,0
toxapex,50,63,152,53,142,35,0,0,2,0,0,0
mudbray,70,100,70,45,55,45,0,1,0,0,0,0
mudsdale,100,125,100,55,85,35,0,2,0,0,0,0
dewpider,38,40,52,40,72,27,0,0,0,0,1,0
araquanid,68,70,92,50,132,42,0,0,0,0,2,0
fomantis,40,55,35,50,35,35,0,1,0,0,0,0
lurantis,70,105,90,80,90,45,0,2,0,0,0,0
morelull,40,35,55,65,75,15,0,0,0,0,1,0
shiinotic,60,45,80,90,100,30,0,0,0,0,2,0
salandit,48,44,40,71,40,77,0,0,0,0,0,1
salazzle,68,64,60,111,60,117,0,0,0,0,0,2
stufful,70,75,50,45,50,50,0,1,0,0,0,0
bewear,120,125,80,55,60,60,0,2,0,0,0,0
bounsweet,42,30,38,30,38,32,1,0,0,0,0,0
steenee,52,40,48,40,48,62,0,0,0,0,0,2
tsareena,72,120,98,50,98,72,0,3,0,0,0,0
comfey,51,52,90,82,110,100,0,0,0,0,2,0
oranguru,90,60,80,90,110,60,0,0,0,0,2,0
passimian,100,120,90,40,60,80,0,2,0,0,0,0
wimpod,25,35,40,20,30,80,0,0,0,0,0,1
golisopod,75,125,140,60,90,40,0,0,2,0,0,0
sandygast,55,55,80,70,45,15,0,0,1,0,0,0
palossand,85,75,110,100,75,35,0,0,2,0,0,0
pyukumuku,55,60,130,30,130,5,0,0,0,0,2,0
type-null,95,95,95,95,95,59,2,0,0,0,0,0
silvally,95,95,95,95,95,95,3,0,0,0,0,0
minior-red-meteor,60,60,100,60,100,60,0,0,1,0,1,0
komala,65,115,65,75,95,65,0,2,0,0,0,0
turtonator,60,78,135,91,85,36,0,0,2,0,0,0
togedemaru,65,98,63,40,73,96,0,2,0,0,0,0
mimikyu-disguised,55,90,80,50,105,96,0,0,0,0,2,0
bruxish,68,105,70,70,70,92,0,2,0,0,0,0
drampa,78,60,85,135,91,36,0,0,0,2,0,0
dhelmise,70,131,100,86,90,40,0,2,0,0,0,0
jangmo-o,45,55,65,45,45,45,0,0,1,0,0,0
hakamo-o,55,75,90,65,70,65,0,0,2,0,0,0
kommo-o,75,110,125,100,105,85,0,0,3,0,0,0
tapu-koko,70,115,85,95,75,130,0,0,0,0,0,3
tapu-lele,70,85,75,130,115,95,0,0,0,3,0,0
tapu-bulu,70,130,115,85,95,75,0,3,0,0,0,0
tapu-fini,70,75,115,95,130,85,0,0,0,0,3,0
cosmog,43,29,31,29,31,37,1,0,0,0,0,0
cosmoem,43,29,131,29,131,37,0,0,1,0,1,0
solgaleo,137,137,107,113,89,97,0,3,0,0,0,0
lunala,137,113,89,137,107,97,0,0,0,3,0,0
nihilego,109,53,47,127,131,103,0,0,0,0,3,0
buzzwole,107,139,139,53,53,79,0,1,2,0,0,0
pheromosa,71,137,37,137,37,151,0,0,0,0,0,3
xurkitree,83,89,71,173,71,83,0,0,0,3,0,0
celesteela,97,101,103,107,101,61,0,1,1,1,0,0
kartana,59,181,131,59,31,109,0,3,0,0,0,0
guzzlord,223,101,53,97,53,43,3,0,0,0,0,0
necrozma,97,107,101,127,89,79,0,1,0,2,0,0
magearna,80,95,115,130,115,65,0,0,0,3,0,0
marshadow,90,125,80,90,90,125,0,2,0,0,0,1
poipole,67,73,67,73,67,73,0,0,0,0,0,1
naganadel,73,73,73,127,73,121,0,0,0,3,0,0
stakataka,61,131,211,53,101,13,0,0,3,0,0,0
blacephalon,53,127,53,151,79,107,0,0,0,3,0,0
zeraora,88,112,75,102,80,143,0,0,0,0,0,3
meltan,46,65,65,55,35,34,0,1,0,0,0,0
melmetal,135,143,143,80,65,34,0,3,0,0,0,0
grookey,50,65,50,40,40,65,0,1,0,0,0,0
thwackey,70,85,70,55,60,80,0,2,0,0,0,0
rillaboom,100,125,90,60,70,85,0,3,0,0,0,0
scorbunny,50,71,40,40,40,69,0,0,0,0,0,1
raboot,65,86,60,55,60,94,0,0,0,0,0,2
cinderace,80,116,75,65,75,119,0,0,0,0,0,3
sobble,50,40,40,70,40,70,0,0,0,0,1,1
drizzile,65,60,55,95,55,90,0,0,0,2,0,0
inteleon,70,85,65,125,65,120,0,0,0,0,0,3
skwovet,70,55,55,35,35,25,1,0,0,0,0,0
greedent,120,95,95,55,75,20,2,0,0,0,0,0
rookidee,38,47,35,33,35,57,0,0,0,0,0,1
corvisquire,68,67,55,43,55,77,0,0,0,0,0,2
corviknight,98,87,105,53,85,67,0,0,3,0,0,0
blipbug,25,20,20,25,45,45,0,0,0,0,1,0
dottler,50,35,80,50,90,30,0,0,0,0,2,0
orbeetle,60,45,110,80,120,90,0,0,0,0,3,0
nickit,40,28,28,47,52,50,0,0,0,0,1,0
thievul,70,58,58,87,92,90,0,0,0,0,2,0
gossifleur,40,40,60,40,60,10,0,0,0,0,1,0
eldegoss,60,50,90,80,120,60,0,0,0,0,2,0
wooloo,42,40,55,40,45,48,0,0,1,0,0,0
dubwool,72,80,100,60,90,88,0,0,2,0,0,0
chewtle,50,64,50,38,38,44,0,1,0,0,0,0
drednaw,90,115,90,48,68,74,0,2,0,0,0,0
yamper,59,45,50,40,50,26,1,0,0,0,0,0
boltund,69,90,60,90,60,121,0,0,0,0,0,2
rolycoly,30,40,50,40,50,30,0,0,1,0,0,0
carkol,80,60,90,60,70,50,0,0,2,0,0,0
coalossal,110,80,120,80,90,30,0,0,3,0,0,0
applin,40,40,80,40,40,20,0,0,1,0,0,0
flapple,70,110,80,95,60,70,0,2,0,0,0,0
appletun,110,85,80,100,80,30,2,0,0,0,0,0
silicobra,52,57,75,35,50,46,0,0,1,0,0,0
sandaconda,72,107,125,65,70,71,0,0,2,0,0,0
cramorant,70,85,55,85,95,85,0,0,0,0,2,0
arrokuda,41,63,40,40,30,66,0,0,0,0,0,1
barraskewda,61,123,60,60,50,136,0,0,0,0,0,2
toxel,40,38,35,54,35,40,0,0,0,1,0,0
toxtricity-amped,75,98,70,114,70,75,0,0,0,2,0,0
sizzlipede,50,65,45,50,50,45,0,1,0,0,0,0
centiskorch,100,115,65,90,90,65,0,2,0,0,0,0
clobbopus,50,68,60,50,50,32,0,1,0,0,0,0
grapploct,80,118,90,70,80,42,0,2,0,0,0,0
sinistea,40,45,45,74,54,50,0,0,0,1,0,0
polteageist,60,65,65,134,114,70,0,0,0,2,0,0
hatenna,42,30,45,56,53,39,0,0,0,1,0,0
hattrem,57,40,65,86,73,49,0,0,0,2,0,0
hatterene,57,90,95,136,103,29,0,0,0,3,0,0
impidimp,45,45,30,55,40,50,0,0,0,1,0,0
morgrem,65,60,45,75,55,70,0,0,0,2,0,0
grimmsnarl,95,120,65,95,75,60,0,3,0,0,0,0
obstagoon,93,90,101,60,81,95,0,0,3,0,0,0
perrserker,70,110,100,50,60,50,0,2,0,0,0,0
cursola,60,95,50,145,130,30,0,0,0,2,0,0
sirfetchd,62,135,95,68,82,65,0,2,0,0,0,0
mr-rime,80,85,75,110,100,70,0,0,0,3,0,0
runerigus,58,95,145,50,105,30,0,0,2,0,0,0
milcery,45,40,40,50,61,34,0,0,0,0,1,0
alcremie,65,60,75,110,121,64,0,0,0,0,2,0
falinks,65,100,100,70,60,75,0,2,0,0,1,0
pincurchin,48,101,95,91,85,15,0,2,0,0,0,0
snom,30,25,35,45,30,20,0,0,0,1,0,0
frosmoth,70,65,60,125,90,65,0,0,0,2,0,0
stonjourner,100,125,135,20,20,70,0,0,2,0,0,0
eiscue-ice,75,80,110,65,90,50,0,0,2,0,0,0
indeedee-male,60,65,55,105,95,95,0,0,0,2,0,0
morpeko-full-belly,58,95,58,70,58,97,0,0,0,0,0,2
cufant,72,80,49,40,49,40,0,1,0,0,0,0
copperajah,122,130,69,80,69,30,0,2,0,0,0,0
dracozolt,90,100,90,80,70,75,0,2,0,0,0,0
arctozolt,90,100,90,90,80,55,0,2,0,0,0,0
dracovish,90,90,100,70,80,75,0,0,2,0,0,0
arctovish,90,90,100,80,90,55,0,0,2,0,0,0
duraludon,70,95,115,120,50,85,0,0,0,2,0,0
dreepy,28,60,30,40,30,82,0,0,0,0,0,1
drakloak,68,80,50,60,50,102,0,0,0,0,0,2
dragapult,88,120,75,100,75,142,0,0,0,0,0,3
zacian,92,120,115,80,115,138,0,0,0,0,0,3
zamazenta,92,120,115,80,115,138,0,0,0,0,0,3
eternatus,140,85,95,145,95,130,3,0,0,0,0,0
kubfu,60,90,60,53,50,72,0,1,0,0,0,0
urshifu-single-strike,100,130,100,63,60,97,0,3,0,0,0,0
zarude,105,120,105,70,95,105,0,3,0,0,0,0
regieleki,80,100,50,100,50,200,0,0,0,0,0,3
regidrago,200,100,50,100,50,80,3,0,0,0,0,0
glastrier,100,145,130,65,110,30,0,3,0,0,0,0
spectrier,100,65,60,145,80,130,0,0,0,3,0,0
calyrex,100,80,80,80,80,80,3,0,0,0,0,0
wyrdeer,103,105,72,105,75,65,0,1,0,1,0,0
kleavor,70,135,95,45,70,85,0,3,0,0,0,0
ursaluna,130,140,105,45,80,50,0,3,0,0,0,0
basculegion-male,120,112,65,80,75,78,3,0,0,0,0,0
sneasler,80,130,60,40,80,120,0,2,0,0,0,0
overqwil,85,115,95,65,65,85,0,2,0,0,0,0
enamorus-incarnate,74,115,70,135,80,106,0,0,0,3,0,0
sprigatito,40,61,54,45,45,65,0,0,0,0,0,1
floragato,61,80,63,60,63,83,0,0,0,0,0,2
meowscarada,76,110,70,81,70,123,0,0,0,0,0,3
fuecoco,67,45,59,63,40,36,1,0,0,0,0,0
crocalor,81,55,78,90,58,49,0,0,0,2,0,0
skeledirge,104,75,100,110,75,66,0,0,0,3,0,0
quaxly,55,65,45,50,45,50,0,1,0,0,0,0
quaxwell,70,85,65,65,60,65,0,2,0,0,0,0
quaquaval,85,120,80,85,75,85,0,3,0,0,0,0
lechonk,54,45,40,35,45,35,1,0,0,0,0,0
oinkologne-male,110,100,75,59,80,65,2,0,0,0,0,0
tarountula,35,41,45,29,40,20,0,0,1,0,0,0
spidops,60,79,92,52,86,35,0,0,2,0,0,0
nymble,33,46,40,21,25,45,0,1,0,0,0,0
lokix,71,102,78,52,55,92,0,2,0,0,0,0
pawmi,45,50,20,40,25,60,0,0,0,0,0,1
pawmo,60,75,40,50,40,85,0,0,0,0,0,2
pawmot,70,115,70,70,60,105,0,3,0,0,0,0
tandemaus,50,50,45,40,45,75,0,0,0,0,0,1
maushold-family-of-four,74,75,70,65,75,111,0,0,0,0,0,2
fidough,37,55,70,30,55,65,0,0,0,0,0,1
dachsbun,57,80,115,50,80,95,0,0,0,0,0,2
smoliv,41,35,45,58,51,30,0,0,0,1,0,0
dolliv,52,53,60,78,78,33,0,0,0,2,0,0
arboliva,78,69,90,125,109,39,0,0,0,3,0,0
squawkabilly-green-plumage,82,96,51,45,51,92,0,1,0,0,0,0
nacli,55,55,75,35,35,25,0,0,1,0,0,0
naclstack,60,60,100,35,65,35,0,0,2,0,0,0
garganacl,100,100,130,45,90,35,0,0,3,0,0,0
charcadet,40,50,40,50,40,35,0,0,0,1,0,0
armarouge,85,60,100,125,80,75,0,0,0,2,0,0
ceruledge,75,125,80,60,100,85,0,2,0,0,0,0
tadbulb,61,31,41,59,35,45,1,0,0,0,0,0
bellibolt,109,64,91,103,83,45,2,0,0,0,0,0
wattrel,40,40,35,55,40,70,0,0,0,0,0,1
kilowattrel,70,70,60,105,60,125,0,0,0,0,0,2
maschiff,60,78,60,40,51,51,0,1,0,0,0,0
mabosstiff,80,120,90,60,70,85,0,2,0,0,0,0
shroodle,40,65,35,40,35,75,0,0,0,0,0,1
grafaiai,63,95,65,80,72,110,0,0,0,0,0,2
bramblin,40,65,30,45,35,60,0,1,0,0,0,0
brambleghast,55,115,70,80,70,90,0,2,0,0,0,0
toedscool,40,40,35,50,100,70,0,0,0,0,1,0
toedscruel,80,70,65,80,120,100,0,0,0,0,2,0
klawf,70,100,115,35,55,75,0,0,2,0,0,0
capsakid,50,62,40,62,40,50,0,1,0,0,0,0
scovillain,65,108,65,108,65,75,0,2,0,0,0,0
rellor,41,50,60,31,58,30,0,0,1,0,0,0
rabsca,75,50,85,115,100,45,0,0,0,2,0,0
flittle,30,35,30,55,30,75,0,0,0,0,0,1
espathra,95,60,60,101,60,105,0,0,0,0,0,2
tinkatink,50,45,45,35,64,58,0,0,0,0,1,0
tinkatuff,65,55,55,45,82,78,0,0,0,0,2,0
tinkaton,85,75,77,70,105,94,0,0,0,0,3,0
wiglett,10,55,25,35,25,95,0,0,0,0,0,1
wugtrio,35,100,50,50,70,120,0,0,0,0,0,2
bombirdier,70,103,85,60,85,82,0,2,0,0,0,0
finizen,70,45,40,45,40,75,0,0,0,0,0,1
palafin-zero,100,70,72,53,62,100,2,0,0,0,0,0
varoom,45,70,63,30,45,47,0,1,0,0,0,0
revavroom,80,119,90,54,67,90,0,2,0,0,0,0
cyclizar,70,95,65,85,65,121,0,0,0,0,0,2
orthworm,70,85,145,60,55,65,0,0,2,0,0,0
glimmet,48,35,42,105,60,60,0,0,0,1,0,0
glimmora,83,55,90,130,81,86,0,0,0,2,0,0
greavard,50,61,60,30,55,34,0,1,0,0,0,0
houndstone,72,101,100,50,97,68,0,2,0,0,0,0
flamigo,82,115,74,75,64,90,0,2,0,0,0,0
cetoddle,108,68,45,30,40,43,1,0,0,0,0,0
cetitan,170,113,65,45,55,73,2,0,0,0,0,0
veluza,90,102,73,78,65,70,0,2,0,0,0,0
dondozo,150,100,115,65,65,35,3,0,0,0,0,0
tatsugiri-curly,68,50,60,120,95,82,0,0,0,2,0,0
annihilape,110,115,80,50,90,90,0,3,0,0,0,0
clodsire,130,75,60,45,100,20,2,0,0,0,0,0
farigiraf,120,90,70,110,70,60,3,0,0,0,0,0
dudunsparce-two-segment,125,100,80,85,75,55,2,0,0,0,0,0
kingambit,100,135,120,60,85,50,0,3,0,0,0,0
great-tusk,115,131,131,53,53,87,0,3,0,0,0,0
scream-tail,115,65,99,65,115,111,3,0,0,0,0,0
brute-bonnet,111,127,99,79,99,55,0,3,0,0,0,0
flutter-mane,55,55,55,135,135,135,0,0,0,1,1,1
slither-wing,85,135,79,85,105,81,0,3,0,0,0,0
sandy-shocks,85,81,97,121,85,101,0,0,0,3,0,0
iron-treads,90,112,120,72,70,106,0,0,3,0,0,0
iron-bundle,56,80,114,124,60,136,0,0,0,0,0,3
iron-hands,154,140,108,50,68,50,0,3,0,0,0,0
iron-jugulis,94,80,86,122,80,108,0,0,0,3,0,0
iron-moth,80,70,60,140,110,110,0,0,0,3,0,0
iron-thorns,100,134,110,70,84,72,0,3,0,0,0,0
frigibax,65,75,45,35,45,55,0,1,0,0,0,0
arctibax,90,95,66,45,65,62,0,2,0,0,0,0
baxcalibur,115,145,92,75,86,87,0,3,0,0,0,0
gimmighoul,45,30,70,75,70,10,0,0,0,1,0,0
gholdengo,87,60,95,133,91,84,0,0,0,2,0,0
wo-chien,85,85,100,95,135,70,0,0,0,0,3,0
chien-pao,80,120,80,90,65,135,0,0,0,0,0,3
ting-lu,155,110,125,55,80,45,0,0,3,0,0,0
chi-yu,55,80,80,135,120,100,0,0,0,3,0,0
roaring-moon,105,139,71,55,101,119,0,3,0,0,0,0
iron-valiant,74,130,90,120,60,116,0,3,0,0,0,0
koraidon,100,135,115,85,100,135,0,3,0,0,0,0
miraidon,100,85,100,135,115,135,0,0,0,3,0,0
walking-wake,99,83,91,125,83,109,0,0,0,3,0,0
iron-leaves,90,130,88,70,108,104,0,3,0,0,0,0
dipplin,80,80,110,95,80,40,0,0,2,0,0,0
poltchageist,40,45,45,74,54,50,0,0,0,1,0,0
sinistcha,71,60,106,121,80,70,0,0,0,2,0,0
okidogi,88,128,115,58,86,80,0,3,0,0,0,0
munkidori,88,75,66,130,90,106,0,0,0,3,0,0
fezandipiti,88,91,82,70,125,99,0,0,0,0,3,0
ogerpon,80,120,84,60,96,110,0,3,0,0,0,0
archaludon,90,105,130,125,65,85,0,0,3,0,0,0
hydrapple,106,80,110,120,80,44,0,0,0,3,0,0
gouging-fire,105,115,121,65,93,91,0,0,3,0,0,0
raging-bolt,125,73,91,137,89,75,0,0,0,3,0,0
iron-boulder,90,120,80,68,108,124,0,0,0,0,0,3
iron-crown,90,72,100,122,108,98,0,0,0,3,0,0
terapagos,90,65,85,65,85,60,0,0,1,0,0,0
pecharunt,88,88,160,88,88,88,0,0,3,0,0,0
deoxys-attack,50,180,20,180,20,150,0,2,0,1,0,0
deoxys-defense,50,70,160,70,160,90,0,0,2,0,1,0
deoxys-speed,50,95,90,95,90,180,0,0,0,0,0,3
wormadam-sandy,60,79,105,59,85,36,0,0,2,0,0,0
wormadam-trash,60,69,95,69,95,36,0,0,1,0,1,0
shaymin-sky,100,103,75,120,75,127,0,0,0,0,0,3
giratina-origin,150,120,100,120,100,90,3,0,0,0,0,0
rotom-heat,50,65,107,105,107,86,0,0,0,1,0,1
rotom-wash,50,65,107,105,107,86,0,0,0,1,0,1
rotom-frost,50,65,107,105,107,86,0,0,0,1,0,1
rotom-fan,50,65,107,105,107,86,0,0,0,1,0,1
rotom-mow,50,65,107,105,107,86,0,0,0,1,0,1
castform-sunny,70,70,70,70,70,70,1,0,0,0,0,0
castform-rainy,70,70,70,70,70,70,1,0,0,0,0,0
castform-snowy,70,70,70,70,70,70,1,0,0,0,0,0
basculin-blue-striped,70,92,65,80,55,98,0,0,0,0,0,2
darmanitan-zen,105,30,105,140,105,55,0,0,0,2,0,0
meloetta-pirouette,100,128,90,77,77,128,0,1,1,0,0,1
tornadus-therian,79,100,80,110,90,121,0,0,0,0,0,3
thundurus-therian,79,105,70,145,80,101,0,0,0,3,0,0
landorus-therian,89,145,90,105,80,91,0,3,0,0,0,0
kyurem-black,125,170,100,120,90,95,0,3,0,0,0,0
kyurem-white,125,120,90,170,100,95,0,0,0,3,0,0
keldeo-resolute,91,72,90,129,90,108,0,0,0,3,0,0
meowstic-female,74,48,76,83,81,104,0,0,0,0,0,2
aegislash-blade,60,140,50,140,50,60,0,2,0,1,0,0
pumpkaboo-small,44,66,70,44,55,56,0,0,1,0,0,0
pumpkaboo-large,54,66,70,44,55,46,0,0,1,0,0,0
pumpkaboo-super,59,66,70,44,55,41,0,0,1,0,0,0
gourgeist-small,55,85,122,58,75,99,0,0,2,0,0,0
gourgeist-large,75,95,122,58,75,69,0,0,2,0,0,0
gourgeist-super,85,100,122,58,75,54,0,0,2,0,0,0
venusaur-mega,80,100,123,122,120,80,0,0,0,2,1,0
charizard-mega-x,78,130,111,130,85,100,0,0,0,3,0,0
charizard-mega-y,78,104,78,159,115,100,0,0,0,3,0,0
blastoise-mega,79,103,120,135,115,78,0,0,0,0,3,0
alakazam-mega,55,50,65,175,105,150,0,0,0,3,0,0
gengar-mega,60,65,80,170,95,130,0,0,0,3,0,0
kangaskhan-mega,105,125,100,60,100,100,2,0,0,0,0,0
pinsir-mega,65,155,120,65,90,105,0,2,0,0,0,0
gyarados-mega,95,155,109,70,130,81,0,2,0,0,0,0
aerodactyl-mega,80,135,85,70,95,150,0,0,0,0,0,2
mewtwo-mega-x,106,190,100,154,100,130,0,0,0,3,0,0
mewtwo-mega-y,106,150,70,194,120,140,0,0,0,3,0,0
ampharos-mega,90,95,105,165,110,45,0,0,0,3,0,0
scizor-mega,70,150,140,65,100,75,0,2,0,0,0,0
heracross-mega,80,185,115,40,105,75,0,2,0,0,0,0
houndoom-mega,75,90,90,140,90,115,0,0,0,2,0,0
tyranitar-mega,100,164,150,95,120,71,0,3,0,0,0,0
blaziken-mega,80,160,80,130,80,100,0,3,0,0,0,0
gardevoir-mega,68,85,65,165,135,100,0,0,0,3,0,0
mawile-mega,50,105,125,55,95,50,0,1,1,0,0,0
aggron-mega,70,140,230,60,80,50,0,0,3,0,0,0
medicham-mega,60,100,85,80,85,100,0,0,0,0,0,2
manectric-mega,70,75,80,135,80,135,0,0,0,0,0,2
banette-mega,64,165,75,93,83,75,0,2,0,0,0,0
absol-mega,65,150,60,115,60,115,0,2,0,0,0,0
garchomp-mega,108,170,115,120,95,92,0,3,0,0,0,0
lucario-mega,70,145,88,140,70,112,0,1,0,1,0,0
abomasnow-mega,90,132,105,132,105,30,0,1,0,1,0,0
floette-eternal,74,65,67,125,128,92,0,0,0,0,2,0
latias-mega,80,100,120,140,150,110,0,0,0,0,3,0
latios-mega,80,130,100,160,120,110,0,0,0,3,0,0
swampert-mega,100,150,110,95,110,70,0,3,0,0,0,0
sceptile-mega,70,110,75,145,85,145,0,0,0,0,0,3
sableye-mega,50,85,125,85,115,20,0,1,1,0,0,0
altaria-mega,75,110,110,110,105,80,0,0,0,0,2,0
gallade-mega,68,165,95,65,115,110,0,3,0,0,0,0
audino-mega,103,60,126,80,126,50,2,0,0,0,0,0
sharpedo-mega,70,140,70,110,65,105,0,2,0,0,0,0
slowbro-mega,95,75,180,130,80,30,0,0,2,0,0,0
steelix-mega,75,125,230,55,95,30,0,0,2,0,0,0
pidgeot-mega,83,80,80,135,80,121,0,0,0,0,0,3
glalie-mega,80,120,80,120,80,100,2,0,0,0,0,0
diancie-mega,50,160,110,160,110,110,0,0,1,0,2,0
metagross-mega,80,145,150,105,110,110,0,0,3,0,0,0
kyogre-primal,100,150,90,180,160,90,0,0,0,3,0,0
groudon-primal,100,180,160,150,90,90,0,3,0,0,0,0
rayquaza-mega,105,180,100,180,100,115,0,2,0,1,0,0
pikachu-rock-star,35,55,40,50,50,90,0,0,0,0,0,2
pikachu-belle,35,55,40,50,50,90,0,0,0,0,0,2
pikachu-pop-star,35,55,40,50,50,90,0,0,0,0,0,2
pikachu-phd,35,55,40,50,50,90,0,0,0,0,0,2
pikachu-libre,35,55,40,50,50,90,0,0,0,0,0,2
pikachu-cosplay,35,55,40,50,50,90,0,0,0,0,0,2
hoopa-unbound,80,160,60,170,130,80,0,0,0,3,0,0
camerupt-mega,70,120,100,145,105,20,0,1,0,1,0,0
lopunny-mega,65,136,94,54,96,135,0,0,0,0,0,2
salamence-mega,95,145,130,120,90,120,0,3,0,0,0,0
beedrill-mega,65,150,40,15,80,145,0,2,0,0,1,0
rattata-alola,30,56,35,25,35,72,0,0,0,0,0,1
raticate-alola,75,71,70,40,80,77,0,0,0,0,0,2
raticate-totem-alola,75,71,70,40,80,77,0,0,0,0,0,2
pikachu-original-cap,35,55,40,50,50,90,0,0,0,0,0,2
pikachu-hoenn-cap,35,55,40,50,50,90,0,0,0,0,0,2
pikachu-sinnoh-cap,35,55,40,50,50,90,0,0,0,0,0,2
pikachu-unova-cap,35,55,40,50,50,90,0,0,0,0,0,2
pikachu-kalos-cap,35,55,40,50,50,90,0,0,0,0,0,2
pikachu-alola-cap,35,55,40,50,50,90,0,0,0,0,0,2
raichu-alola,60,85,50,95,85,110,0,0,0,0,0,3
sandshrew-alola,50,75,90,10,35,40,0,0,1,0,0,0
sandslash-alola,75,100,120,25,65,65,0,0,2,0,0,0
vulpix-alola,38,41,40,50,65,65,0,0,0,0,0,1
ninetales-alola,73,67,75,81,100,109,0,0,0,0,0,2
diglett-alola,10,55,30,35,45,90,0,0,0,0,0,1
dugtrio-alola,35,100,60,50,70,110,0,2,0,0,0,0
meowth-alola,40,35,35,50,40,90,0,0,0,0,0,1
persian-alola,65,60,60,75,65,115,0,0,0,0,0,2
geodude-alola,40,80,100,30,30,20,0,0,1,0,0,0
graveler-alola,55,95,115,45,45,35,0,0,2,0,0,0
golem-alola,80,120,130,55,65,45,0,0,3,0,0,0
grimer-alola,80,80,50,40,50,25,1,0,0,0,0,0
muk-alola,105,105,75,65,100,50,1,1,0,0,0,0
exeggutor-alola,95,105,85,125,75,45,0,0,0,2,0,0
marowak-alola,60,80,110,50,80,45,0,0,2,0,0,0
greninja-battle-bond,72,95,67,103,71,122,0,0,0,0,0,3
greninja-ash,72,145,67,153,71,132,0,0,0,0,0,3
zygarde-10-power-construct,54,100,71,61,85,115,3,0,0,0,0,0
zygarde-50-power-construct,108,100,121,81,95,95,3,0,0,0,0,0
zygarde-complete,216,100,121,91,95,85,3,0,0,0,0,0
gumshoos-totem,88,110,60,55,60,45,0,2,0,0,0,0
vikavolt-totem,77,70,90,145,75,43,0,0,0,3,0,0
oricorio-pom-pom,75,70,70,98,70,93,0,0,0,2,0,0
oricorio-pau,75,70,70,98,70,93,0,0,0,2,0,0
oricorio-sensu,75,70,70,98,70,93,0,0,0,2,0,0
lycanroc-midnight,85,115,75,55,75,82,0,2,0,0,0,0
wishiwashi-school,45,140,130,140,135,30,1,0,0,0,0,0
lurantis-totem,70,105,90,80,90,45,0,2,0,0,0,0
salazzle-totem,68,64,60,111,60,117,0,0,0,0,0,2
minior-orange-meteor,60,60,100,60,100,60,0,0,1,0,1,0
minior-yellow-meteor,60,60,100,60,100,60,0,0,1,0,1,0
minior-green-meteor,60,60,100,60,100,60,0,0,1,0,1,0
minior-blue-meteor,60,60,100,60,100,60,0,0,1,0,1,0
minior-indigo-meteor,60,60,100,60,100,60,0,0,1,0,1,0
minior-violet-meteor,60,60,100,60,100,60,0,0,1,0,1,0
minior-red,60,100,60,100,60,120,0,1,0,1,0,0
minior-orange,60,100,60,100,60,120,0,1,0,1,0,0
minior-yellow,60,100,60,100,60,120,0,1,0,1,0,0
minior-green,60,100,60,100,60,120,0,1,0,1,0,0
minior-blue,60,100,60,100,60,120,0,1,0,1,0,0
minior-indigo,60,100,60,100,60,120,0,1,0,1,0,0
minior-violet,60,100,60,100,60,120,0,1,0,1,0,0
mimikyu-busted,55,90,80,50,105,96,0,0,0,0,2,0
mimikyu-totem-disguised,55,90,80,50,105,96,0,0,0,0,2,0
mimikyu-totem-busted,55,90,80,50,105,96,0,0,0,0,2,0
kommo-o-totem,75,110,125,100,105,85,0,0,3,0,0,0
magearna-original,80,95,115,130,115,65,0,0,0,3,0,0
pikachu-partner-cap,35,55,40,50,50,90,0,0,0,0,0,2
marowak-totem,60,80,110,50,80,45,0,0,2,0,0,0
ribombee-totem,60,55,60,95,70,124,0,0,0,0,0,2
rockruff-own-tempo,45,65,40,30,40,60,0,1,0,0,0,0
lycanroc-dusk,75,117,65,55,65,110,0,2,0,0,0,0
araquanid-totem,68,70,92,50,132,42,0,0,0,0,2,0
togedemaru-totem,65,98,63,40,73,96,0,2,0,0,0,0
necrozma-dusk,97,157,127,113,109,77,0,3,0,0,0,0
necrozma-dawn,97,113,109,157,127,77,0,0,0,3,0,0
necrozma-ultra,97,167,97,167,97,129,0,1,0,1,0,1
pikachu-starter,45,80,50,75,60,120,0,0,0,0,0,2
eevee-starter,65,75,70,65,85,75,0,0,0,0,1,0
pikachu-world-cap,35,55,40,50,50,90,0,0,0,0,0,2
meowth-galar,50,65,55,40,40,40,0,1,0,0,0,0
ponyta-galar,50,85,55,65,65,90,0,0,0,0,0,1
rapidash-galar,65,100,70,80,80,105,0,0,0,0,0,2
slowpoke-galar,90,65,65,40,40,15,1,0,0,0,0,0
slowbro-galar,95,100,95,100,70,30,0,2,0,0,0,0
farfetchd-galar,52,95,55,58,62,55,0,1,0,0,0,0
weezing-galar,65,90,120,85,70,60,0,0,2,0,0,0
mr-mime-galar,50,65,65,90,90,100,0,0,0,0,0,2
articuno-galar,90,85,85,125,100,95,0,0,0,3,0,0
zapdos-galar,90,125,90,85,90,100,0,3,0,0,0,0
moltres-galar,90,85,90,100,125,90,0,0,0,0,3,0
slowking-galar,95,65,80,110,110,30,0,0,0,0,2,0
corsola-galar,60,55,100,65,100,30,0,0,0,0,1,0
zigzagoon-galar,38,30,41,30,41,60,0,0,0,0,0,1
linoone-galar,78,70,61,50,61,100,0,0,0,0,0,2
darumaka-galar,70,90,45,15,45,50,0,1,0,0,0,0
darmanitan-galar-standard,105,140,55,30,55,95,0,2,0,0,0,0
darmanitan-galar-zen,105,160,55,30,55,135,0,0,0,2,0,0
yamask-galar,38,55,85,30,65,30,0,0,1,0,0,0
stunfisk-galar,109,81,99,66,84,32,2,0,0,0,0,0
zygarde-10,54,100,71,61,85,115,3,0,0,0,0,0
cramorant-gulping,70,85,55,85,95,85,0,0,0,0,2,0
cramorant-gorging,70,85,55,85,95,85,0,0,0,0,2,0
toxtricity-low-key,75,98,70,114,70,75,0,0,0,2,0,0
eiscue-noice,75,80,70,65,50,130,0,0,2,0,0,0
indeedee-female,70,55,65,95,105,85,0,0,0,0,2,0
morpeko-hangry,58,95,58,70,58,97,0,0,0,0,0,2
zacian-crowned,92,150,115,80,115,148,0,0,0,0,0,3
zamazenta-crowned,92,120,140,80,140,128,0,0,0,0,0,3
eternatus-eternamax,255,115,250,125,250,130,3,0,0,0,0,0
urshifu-rapid-strike,100,130,100,63,60,97,0,3,0,0,0,0
zarude-dada,105,120,105,70,95,105,0,3,0,0,0,0
calyrex-ice,100,165,150,85,130,50,0,3,0,0,0,0
calyrex-shadow,100,85,80,165,100,150,0,0,0,3,0,0
venusaur-gmax,80,82,83,100,100,80,0,0,0,2,1,0
charizard-gmax,78,84,78,109,85,100,0,0,0,3,0,0
blastoise-gmax,79,83,100,85,105,78,0,0,0,0,3,0
butterfree-gmax,60,45,50,90,80,70,0,0,0,2,1,0
pikachu-gmax,35,55,40,50,50,90,0,0,0,0,0,2
meowth-gmax,40,45,35,40,40,90,0,0,0,0,0,1
machamp-gmax,90,130,80,65,85,55,0,3,0,0,0,0
gengar-gmax,60,65,60,130,75,110,0,0,0,3,0,0
kingler-gmax,55,130,115,50,50,75,0,2,0,0,0,0
lapras-gmax,130,85,80,85,95,60,2,0,0,0,0,0
eevee-gmax,55,55,50,45,65,55,0,0,0,0,1,0
snorlax-gmax,160,110,65,65,110,30,2,0,0,0,0,0
garbodor-gmax,80,95,82,60,82,75,0,2,0,0,0,0
melmetal-gmax,135,143,143,80,65,34,0,3,0,0,0,0
rillaboom-gmax,100,125,90,60,70,85,0,3,0,0,0,0
cinderace-gmax,80,116,75,65,75,119,0,0,0,0,0,3
inteleon-gmax,70,85,65,125,65,120,0,0,0,0,0,3
corviknight-gmax,98,87,105,53,85,67,0,0,3,0,0,0
orbeetle-gmax,60,45,110,80,120,90,0,0,0,0,3,0
drednaw-gmax,90,115,90,48,68,74,0,2,0,0,0,0
coalossal-gmax,110,80,120,80,90,30,0,0,3,0,0,0
flapple-gmax,70,110,80,95,60,70,0,2,0,0,0,0
appletun-gmax,110,85,80,100,80,30,2,0,0,0,0,0
sandaconda-gmax,72,107,125,65,70,71,0,0,2,0,0,0
toxtricity-amped-gmax,75,98,70,114,70,75,0,0,0,2,0,0
centiskorch-gmax,100,115,65,90,90,65,0,2,0,0,0,0
hatterene-gmax,57,90,95,136,103,29,0,0,0,3,0,0
grimmsnarl-gmax,95,120,65,95,75,60,0,3,0,0,0,0
alcremie-gmax,65,60,75,110,121,64,0,0,0,0,2,0
copperajah-gmax,122,130,69,80,69,30,0,2,0,0,0,0
duraludon-gmax,70,95,115,120,50,85,0,0,0,2,0,0
urshifu-single-strike-gmax,100,130,100,63,60,97,0,3,0,0,0,0
urshifu-rapid-strike-gmax,100,130,100,63,60,97,0,3,0,0,0,0
toxtricity-low-key-gmax,75,98,70,114,70,75,0,0,0,2,0,0
growlithe-hisui,60,75,45,65,50,55,0,1,0,0,0,0
arcanine-hisui,95,115,80,95,80,90,0,2,0,0,0,0
voltorb-hisui,40,30,50,55,55,100,0,0,0,0,0,1
electrode-hisui,60,50,70,80,80,150,0,0,0,0,0,2
typhlosion-hisui,73,84,78,119,85,95,0,0,0,3,0,0
qwilfish-hisui,65,95,85,55,55,85,0,1,0,0,0,0
sneasel-hisui,55,95,55,35,75,115,0,0,0,0,0,1
samurott-hisui,90,108,80,100,65,85,0,3,0,0,0,0
lilligant-hisui,70,105,75,50,75,105,0,1,0,0,0,1
zorua-hisui,35,60,40,85,40,70,0,0,0,1,0,0
zoroark-hisui,55,100,60,125,60,110,0,0,0,2,0,0
braviary-hisui,110,83,70,112,70,65,0,2,0,0,0,0
sliggoo-hisui,58,75,83,83,113,40,0,0,0,0,2,0
goodra-hisui,80,100,100,110,150,60,0,0,0,0,3,0
avalugg-hisui,95,127,184,34,36,38,0,0,2,0,0,0
decidueye-hisui,88,112,80,95,95,60,0,3,0,0,0,0
dialga-origin,100,100,120,150,120,90,0,0,0,3,0,0
palkia-origin,90,100,100,150,120,120,0,0,0,3,0,0
basculin-white-striped,70,92,65,80,55,98,0,0,0,0,0,2
basculegion-female,120,92,65,100,75,78,3,0,0,0,0,0
enamorus-therian,74,115,110,135,100,46,0,0,0,3,0,0
tauros-paldea-combat-breed,75,110,105,30,70,100,0,2,0,0,0,0
tauros-paldea-blaze-breed,75,110,105,30,70,100,0,2,0,0,0,0
tauros-paldea-aqua-breed,75,110,105,30,70,100,0,2,0,0,0,0
wooper-paldea,55,45,45,25,25,15,1,0,0,0,0,0
oinkologne-female,115,90,70,59,90,65,2,0,0,0,0,0
dudunsparce-three-segment,125,100,80,85,75,55,2,0,0,0,0,0
palafin-hero,100,160,97,106,87,100,2,0,0,0,0,0
maushold-family-of-three,74,75,70,65,75,111,0,0,0,0,0,2
tatsugiri-droopy,68,50,60,120,95,82,0,0,0,2,0,0
tatsugiri-stretchy,68,50,60,120,95,82,0,0,0,2,0,0
squawkabilly-blue-plumage,82,96,51,45,51,92,0,1,0,0,0,0
squawkabilly-yellow-plumage,82,96,51,45,51,92,0,1,0,0,0,0
squawkabilly-white-plumage,82,96,51,45,51,92,0,1,0,0,0,0
gimmighoul-roaming,45,30,25,75,45,80,0,0,0,1,0,0
koraidon-limited-build,100,135,115,85,100,135,0,3,0,0,0,0
koraidon-sprinting-build,100,135,115,85,100,135,0,3,0,0,0,0
koraidon-swimming-build,100,135,115,85,100,135,0,3,0,0,0,0
koraidon-gliding-build,100,135,115,85,100,135,0,3,0,0,0,0
miraidon-low-power-mode,100,85,100,135,115,135,0,0,0,3,0,0
miraidon-drive-mode,100,85,100,135,115,135,0,0,0,3,0,0
miraidon-aquatic-mode,100,85,100,135,115,135,0,0,0,3,0,0
miraidon-glide-mode,100,85,100,135,115,135,0,0,0,3,0,0
ursaluna-bloodmoon,113,70,120,135,65,52,0,0,0,3,0,0
ogerpon-wellspring-mask,80,120,84,60,96,110,0,3,0,0,0,0
ogerpon-hearthflame-mask,80,120,84,60,96,110,0,3,0,0,0,0
ogerpon-cornerstone-mask,80,120,84,60,96,110,0,3,0,0,0,0
terapagos-terastal,95,95,110,105,110,85,0,0,2,0,2,0
terapagos-stellar,160,105,110,130,110,85,3,0,0,0,0,0
clefable-mega,95,80,93,135,110,70,3,0,0,0,0,0
victreebel-mega,80,125,85,135,95,70,0,3,0,0,0,0
starmie-mega,60,100,105,130,105,120,0,0,0,0,0,2
dragonite-mega,91,124,115,145,125,100,0,3,0,0,0,0
meganium-mega,80,92,115,143,115,80,0,0,1,0,2,0
feraligatr-mega,85,160,125,89,93,78,0,2,1,0,0,0
skarmory-mega,65,140,110,40,100,110,0,0,2,0,0,0
froslass-mega,70,80,70,140,100,120,0,0,0,0,0,2
emboar-mega,110,148,75,110,110,75,0,3,0,0,0,0
excadrill-mega,110,165,100,65,65,103,0,2,0,0,0,0
scolipede-mega,60,140,149,75,99,62,0,0,0,0,0,3
scrafty-mega,65,130,135,55,135,68,0,0,1,0,1,0
eelektross-mega,85,145,80,135,90,80,0,3,0,0,0,0
chandelure-mega,60,75,110,175,110,90,0,0,0,3,0,0
chesnaught-mega,88,137,172,74,115,44,0,0,3,0,0,0
delphox-mega,75,69,72,159,125,134,0,0,0,3,0,0
greninja-mega,72,125,77,133,81,142,0,0,0,0,0,3
pyroar-mega,86,88,92,129,86,126,0,0,0,2,0,0
floette-mega,74,85,87,155,148,102,0,0,0,0,2,0
malamar-mega,86,102,88,98,120,88,0,2,0,0,0,0
barbaracle-mega,72,140,130,64,106,88,0,2,0,0,0,0
dragalge-mega,65,85,105,132,163,44,0,0,0,0,2,0
hawlucha-mega,78,137,100,74,93,118,0,2,0,0,0,0
zygarde-mega,216,70,91,216,85,100,3,0,0,0,0,0
drampa-mega,78,85,110,160,116,36,0,0,0,2,0,0
falinks-mega,65,135,135,70,65,100,0,2,0,0,1,0
raichu-mega-x,60,135,95,90,95,110,0,0,0,0,0,3
raichu-mega-y,60,100,55,160,80,130,0,0,0,0,0,3
chimecho-mega,75,50,110,135,120,65,0,0,0,1,1,0
absol-mega-z,65,154,60,75,60,151,0,2,0,0,0,0
staraptor-mega,85,140,100,60,90,110,0,3,0,0,0,0
garchomp-mega-z,108,130,85,141,85,151,0,3,0,0,0,0
lucario-mega-z,70,100,70,164,70,151,0,1,0,1,0,0
heatran-mega,91,120,106,175,141,67,0,0,0,3,0,0
darkrai-mega,70,120,130,165,130,85,0,0,0,2,0,1
golurk-mega,89,159,105,70,105,55,0,2,0,0,0,0
meowstic-male-mega,74,48,76,143,101,124,0,0,0,0,0,2
crabominable-mega,97,157,122,62,107,33,0,2,0,0,0,0
golisopod-mega,75,150,175,70,120,40,0,0,2,0,0,0
magearna-mega,80,125,115,170,115,95,0,0,0,3,0,0
magearna-original-mega,80,125,115,170,115,95,0,0,0,3,0,0
zeraora-mega,88,157,75,147,80,153,0,0,0,0,0,3
scovillain-mega,65,138,85,138,85,75,0,2,0,0,0,0
glimmora-mega,83,90,105,150,96,101,0,0,0,2,0,0
tatsugiri-curly-mega,68,65,90,135,125,92,0,0,0,2,0,0
tatsugiri-droopy-mega,68,65,90,135,125,92,0,0,0,2,0,0
tatsugiri-stretchy-mega,68,65,90,135,125,92,0,0,0,2,0,0
baxcalibur-mega,115,175,117,105,101,87,0,3,0,0,0,0
meowstic-female-mega,74,48,76,143,101,124,0,0,0,0,0,0
reshiram-activated,100,120,100,150,120,90,0,0,0,3,0,0
zekrom-activated,100,150,120,120,100,90,0,3,0,0,0,0
kyurem-white-activated,125,170,100,120,90,95,0,0,0,3,0,0
kyurem-black-activated,125,170,100,120,90,95,0,3,0,0,0,0
