species,form,version_group,version,language,flavor_text
460,,legends-za,legends-za,en,It blankets wide areas in snow by whipping up blizzards. It is also known as the Ice Monster.
460,abomasnow-mega,legends-za,legends-za,en,The buds on its back have sprouted into impressive icicles that can whip up massive blizzards of −22 degrees Fahrenheit.
63,,legends-za,legends-za,en,It sleeps for 18 hours a day. It uses a variety of extrasensory powers even while asleep.
359,,legends-za,legends-za,en,It senses coming disasters and appears before people only to warn them of impending danger.
359,absol-mega,legends-za,legends-za,en,"When this Pokémon whips the winglike fur on its back as though beating its wings, it sends an intimidating aura flying at its opponents."
359,absol-mega-z,legends-za,legends-za,en,"Using fur that it has made into sharp, clawlike shapes, it cuts down foes with a single blow. This is an act of kindness to keep them from suffering."
681,aegislash-blade,legends-za,legends-za,en,This stance is dedicated to offense. It can cleave any opponent with the strength and weight of its steel blade.
681,,legends-za,legends-za,en,"Apparently, it can detect the innate qualities of leadership. According to legend, whoever it recognizes is destined to rule."
142,,legends-za,legends-za,en,It was regenerated from a pterosaur's genetic matter that was found in amber. It flies with high- pitched cries.
142,aerodactyl-mega,legends-za,legends-za,en,Parts of its body have become stone. Some scholars claim that this is Aerodactyl's true appearance.
306,,legends-za,legends-za,en,"It claims an entire mountain as its own. The more wounds it has, the more it has battled, so don't take it lightly."
306,aggron-mega,legends-za,legends-za,en,Energy from Mega Evolution has turned the iron inside this Pokémon into steel armor that covers Mega Aggron's whole body.
65,,legends-za,legends-za,en,"Its brain cells multiply continually until it dies. As a result, it remembers everything."
65,alakazam-mega,legends-za,legends-za,en,"Alakazam has traded away its muscles, unleashing its true power. With its psychic powers, it can foresee all things."
334,,legends-za,legends-za,en,It flies gracefully through the sky. Its melodic humming makes you feel like you're in a dream.
334,altaria-mega,legends-za,legends-za,en,"Its down is so soft, it seems as if a touch could melt it. But it's strong enough that just a few strands could be used to hoist a dump truck."
698,,legends-za,legends-za,en,This ancient Pokémon was restored from a part of its body that had been frozen in ice for 100 million years.
591,,legends-za,legends-za,en,"They show off their Poké Ball caps in an attempt to lure prey close, but few Pokémon are fooled."
181,,legends-za,legends-za,en,The tail's tip shines brightly and can be seen from far away. It acts as a beacon for lost people.
181,ampharos-mega,legends-za,legends-za,en,"Massive amounts of energy intensely stimulated Ampharos's cells, apparently awakening its long- sleeping dragon's blood."
979,,legends-za,legends-za,en,Primape evolved into Annihilape after repeatedly using a move with enough force to burst the blood vessels in its head.
24,,legends-za,legends-za,en,"To intimidate foes, it spreads its chest wide and makes eerie sounds by expelling air from its mouth."
997,,legends-za,legends-za,en,"Arctibax is armed with a bladed dorsal fin and a mask made of ice. It is agile in its movements, springing upon foes to deliver slashing attacks."
168,,legends-za,legends-za,en,It spins string not only from its rear but also from its mouth. It's hard to tell which end is which.
936,,legends-za,legends-za,en,"Though Armarouge pledges loyalty to its Trainer, it repeatedly leaves to go train on its own to strengthen its psychic energy."
683,,legends-za,legends-za,en,"Its scent is so overpowering that, unless they happen to really enjoy the smell, Trainers will have a hard time walking alongside it."
304,,legends-za,legends-za,en,"When it evolves, it sheds the steel carapace that covered its whole body and develops a new one."
531,,legends-za,legends-za,en,"It touches others with the feelers on its ears, using the sound of their heartbeats to check their emotions and physical health."
531,audino-mega,legends-za,legends-za,en,Anyone who touches the secondary feelers that have sprouted from the base of its throat will fall into a deep sleep.
699,,legends-za,legends-za,en,"The diamond-shaped crystals on its body expel air as cold as −240 degrees Fahrenheit, surrounding its enemies and encasing them in ice."
713,,legends-za,legends-za,en,Its ice-covered body is as hard as steel. Its enormous frame crushes anything that stands in its way.
713,avalugg-hisui,legends-za,legends-za,en,"With its icy jaw, it swiftly plows across snowy fields and mountains, in search of nutritious vegetables people have stored in the snow."
371,,legends-za,legends-za,en,Its well-developed neck muscles and ironlike head can smash boulders into pieces.
354,,legends-za,legends-za,en,"A doll bore a grudge over being junked, and it became a Pokémon. It seeks the child that disowned it."
354,banette-mega,legends-za,legends-za,en,"Mega Evolution increases its vindictiveness, and the cursing power that was held back by its zipper comes spilling out."
689,,legends-za,legends-za,en,"Barbaracle's legs and hands have minds of their own, and they will move independently. But they usually follow the head's orders."
689,barbaracle-mega,legends-za,legends-za,en,It uses its many arms to toy with its opponents. This keeps the head extremely busy.
998,,legends-za,legends-za,en,"Baxcalibur exhales air cold enough to freeze lava. It uses its breath to freeze foes, then pulverizes them with a blow from its tail."
998,baxcalibur-mega,legends-za,legends-za,en,Baxcalibur's dorsal blade has grown even more massive thanks to Mega Evolution. This Pokémon fires beams from the hilt at its solar plexus.
153,,legends-za,legends-za,en,The spicy aroma emanating from around its neck has an energizing effect.
15,,legends-za,legends-za,en,"They may appear in a swarm. Beedrill flies at violent speeds, all the while stabbing with the toxic stinger on its rear."
15,beedrill-mega,legends-za,legends-za,en,"Its legs have become poison stingers. It stabs its prey repeatedly with the stingers on its limbs, dealing the final blow with the stinger on its rear."
374,,legends-za,legends-za,en,"They communicate with one another by using magnetic pulses. In a swarm, they move in perfect unison."
69,,legends-za,legends-za,en,"Even though its body is extremely skinny, it is blindingly fast when catching its prey."
712,,legends-za,legends-za,en,"It blocks opponents' attacks with the ice that shields its body. If the ice breaks, this Pokémon uses cold air to quickly create new ice."
688,,legends-za,legends-za,en,"Two Binacle live together on one rock. When they fight, one of them will move to a different rock."
9,,legends-za,legends-za,en,"It crushes its foe under its heavy body to cause fainting. In a pinch, it will withdraw inside its shell."
9,blastoise-mega,legends-za,legends-za,en,The cannon on its back is as powerful as a tank gun. Its tough legs and back enable it to withstand the recoil from firing the cannon.
257,,legends-za,legends-za,en,It can jump powerfully enough to clear a 30-story building. It uses flaming punches to incinerate its opponents.
257,blaziken-mega,legends-za,legends-za,en,"Boiling-hot blood courses through its entire body, doubling the sharpness of its moves. It subdues opponents in the blink of an eye."
654,,legends-za,legends-za,en,"It keeps a twig in its tail. Using friction from its tail fur, it sets the twig on fire and launches into battle."
406,,legends-za,legends-za,en,"When it feels the sun's warm touch, it opens its bud to release pollen. It lives alongside clear pools."
1,,legends-za,legends-za,en,A strange seed was planted on its back at birth. The plant sprouts and grows with this Pokémon.
427,,legends-za,legends-za,en,One of Buneary's ears is always rolled up. It can be forcefully extended to shatter even a large boulder.
659,,legends-za,legends-za,en,They use their large ears to dig burrows. They will dig the whole night through without rest.
323,,legends-za,legends-za,en,The volcanoes on its back have a major eruption every 10 years—or whenever it becomes really angry.
323,camerupt-mega,legends-za,legends-za,en,"When this Pokémon's rage reaches a boiling point, the huge volcano in the hump on its back erupts violently, spewing molten lava."
951,,legends-za,legends-za,en,"Capsakid is prone to intense mood swings, perhaps influenced by the spicy chemicals inside it. It will bite anything it takes a disliking to."
703,,legends-za,legends-za,en,"Born from the high temperatures and pressures deep underground, it releases energy from the stone in its head."
318,,legends-za,legends-za,en,They live in massive rivers that course through jungles. Swarms of these Pokémon attack any prey that wanders into their territory.
937,,legends-za,legends-za,en,"It swears loyalty to its Trainer. Should anyone dare to show that Trainer hostility, Ceruledge will cut the offender down without a second thought."
609,,legends-za,legends-za,en,"Being consumed in Chandelure's flame burns up the spirit, leaving the body behind."
609,chandelure-mega,legends-za,legends-za,en,One of its eyes is a window linking our world with the afterlife. This Pokémon draws in hatred and converts it into power.
935,,legends-za,legends-za,en,This Pokémon is skilled at manipulating flames. Humans have prized it highly since ancient times.
6,,legends-za,legends-za,en,"Its wings can carry this Pokémon close to an altitude of 4,600 feet. It blows out fire at very high temperatures."
6,charizard-mega-x,legends-za,legends-za,en,The overwhelming power that fills its entire body causes it to turn black and creates intense blue flames.
6,charizard-mega-y,legends-za,legends-za,en,Its bond with its Trainer is the source of its power. It boasts speed and maneuverability greater than that of a jet.
4,,legends-za,legends-za,en,"The flame on its tail indicates Charmander's life force. If it is healthy, the flame burns brightly."
5,,legends-za,legends-za,en,It lashes about with its tail to knock down its foe. It then tears up the fallen opponent with sharp claws.
652,,legends-za,legends-za,en,Its tackle is forceful enough to flip a 50-ton tank. It shields its allies from danger with its own body.
652,chesnaught-mega,legends-za,legends-za,en,It has fortified armor and a will to defend at all costs. Both are absurdly strong.
650,,legends-za,legends-za,en,"The quills on its head are usually soft. When it flexes them, the points become so hard and sharp that they can pierce rock."
152,,legends-za,legends-za,en,A sweet aroma gently wafts from the leaf on its head. It is docile and loves to soak up sun rays.
358,,legends-za,legends-za,en,Chimecho create air vibrations with their cries to send foes flying. They have seven different types of cries they use to converse with one another.
358,chimecho-mega,legends-za,legends-za,en,"It vibrates its entire body to attack in all directions using sound waves. Any who hear the vibrations get so confused, they forget who they are."
433,,legends-za,legends-za,en,It emits cries by agitating an orb at the back of its throat. It gently bounces along from place to place.
692,,legends-za,legends-za,en,They knock down flying prey by firing compressed water from their massive claws like shooting a pistol.
693,,legends-za,legends-za,en,"By expelling water from the nozzle in the back of its claw, it can move at a speed of 60 knots."
36,,legends-za,legends-za,en,"A timid fairy Pokémon that is rarely seen, it will run and hide the moment it senses people."
36,clefable-mega,legends-za,legends-za,en,It flies by using the power of moonlight to control gravity within a radius of over 32 feet around it.
35,,legends-za,legends-za,en,The moonlight that it stores in the wings on its back apparently gives it the ability to float in midair.
173,,legends-za,legends-za,en,"According to local rumors, Cleffa are often seen in places where shooting stars have fallen."
852,,legends-za,legends-za,en,The bulbous ends of its tentacles are perfect for pummeling but next to useless for gripping.
638,,legends-za,legends-za,en,It has a body and heart of steel. One glare from Cobalion can bring even the most ferocious of Pokémon to heel.
563,,legends-za,legends-za,en,Grave robbers sometimes mistake this Pokémon for a real coffin and get too close to it. They end up trapped within Cofagrigus's body.
256,,legends-za,legends-za,en,Its kicking mastery lets it unleash 10 kicks per second. It emits sharp cries to intimidate foes.
823,,legends-za,legends-za,en,"Its wings, now made of steel, are extremely tough. Even if it's attacked mid-flight, Corviknight flies on mightily through the sky, unbothered."
822,,legends-za,legends-za,en,Corvisquire are intelligent enough to use tools. They'll use their feet to pick up and fling pebbles or wrap their enemies in ropes.
740,,legends-za,legends-za,en,It punches things without pausing to think. There are even records of Crabominable forcing back an avalanche with a flurry of punches.
740,crabominable-mega,legends-za,legends-za,en,"It can pulverize reinforced concrete with a light swing of one of its fists, each of which is covered in a thick layer of ice."
739,,legends-za,legends-za,en,Its hard pincers are well-suited to both offense and defense. Fights between two Crabrawler are like boxing matches.
169,,legends-za,legends-za,en,"If it bites you in the dark and sucks your blood, you won't notice immediately-its fangs are so sharp that you won't feel any pain."
159,,legends-za,legends-za,en,"If it loses a fang, a new one grows back in its place. There are always 48 fangs lining its mouth."
615,,legends-za,legends-za,en,Cryogonal use chains made of ice crystals to ensnare prey. They freeze their victims at -148 degrees Fahrenheit.
104,,legends-za,legends-za,en,"This Pokémon lost its mother just after its birth. It wears her skull, never revealing its true face."
967,,legends-za,legends-za,en,"Cyclizar keeps energy stored in the folds of its throat, allowing it to run nonstop over very long distances while carrying someone."
927,,legends-za,legends-za,en,"The appetizing scent of Dachsbun's body sends opponents' hunger into overdrive, wearing down their willpower and stamina."
491,,legends-za,legends-za,en,It can lull people into a deep sleep and make them dream. It is active on nights with a new moon.
491,darkrai-mega,legends-za,legends-za,en,"Its dark power blocks out the sun, plunging the surrounding area into darkness. There is no escaping its evil eye."
702,,legends-za,legends-za,en,"Its whiskers serve as antennas. By sending and receiving electrical waves, it can communicate with others over vast distances."
225,,legends-za,legends-za,en,It carries food rolled up in its tail. It has a habit of sharing food with people lost in the mountains.
655,,legends-za,legends-za,en,"Using psychic power, it generates a fiery vortex of 5,400 degrees Fahrenheit, incinerating foes swept into this whirl of flame."
655,delphox-mega,legends-za,legends-za,en,It wields flaming branches to dazzle its opponents before incinerating them with a huge fireball.
719,,legends-za,legends-za,en,"Diancie is a spontaneous mutation of Carbink. Its pink, glimmering body is said to be the loveliest sight in the whole world."
719,diancie-mega,legends-za,legends-za,en,"This Pokémon is also known as the Royal Pink Princess. The dazzling, sparkling diamond on its forehead is a whopping 2,000 carats."
660,,legends-za,legends-za,en,"With their powerful ears, they can heft boulders of a ton or more with ease. They can be a big help at construction sites."
977,,legends-za,legends-za,en,"Although it boasts fantastic strength and a huge body that stirs up great waves when it thrashes, Dondozo struggles at catching prey."
680,,legends-za,legends-za,en,"When Honedge evolves, it divides into two swords that cooperate via telepathy to coordinate attacks and slash their enemies to ribbons."
691,,legends-za,legends-za,en,"Their poison is strong enough to eat through the hull of a tanker, and they spit it indiscriminately at anything that enters their territory."
691,dragalge-mega,legends-za,legends-za,en,It spits a liquid that causes the regenerative power of cells to run wild. The liquid is deadly poison to everything other than itself.
148,,legends-za,legends-za,en,Its crystalline orbs appear to give this Pokémon the power to freely control the weather.
149,,legends-za,legends-za,en,It is said to make its home somewhere in the sea. It guides wrecked ships to shore.
149,dragonite-mega,legends-za,legends-za,en,Mega Evolution has excessively powered up this Pokémon's feelings of kindness. It finishes off its opponents with mercy in its heart.
780,,legends-za,legends-za,en,"It has a compassionate personality, but if it is angered, it completely destroys its surroundings with its intense breath."
780,drampa-mega,legends-za,legends-za,en,"Drampa's cells have been invigorated, allowing it to regain its youth. It manipulates the atmosphere to summon storms."
147,,legends-za,legends-za,en,This Pokémon is full of life energy. It continually sheds its skin and grows steadily larger.
529,,legends-za,legends-za,en,"By spinning its body, it can dig straight through the ground at a speed of 30 mph."
603,,legends-za,legends-za,en,It wraps itself around its prey and paralyzes them with electricity from the round spots on its sides. Then it chomps.
604,,legends-za,legends-za,en,"With their sucker mouths, they latch on to prey. Then they use their fangs to shock the prey with electricity."
604,eelektross-mega,legends-za,legends-za,en,"It now generates 10 times the electricity it did before Mega Evolving. It discharges this electricity from its false Eelektrik, which are made of mucus."
133,,legends-za,legends-za,en,"Thanks to its unstable genetic makeup, this special Pokémon conceals many different possible evolutions."
23,,legends-za,legends-za,en,"As it matures, it grows longer. At night, it wraps its long body around tree branches to rest."
309,,legends-za,legends-za,en,It stores static electricity in its fur for discharging. This Pokémon's whole body gives off sparks if a storm approaches.
500,,legends-za,legends-za,en,It has mastered fast and powerful fighting moves. It grows a beard of fire.
500,emboar-mega,legends-za,legends-za,en,"Brandishing a blazing flame shaped like a serpentine spear, it rushes in to rescue its imperiled allies."
587,,legends-za,legends-za,en,The energy made in its cheeks' electric pouches is stored inside its patagial membranes and released while it is gliding.
196,,legends-za,legends-za,en,It uses the fine fur on its body to sense movement in the air and predict the weather...as well as its foes' thoughts.
677,,legends-za,legends-za,en,It keeps its intense psychic power from leaking out by using its ears to cover the organs emitting that power.
530,,legends-za,legends-za,en,"More than 300 feet below the surface, they build mazelike nests. Their activity can be destructive to subway tunnels."
530,excadrill-mega,legends-za,legends-za,en,"If this Pokémon brings its arms and head together to form a streamlined shape and spins at high speeds, it can destroy anything."
870,,legends-za,legends-za,en,"Five of them are troopers, and one is the brass. The brass's orders are absolute."
870,falinks-mega,legends-za,legends-za,en,"Mega Falinks has taken on the ultimate battle formation, which can be achieved only if the troopers and brass have the strongest of bonds."
83,,legends-za,legends-za,en,The plant stalk it holds is also its beloved weapon. Farfetch'd can swing the stalk like a katana to cut all sorts of things.
83,farfetchd-galar,legends-za,legends-za,en,"Wielding a thick, heavy leek has strengthened its body. In battle, it bets everything on a single destructive blow."
349,,legends-za,legends-za,en,"They are famous for their shabby appearance. Although Feebas are plentiful in number, they tend to cluster in specific places."
653,,legends-za,legends-za,en,"Eating a twig fills it with energy, and its roomy ears give vent to air hotter than 390 degrees Fahrenheit."
160,,legends-za,legends-za,en,"It usually moves slowly, but it goes at blinding speed when it attacks and bites prey."
160,feraligatr-mega,legends-za,legends-za,en,"With its arms and hoodlike fin, this Pokémon forms a gigantic set of jaws with a bite 10 times as powerful as Mega Feraligatr's actual jaws."
926,,legends-za,legends-za,en,This Pokémon cultivates yeast within its body. It has lived with humans—and helped enrich their diets—since ancient times.
180,,legends-za,legends-za,en,"If its coat becomes fully charged with electricity, its tail lights up. Flaaffy can fire wool that zaps on impact."
669,,legends-za,legends-za,en,This Pokémon likes blue flowers best of all. It floats upward using the power emanating from its flower and bobs along lightly through the air.
973,,legends-za,legends-za,en,"A flock of Flamigo can reach numbers of over 10,000. The sight of one of these massive flocks moving together in sync is incredible to behold."
136,,legends-za,legends-za,en,"It has a flame sac inside its body. After inhaling deeply, it blows out flames of nearly 3,000 degrees Fahrenheit."
662,,legends-za,legends-za,en,"The hotter the flame sac in its belly, the faster it can fly, but it takes some time to get the fire going."
661,,legends-za,legends-za,en,"Despite the beauty of its lilting voice, it's merciless to intruders that enter its territory."
670,,legends-za,legends-za,en,"Whenever this Pokémon finds flowering plants that are withering, it will bring them back to its territory and care for them until they are healthy."
670,floette-eternal,legends-za,legends-za,en,This rare Floette holds a plant that died out in ancient times. The Pokémon is said to harbor an incredible power.
670,floette-mega,legends-za,legends-za,en,The Eternal Flower has absorbed all the energy from Mega Evolution. The flower now attacks enemies on its own.
671,,legends-za,legends-za,en,"Blue pigments were tremendously expensive in the past, so paintings of blue Florges are highly valuable."
590,,legends-za,legends-za,en,It lures targets in with its Poké Ball-like pattern and sprays poison spores at them. Why it resembles a Poké Ball is unknown.
996,,legends-za,legends-za,en,Frigibax's dorsal fin can convert heat from fiery moves into Ice-type energy to freeze the air.
656,,legends-za,legends-za,en,"It protects its skin by covering its body in delicate bubbles. Beneath its happy-go-lucky air, it keeps a watchful eye on its surroundings."
657,,legends-za,legends-za,en,"Its swiftness is unparalleled. It can scale a tower of more than 2,000 feet in a minute's time."
478,,legends-za,legends-za,en,It freezes foes with an icy breath that is nearly −60 degrees Fahrenheit. What seems to be its body is actually hollow.
478,froslass-mega,legends-za,legends-za,en,"This Pokémon can use eerie cold air imbued with ghost energy to freeze even insubstantial things, such as flames or the wind."
676,,legends-za,legends-za,en,"Historically, in the Kalos region, these Pokémon were the designated guardians of the king."
444,,legends-za,legends-za,en,"As it digs to expand its nest, it unearths raw gemstones. It has a habit of hoarding these in its nest."
475,,legends-za,legends-za,en,"A master of courtesy and swordsmanship, it fights using the extending swords on its elbows."
475,gallade-mega,legends-za,legends-za,en,It gets power from the bond it has with its Trainer. Mega Evolution has given it plates to slice its enemies and a cape to protect its body.
569,,legends-za,legends-za,en,Consuming garbage makes new kinds of poison gases and liquids inside their bodies.
445,,legends-za,legends-za,en,It flies at speeds equal to a jet fighter plane. It never allows its prey to escape.
445,garchomp-mega,legends-za,legends-za,en,Its disposition is more vicious than before its Mega Evolution. Garchomp carves its opponents up with the scythes on both arms.
445,garchomp-mega-z,legends-za,legends-za,en,Garchomp has gained a new Mega-Evolved form. It flies around foes at Mach speed and cuts them to shreds with its sinister wing claws.
282,,legends-za,legends-za,en,It has the power to predict the future. Its power peaks when it is protecting its Trainer.
282,gardevoir-mega,legends-za,legends-za,en,"When it opens the red plate on its chest and unleashes its heart, its strongest psychic power is released."
934,,legends-za,legends-za,en,Rock salt obtained from Garganacl has many restorative elements and is helpful for maintaining one's health.
92,,legends-za,legends-za,en,"It's born from gases. Anyone would faint if engulfed by its gaseous body, which contains poison."
649,,legends-za,legends-za,en,Genesect possesses sharp steel claws. Its current form is equipped with a cassette loaded with fire energy.
94,,legends-za,legends-za,en,"It hides in shadows. It is said that in rooms where Gengar is hiding, the temperature drops by nearly 10 degrees Fahrenheit."
94,gengar-mega,legends-za,legends-za,en,It can pass through other dimensions and appear anywhere. It caused a stir one time when it stuck just one leg out of a wall.
1000,,legends-za,legends-za,en,This Pokémon likes lively places. Some wild Gholdengo even live in cities.
443,,legends-za,legends-za,en,"It nests in small, horizontal holes in cave walls. It pounces to catch prey that stray too close."
999,,legends-za,legends-za,en,"It lurks inside a sturdy treasure chest and possesses solid defenses, but it's so heavy that it has difficulty moving around."
999,gimmighoul-roaming,legends-za,legends-za,en,"If it senses it's about to be found by a human or a Pokémon, Gimmighoul will turn invisible to protect itself, leaving only its coin visible."
471,,legends-za,legends-za,en,"By controlling its body heat, it can freeze the atmosphere around it to make a diamond-dust flurry."
362,,legends-za,legends-za,en,"To protect itself, it clad its body in an armor of ice, made by freezing moisture in the air."
362,glalie-mega,legends-za,legends-za,en,"When it spews stupendously cold air from its broken mouth, the entire area around it gets whited out."
969,,legends-za,legends-za,en,"Glimmet clings to the ceilings of caves. It defends itself by striking enemies with its bud, which is packed with poisonous components."
970,,legends-za,legends-za,en,Glimmora blooms into a large flower made of poisonous components. It works together with groups of Glimmet to repel enemies.
970,glimmora-mega,legends-za,legends-za,en,Glimmora's petals—now larger and separated from its main body—rotate around it to provide defense while scattering poisonous fragments.
673,,legends-za,legends-za,en,It can tell how its Trainer is feeling by subtle shifts in their grip on its horns. This empathic sense lets human and Pokémon run as if one being.
42,,legends-za,legends-za,en,"Golbat punctures even the hardest of hides with its sharp fangs, then gorges itself on its victims' blood."
622,,legends-za,legends-za,en,Ancient people apparently fashioned Golett out of clay to do their labor for them. What powers these Pokémon remains unclear.
768,,legends-za,legends-za,en,"It has the skill to cleave even air or seawater in two with a flash of its giant, sharp claws."
768,golisopod-mega,legends-za,legends-za,en,"It uses four of its arms to fiercely assail its foes. Once they've been pushed to the brink of defeat, it finishes them off with the arms it kept hidden."
623,,legends-za,legends-za,en,"It's said that inside Golurk is a perpetual motion machine that produces energy, but the truth is not yet known."
623,golurk-mega,legends-za,legends-za,en,The energy within Golurk has been stimulated by Mega Evolution. The Pokémon could explode at any moment.
706,,legends-za,legends-za,en,"This very friendly dragon Pokémon will hug its beloved Trainer, leaving that Trainer covered in sticky slime."
706,goodra-hisui,legends-za,legends-za,en,"If anything bad happens to it, Goodra retreats into its shell and bounces around like a rubber ball, knocking down trees and boring into mountains."
704,,legends-za,legends-za,en,"Thanks to the slimy membrane covering its body, punches or kicks from its enemies slide right off it."
711,,legends-za,legends-za,en,"Singing in eerie voices, they wander town streets on the night of the new moon. Anyone who hears their song is cursed."
711,gourgeist-large,legends-za,legends-za,en,"Large Gourgeist put on the guise of adults, taking the hands of children to lead them to the afterlife."
711,gourgeist-small,legends-za,legends-za,en,Small Gourgeist pretend to be children to fool adults. Anyone who falls for the act gets carried away to the hereafter.
711,gourgeist-super,legends-za,legends-za,en,Jumbo Gourgeist aren't picky. They will forcefully drag anyone off to the afterlife.
945,,legends-za,legends-za,en,"What Grafaiai eats affects the color of its saliva. With this saliva, it paints patterns on rocks and trees in order to protect its territory."
853,,legends-za,legends-za,en,Grapploct pins opponents to the ground with its prized tentacles. Not even monstrously strong Pokémon can wrestle free from its hold.
971,,legends-za,legends-za,en,This Pokémon loves to gambol and roughhouse. It rubs its fur up against others and absorbs their life force until they're utterly drained.
658,,legends-za,legends-za,en,"It creates throwing stars out of compressed water. When it spins them and throws them at high speed, these stars can split metal in two."
658,greninja-mega,legends-za,legends-za,en,"This Pokémon spins a giant shuriken at high speed to make it float, then clings to it upside down to catch opponents unawares."
383,,legends-za,legends-za,en,Groudon is said to have expanded the reach of dry land by evaporating water with raging heat. It battled ferociously against Kyogre.
383,groudon-primal,legends-za,legends-za,en,"This is Groudon's true form, restored using the Red Orb. Energy spills from its body in the form of magma."
253,,legends-za,legends-za,en,Its highly developed thigh muscles provide explosive bursts of power and incredible leaping capabilities.
326,,legends-za,legends-za,en,This Pokémon uses its black pearls to amplify its psychic power. It can control the minds of its foes through its mysterious dancing.
316,,legends-za,legends-za,en,Its stomach makes up most of its body. Its powerful gastric juices quickly digest anything it swallows.
130,,legends-za,legends-za,en,"In ancient literature, there is a record of a Gyarados that razed a village when violence flared."
130,gyarados-mega,legends-za,legends-za,en,"It jets water from the orifices on its sides, streaking above the water surface at supersonic speed."
93,,legends-za,legends-za,en,"It licks with its gaseous tongue to steal its victim's life force. It lurks in darkness, waiting for prey."
701,,legends-za,legends-za,en,"With its wings, it controls its position in the air. It likes to attack from above, a maneuver that is difficult to defend against."
701,hawlucha-mega,legends-za,legends-za,en,Mega Evolution has pumped up all its muscles. Hawlucha flexes to show off its strength.
485,,legends-za,legends-za,en,"Boiling, magma-like blood circulates through its body. It makes its dwelling place in volcanic caves."
485,heatran-mega,legends-za,legends-za,en,"It's said that if it goes all out, it can heat its body up to temperatures over 1.8 million degrees Fahrenheit. This heat keeps enemies at bay."
695,,legends-za,legends-za,en,They flare their frills and generate energy. A single Heliolisk can generate sufficient electricity to power a skyscraper.
694,,legends-za,legends-za,en,The frills on either side of its head have cells that generate electricity when exposed to sunlight.
214,,legends-za,legends-za,en,"This powerful Pokémon thrusts its prized horn under its enemies' bellies, then lifts and throws them."
214,heracross-mega,legends-za,legends-za,en,It can grip things with its two horns and lift 500 times its own body weight.
449,,legends-za,legends-za,en,It enshrouds itself with sand to protect itself from germs. It does not enjoy getting wet.
450,,legends-za,legends-za,en,It blasts internally stored sand from ports on its body to create a towering twister for attack.
679,,legends-za,legends-za,en,Apparently Honedge was born when a departed spirit began inhabiting an ancient sword. It attaches itself to people and drinks their life force.
720,,legends-za,legends-za,en,It uses loops to gather things it likes and take them to its secret home. It also teleports through a loop.
720,hoopa-unbound,legends-za,legends-za,en,"This is Hoopa's true form, in which it has regained its sealed powers. The hole in its chest is said to connect to another dimension."
229,,legends-za,legends-za,en,"The flames it breathes when angry contain toxins. If they cause a burn, it will hurt forever."
229,houndoom-mega,legends-za,legends-za,en,"Houndoom's entire body generates heat when it Mega Evolves. Its intense, fiery breath turns its opponents to charcoal."
228,,legends-za,legends-za,en,"Around dawn, their ominous howls echo through the area to announce their territory."
972,,legends-za,legends-za,en,"At some point during the many years it spent guarding the gravestone of its dearly departed master, it was reborn as a ghost Pokémon."
174,,legends-za,legends-za,en,"It's always practicing its singing because it wants to improve. Even when it's asleep, it keeps singing in its dreams!"
876,indeedee-female,legends-za,legends-za,en,These Pokémon are highly intelligent. They touch horns with their fellow Indeedee to share information with one another.
876,,legends-za,legends-za,en,"Through its horns, it can pick up on the emotions of creatures around it. Positive emotions are the source of its strength."
686,,legends-za,legends-za,en,It drains foes' will to fight by flashing light at them. It then takes the opportunity to hide itself away.
2,,legends-za,legends-za,en,"There is a plant bulb on its back. When it absorbs nutrients, the bulb is said to blossom into a large flower."
39,,legends-za,legends-za,en,"Looking into its cute, round eyes prompts it to start singing a song so pleasant that listeners can't help but fall asleep."
135,,legends-za,legends-za,en,"It absorbs negative ions from the atmosphere to spit out 10,000 volts of electricity."
64,,legends-za,legends-za,en,"If it uses its abilities, it emits special alpha waves that cause machines to malfunction."
14,,legends-za,legends-za,en,"Almost incapable of moving, this Pokémon can only harden its shell to protect itself when it is in danger."
115,,legends-za,legends-za,en,It raises its offspring in its belly pouch. It lets its baby out to play only when it feels safe to do so.
115,kangaskhan-mega,legends-za,legends-za,en,"Its child has grown rapidly, thanks to the energy of Mega Evolution. Mother and child show off their harmonious teamwork in battle."
352,,legends-za,legends-za,en,"It changes color to blend in with its surroundings in order to sneak up on prey. It can't make its belly pattern disappear, however."
647,,legends-za,legends-za,en,"By shooting water from its hooves, Keldeo can travel across the water's surface as if skating. It's skilled at using kicking moves in battle."
647,keldeo-resolute,legends-za,legends-za,en,"Keldeo's magnificent horn is proof of its resolve. Its allies provided guidance, and their hopes became Keldeo's tricolored plume of feathers."
281,,legends-za,legends-za,en,The cheerful spirit of its Trainer gives it energy for its psychokinetic power. It spins and dances when happy.
900,,legends-za,legends-za,en,"Its stone axes get chipped away here and there during ferocious battles, but the process serves to make them sharper and sharper."
707,,legends-za,legends-za,en,"It never lets go of a key that it likes, so people give it the keys to vaults and safes as a way to prevent crime."
552,,legends-za,legends-za,en,"The special membrane covering its eyes can sense the heat of objects, so it can see its surroundings even in darkness."
553,,legends-za,legends-za,en,"They never allow prey to escape. Their jaws are so powerful, they can tear apart the body of an automobile."
382,,legends-za,legends-za,en,"In myths, this Pokémon expanded the seas with torrential rains and great tsunamis. It battled ferociously against Groudon."
382,kyogre-primal,legends-za,legends-za,en,"Kyogre reverted to this state via the Blue Orb, which contains the energy of the primordial world. Kyogre's body resembles seawater."
305,,legends-za,legends-za,en,It loves iron ore. Groups of them fight for territory by bashing one another with their steel bodies.
608,,legends-za,legends-za,en,Lampent appears at the moment of death and promptly absorbs the spirit as it leaves the body.
246,,legends-za,legends-za,en,"It feeds on soil. After it has eaten a large mountain, it will fall asleep so it can grow."
380,,legends-za,legends-za,en,"It communicates its feelings using telepathy. To make itself invisible, it covers its body in down that refracts light."
380,latias-mega,legends-za,legends-za,en,Both its flying capabilities and its attack power have increased. It scatters transparent down to confuse its enemies.
381,,legends-za,legends-za,en,It understands human speech and is highly intelligent. It is a tender Pokémon that dislikes fighting.
381,latios-mega,legends-za,legends-za,en,It flies at speeds exceeding Mach 4. It is among the top tier of all Pokémon in terms of aerial combat capability.
470,,legends-za,legends-za,en,"Just like a plant, it uses photosynthesis. As a result, it is always enveloped in clear air."
510,,legends-za,legends-za,en,Liepard appear without warning and disappear just as unexpectedly. Their beautiful physique and fur charm many Trainers.
667,,legends-za,legends-za,en,They set off on their own from their pride and live by themselves to become stronger. These hot-blooded Pokémon are quick to fight.
607,,legends-za,legends-za,en,"Litwick shines a light that absorbs the life energy of people and Pokémon, which becomes the fuel that it burns."
428,,legends-za,legends-za,en,"This Pokémon's ears are apparently very delicate. They must be handled gently and with care, or else Lopunny will kick you with its graceful legs."
428,lopunny-mega,legends-za,legends-za,en,It swings its ears like whips and strikes its enemies with them. It has an intensely combative disposition.
448,,legends-za,legends-za,en,"By reading the auras of all things, it can tell how others are feeling from over half a mile away."
448,lucario-mega,legends-za,legends-za,en,Black streaks all over its body show where its auras and the energy of Mega Evolution intermingled and raced through it.
448,lucario-mega-z,legends-za,legends-za,en,"By completely cloaking itself in its aura, Mega Lucario Z can parry all manner of attacks, battling as if it were gracefully dancing."
943,,legends-za,legends-za,en,"Contrary to appearances, Mabosstiff has a kind heart-but it will relentlessly chase down and put an end to any foe that dares threaten its family."
68,,legends-za,legends-za,en,"It uses its four powerful arms to pin the limbs of its foe, then throws the victim over the horizon."
67,,legends-za,legends-za,en,"It can lift a dump truck with one hand. Using that kind of strength, it helps people do heavy jobs."
66,,legends-za,legends-za,en,"Its whole body is composed of muscles. Even though it's the size of a human child, it can hurl 100 grown-ups."
801,,legends-za,legends-za,en,This Pokémon was built by a scientist roughly 500 years ago. The part called the Soul-Heart is the actual life-form.
801,magearna-mega,legends-za,legends-za,en,This Magearna looks as it did at the time of its invention. Its magnificent ornamentation delighted the king's daughter.
801,magearna-original-mega,legends-za,legends-za,en,A mechanism to remove Magerna's limitations has lain secretly with Magerna for 500 years. This mechanism is triggered by a Mega Stone.
801,magearna-original,legends-za,legends-za,en,This is Magearna once a previously hidden mode activates. The emotions Magearna had begun to feel now hide away as it fells foe after foe.
129,,legends-za,legends-za,en,It is virtually worthless in terms of both power and speed. It is the weakest and most pathetic Pokémon in the world.
687,,legends-za,legends-za,en,"It wields the most compelling hypnotic powers of any Pokémon, and it forces others to do whatever it wants."
687,malamar-mega,legends-za,legends-za,en,It uses its colorful lights to overwrite the personalities and memories of others—and to control them.
310,,legends-za,legends-za,en,It discharges electricity from its mane. The Pokémon creates a thundercloud overhead from which to drop lightning bolts.
310,manectric-mega,legends-za,legends-za,en,"Mega Evolution fills its body with a tremendous amount of electricity, but it's too much for Manectric to fully control."
56,,legends-za,legends-za,en,"Mankey are perpetually angry. If they spot suitable prey, they will attack as a group."
179,,legends-za,legends-za,en,Its fluffy coat doubles in size when static electricity builds up. Touching it can be shocking.
105,marowak-alola,legends-za,legends-za,en,"It has transformed the spirit of its dear departed mother into flames, and tonight it will once again dance in mourning of others of its kind."
105,,legends-za,legends-za,en,"It carries a bone that it collected from someplace unknown. Rumor has it that somewhere in the world, there is a graveyard only for Marowak."
802,,legends-za,legends-za,en,"It slips into others' shadows and mimics their movements and powers. With time, its prowess will surpass that of those it originally imitated."
259,,legends-za,legends-za,en,"Its sturdy legs and hips give it sure footing, even on sludgy surfaces. It buries itself in mud to sleep."
942,,legends-za,legends-za,en,"Packs of these Pokémon are incredibly close-knit. In order to be taken seriously, Maschiff intimidate others by wearing a grumpy expression."
303,,legends-za,legends-za,en,Attached to its head is a huge set of jaws formed by horns. It can chew through iron beams.
303,mawile-mega,legends-za,legends-za,en,Its two sets of jaws thrash about violently as if they each had a will of their own. One gnash from them can turn a boulder to dust.
308,,legends-za,legends-za,en,"Through yoga training, it gained the psychic power to predict its foe's movements."
308,medicham-mega,legends-za,legends-za,en,"Thanks to Mega Evolution, its mental power is limitless. It conjures up arms imbued with malice to defeat its enemies."
307,,legends-za,legends-za,en,It meditates in order to build up its mental energy. It eats just one berry a day.
154,,legends-za,legends-za,en,The aroma that rises from its petals contains a substance that calms aggressive feelings.
154,meganium-mega,legends-za,legends-za,en,This Pokémon can fire a tremendously powerful Solar Beam from its four flowers. Another name for this is Mega Sol Cannon.
809,,legends-za,legends-za,en,"It was worshipped long ago for its capacity to produce iron. For some reason, it has come back to life after 3,000 years."
648,,legends-za,legends-za,en,"Sung using a special vocalization technique, Meloetta's songs can manipulate the emotions of those who hear them."
648,meloetta-pirouette,legends-za,legends-za,en,"Now that it has reclaimed a long-forgotten song, Meloetta captivates everyone with its enchanting dance steps."
808,,legends-za,legends-za,en,Its body is made up of molten steel. It melts particles of iron and other metals it finds in the ground and absorbs them into itself.
678,meowstic-female,legends-za,legends-za,en,"Females are a bit more selfish and aggressive than males. If they don't get what they want, they will torment you with their psychic abilities."
678,,legends-za,legends-za,en,"When in danger, it raises its ears and releases enough psychic power to grind a 10-ton truck into dust."
678,meowstic-male-mega,legends-za,legends-za,en,Mega Meowstic can use its psychic power to compress or expand anything. It overwhelms foes by contorting space itself.
52,meowth-alola,legends-za,legends-za,en,"It's fickle, selfish, and easily bored. This species is very popular with certain Trainers-ones who prefer fulfilling others' needs over their own."
52,,legends-za,legends-za,en,"It loves anything that shines. It especially adores coins, which it will pick up and stash somewhere."
52,meowth-galar,legends-za,legends-za,en,Its unkempt beard is a vestige from living in cold climes. It fights dauntlessly using its steel claws.
376,,legends-za,legends-za,en,"Metang combined to form it. With four brains, it has the intelligence of a supercomputer."
376,metagross-mega,legends-za,legends-za,en,"This form results from one Metagross, one Metang, and two Beldum linking up."
375,,legends-za,legends-za,en,It is formed by two Beldum joining together. Its steel body won't be scratched if it collides with a jet.
150,,legends-za,legends-za,en,It was created by a scientist after years of horrific gene-splicing and DNA-engineering experiments.
150,mewtwo-mega-x,legends-za,legends-za,en,Psychic power has augmented its muscles. It has a grip strength of one ton and can sprint 100 meters in two seconds flat!
150,mewtwo-mega-y,legends-za,legends-za,en,"Despite its diminished size, its mental power has grown phenomenally. With a mere thought, it can smash a skyscraper to smithereens."
350,,legends-za,legends-za,en,They dwell at the bottoms of big lakes. Anyone who beholds the loveliness of these Pokémon is said to have their heart purified.
439,,legends-za,legends-za,en,"Mime Jr. is a gifted mimic. When it startles an opponent with its skills, it feels so delighted that it forgets to keep up its act."
778,mimikyu-busted,legends-za,legends-za,en,Mimikyu is sad that it may be exposed for what it really is. It will take revenge on whoever broke the neck of its disguise-no forgiveness.
778,,legends-za,legends-za,en,"A lonely Pokémon, it conceals its terrifying appearance beneath an old rag so it can get closer to people and other Pokémon."
877,,legends-za,legends-za,en,This Pokémon is always hungry. It generates electricity by eating seeds it has stored up in its pocket-like pouches.
877,morpeko-hangry,legends-za,legends-za,en,"Intense hunger drives it to extremes of violence, and the electricity in its cheek sacs has converted into a Dark-type energy."
122,,legends-za,legends-za,en,It uses the mysterious power that emanates from its fingers to solidify the air around it into invisible walls.
122,mr-mime-galar,legends-za,legends-za,en,It uses its tap-dancing steps to rapidly chill the surrounding area and form a splendid stage made of ice.
866,,legends-za,legends-za,en,"Its comical dancing is its calling card. When its enemies laugh, it seizes the chance to blast them with frigid air of -328 degrees Fahrenheit."
258,,legends-za,legends-za,en,"Using the fin on its head, Mudkip senses the flow of water to keep track of what's going on around it. It has the strength to heft boulders."
517,,legends-za,legends-za,en,"It eats the dreams of people and Pokémon. When it eats a pleasant dream, it expels pink-colored mist."
518,,legends-za,legends-za,en,"The mist from its forehead takes the shape of things that appeared in dreams Musharna has eaten, giving those dreams physical form."
932,,legends-za,legends-za,en,"As Nacli treads along the ground, grains of rock salt are left behind. These trails have been called ""salt roads"" since long ago."
933,,legends-za,legends-za,en,This absent-minded Pokémon tends to forget about the prey it has salt-cured. It's even prone to forgetting the orders its Trainer has given it.
827,,legends-za,legends-za,en,"It filches food from people and Pokémon alike. While fleeing the scene, it wipes its tracks away with its tail to throw off pursuers."
714,,legends-za,legends-za,en,"Even a robust wrestler will become dizzy and unable to stand when exposed to its 200,000-hertz ultrasonic waves."
715,,legends-za,legends-za,en,They fly around on moonless nights and attack careless prey. Nothing can beat them in a battle in the dark.
322,,legends-za,legends-za,en,"The magma in its body reaches 2,200 degrees Fahrenheit. Its hump gets smaller when it uses Fire-type moves."
95,,legends-za,legends-za,en,It usually lives underground. It searches for food while boring its way through the ground at 50 mph.
904,,legends-za,legends-za,en,"Overqwil's poisonous spikes-now thicker, longer, and stronger-will automatically strike toward anything that moves."
770,,legends-za,legends-za,en,Heaps of bones lie buried beneath its castle. They came from those whom Palossand drained of vitality and left all dried up.
674,,legends-za,legends-za,en,"It does its level best to glare and pull a scary face, but it can't help grinning if anyone pats its head."
675,,legends-za,legends-za,en,"Although it has a violent temperament, it won't put up with those who bully the weak. It senses foes' movements with its leaf."
515,,legends-za,legends-za,en,The water stored inside the tuft on its head is full of nutrients. It provides this water to plants by using its tail.
511,,legends-za,legends-za,en,It shares the leaves on its head with weary Pokémon. These leaves reduce fatigue.
513,,legends-za,legends-za,en,"Very intelligent, it roasts berries before eating them. It likes to help people."
504,,legends-za,legends-za,en,"Using food stored in cheek pouches, they can keep watch for days. They use their tails to communicate with others."
863,,legends-za,legends-za,en,"In battle, Perrserker boasts unrivaled strength, and many epic sagas tell of its valor. But in its home, it leaves garbage everywhere."
53,persian-alola,legends-za,legends-za,en,"Its round face is a symbol of wealth. Persian that have bigger, plumper faces are considered more beautiful."
53,,legends-za,legends-za,en,"Many admire Persian for the dignity it exudes from every inch of its body. However, it will lash out with its claws given the slightest provocation."
708,,legends-za,legends-za,en,"According to old tales, these Pokémon are stumps possessed by the spirits of children who died while lost in the forest."
172,,legends-za,legends-za,en,It is not yet skilled at storing electricity. It may send out a jolt if amused or startled.
18,,legends-za,legends-za,en,"It flies over water as it hunts, skimming along the surface to catch Magikarp and other such prey."
18,pidgeot-mega,legends-za,legends-za,en,"With its muscular strength now greatly increased, it can fly continuously for two weeks without resting."
17,,legends-za,legends-za,en,This Pokémon has a sprawling territory and will fiercely peck at any intruder.
16,,legends-za,legends-za,en,"It is docile and prefers to avoid conflict. If disturbed, however, it can ferociously strike back."
499,,legends-za,legends-za,en,"The more it eats, the more fuel it has to make the fire in its stomach stronger. This fills it with even more power."
25,pikachu-alola-cap,legends-za,legends-za,en,"It has small electric sacs on both its cheeks. When in a tough spot, this Pokémon discharges electricity."
25,,legends-za,legends-za,en,"It has small electric sacs on both its cheeks. When in a tough spot, this Pokémon discharges electricity."
127,,legends-za,legends-za,en,"It swings its long pincers wildly to attack. During cold periods, it hides deep in forests."
127,pinsir-mega,legends-za,legends-za,en,"After Mega Evolution, it becomes able to fly. Perhaps because it's so happy, it rarely touches the ground."
137,,legends-za,legends-za,en,This is an artificial Pokémon created as a result of research. Its programming contains only the most basic of actions.
474,,legends-za,legends-za,en,Porygon-Z's programming was updated so that the Pokémon might operate in other dimensions. Its behavior has been strikingly odd ever since.
233,,legends-za,legends-za,en,Porygon was updated so it could carry out development projects on other planets. The update used cutting-edge technology for its time.
57,,legends-za,legends-za,en,"If approached while asleep, it may rouse just enough to fly into a groggy rage and give chase without even knowing what it's doing."
710,,legends-za,legends-za,en,It was recently discovered that the different varieties of Pumpkaboo vary not only in size but also in the size of the souls they collect.
710,pumpkaboo-large,legends-za,legends-za,en,"In keeping with the size of its body, this variety of Pumpkaboo takes the large spirits of adults to the afterlife."
710,pumpkaboo-small,legends-za,legends-za,en,"In keeping with the size of its body, this variety of Pumpkaboo takes the small spirits of children to the afterlife."
710,pumpkaboo-super,legends-za,legends-za,en,"In keeping with the size of its body, this variety of Pumpkaboo takes jumbo spirits to the afterlife."
247,,legends-za,legends-za,en,"Its body is as hard as bedrock. By venting pressurized gas, it can launch itself like a rocket."
509,,legends-za,legends-za,en,"Purrloin steals from people for fun, but its behavior is so charming that its victims can't help but forgive it."
668,,legends-za,legends-za,en,The male with the largest mane of fire is the leader of the pride.
668,pyroar-mega,legends-za,legends-za,en,"This Pokémon spews flames hotter than 18,000 degrees Fahrenheit. It swings around its grand, blazing mane as it protects its allies."
651,,legends-za,legends-za,en,They strengthen their lower bodies by running into one another. They are very kind and won't start fights.
211,,legends-za,legends-za,en,"To fire off the poison spikes covering its body, it inflates itself by sucking in over 2.6 gallons of water all at once."
211,qwilfish-hisui,legends-za,legends-za,en,"This Pokémon eats toxic minerals to build up poison within itself. Get jabbed by it, and you'll face three days and three nights of misery."
26,raichu-alola,legends-za,legends-za,en,"It uses psychokinesis to control electricity. It hops aboard its own tail, using psychic power to lift the tail and move about while riding it."
26,,legends-za,legends-za,en,"When its electricity builds, its muscles are stimulated, and it becomes more aggressive than usual."
26,raichu-mega-x,legends-za,legends-za,en,It resembles an X as it flies through the air with 50 million volts of electricity sparking from its ears and forked tail.
26,raichu-mega-y,legends-za,legends-za,en,It fires bolts of electricity from the tip of its tail and from the spiky tufts of fur growing out of its temples. This electricity forms the letter Y.
280,,legends-za,legends-za,en,"If its red horns capture the warm feelings of people or Pokémon, its body warms up slightly."
384,,legends-za,legends-za,en,"Rayquaza cannot be seen from the ground because it lives in the ozone layer, far above the clouds."
384,rayquaza-mega,legends-za,legends-za,en,"A shooting star streaking across the night sky may, in fact, be Mega Rayquaza flying gracefully after a meteoroid."
447,,legends-za,legends-za,en,The aura that emanates from its body intensifies to alert others if it is afraid or sad.
821,,legends-za,legends-za,en,"This valiant Pokémon will challenge any foe, no matter how mighty. Even if that backfires and Rookidee loses, it grows from the experience."
315,,legends-za,legends-za,en,"It uses the different poisons in each hand separately when it attacks. The stronger its aroma, the healthier it is."
407,,legends-za,legends-za,en,"It lures prey in with a sweet scent, then finishes them off with the poisonous whips on its arms— either by constricting the prey or skewering them."
479,,legends-za,legends-za,en,Its body is composed of plasma. It is known to infiltrate electronic devices and wreak havoc.
479,rotom-fan,legends-za,legends-za,en,This Rotom has possessed an electric fan that uses a special motor. It sends its enemies flying with gusts of wind.
479,rotom-frost,legends-za,legends-za,en,This Rotom has possessed a refrigerator that uses a special motor. It battles by spewing cold air.
479,rotom-heat,legends-za,legends-za,en,This Rotom has possessed a convection microwave oven that uses a special motor. It has a flair for manipulating flames.
479,rotom-mow,legends-za,legends-za,en,"This Rotom has possessed a lawn mower that uses a special motor. As it mows down grass, it scatters the clippings everywhere."
479,rotom-wash,legends-za,legends-za,en,This Rotom has possessed a washing machine that uses a special motor. It blasts out water to intimidate opponents.
867,,legends-za,legends-za,en,"The scattered pieces of its clay slab have been reassembled, allowing the malicious power contained within to be fully unleashed."
302,,legends-za,legends-za,en,It hides in the darkness of caves. Its diet of gems has transformed its eyes into gemstones.
302,sableye-mega,legends-za,legends-za,en,"The jewel from its chest, which has grown gigantic due to the effects of Mega Evolution, can turn back any attack."
373,,legends-za,legends-za,en,"It's uncontrollable if enraged. It flies around spouting flames, scorching fields and mountains."
373,salamence-mega,legends-za,legends-za,en,"To streamline itself for flight, it pulls its forelegs into its shell. Salamence flies at high speeds even when faced with complex topographical features."
551,,legends-za,legends-za,en,"It moves below the sand's surface, exposing only its nose and eyes. A black membrane shields its eyes from the sun."
769,,legends-za,legends-za,en,Grudges of the dead have possessed a mound of sand and become a Pokémon. Sandygast is fond of the shovel on its head.
539,,legends-za,legends-za,en,Tightening their belts gets them pumped and makes their punches more destructive. Disturb their training and you'll earn their wrath.
664,,legends-za,legends-za,en,"The powder that covers its body regulates its temperature, so it can live in any region or climate."
254,,legends-za,legends-za,en,The leaves that grow on its arms are sharp enough to fell thick trees by slicing clean through them. It is without peer in jungle combat.
254,sceptile-mega,legends-za,legends-za,en,The seeds on its back are filled with energy from Mega Evolution. The Pokémon detonates these seeds to launch the tip of its tail.
212,,legends-za,legends-za,en,It has a steel-hard body. It intimidates foes by upraising its eye-patterned pincers.
212,scizor-mega,legends-za,legends-za,en,"Due to the effects of Mega Evolution, its pincers have taken on a more diabolical form, ripping anything they pinch to shreds."
545,,legends-za,legends-za,en,It clasps its prey with the claws on its neck until they stop moving. Then it finishes them off with deadly venom.
545,scolipede-mega,legends-za,legends-za,en,"Its deadly venom gives off a faint glow. The venom affects Scolipede's mind, honing its viciousness."
952,,legends-za,legends-za,en,"Its two heads have different temperaments and excel at different fighting styles. Nevertheless, they act in perfect harmony on the battlefield."
952,scovillain-mega,legends-za,legends-za,en,"Mega Evolution has dialed up this Pokémon's spiciness. It swings its ""necktie"" around to wallop its foes."
560,,legends-za,legends-za,en,"It pulls up its shed skin to protect itself while it kicks. The bigger the crest, the more arrogantly it behaves."
560,scrafty-mega,legends-za,legends-za,en,"Mega Evolution has caused Scrafty's shed skin to turn white, growing tough and supple. Of course, this Pokémon is still as feisty as ever."
559,,legends-za,legends-za,en,"Its skin has a rubbery elasticity, so it can reduce damage by defensively pulling its skin up to its neck."
123,,legends-za,legends-za,en,It tears and shreds prey with its wickedly sharp scythes. It very rarely spreads its wings to fly.
336,,legends-za,legends-za,en,"It battles speedy Zangoose using its keenly bladed tail, which oozes an extremely powerful poison."
319,,legends-za,legends-za,en,It can swim at speeds of 75 mph by jetting seawater through its body. It is the bandit of the sea.
319,sharpedo-mega,legends-za,legends-za,en,"The spines sprouting from its head are transformed fangs. If they're injured or broken off, the spines will regenerate countless times."
372,,legends-za,legends-za,en,"Within its rugged shell, its cells have begun changing. The shell peels off the instant the Pokémon evolves."
944,,legends-za,legends-za,en,"Shroodle protects itself from foes using both its poisonous saliva and its front teeth, which are disproportionately big and long for its small body."
353,,legends-za,legends-za,en,It uses its horn to feed on envy and malice—or so it's said. It's very active at night.
516,,legends-za,legends-za,en,"It prefers places with clean water. When the stores of water on its head run low, it replenishes its supply by siphoning up more with its tail."
512,,legends-za,legends-za,en,"Ill-tempered, it fights by swinging its barbed tail around wildly. The leaves growing on its head are very bitter."
514,,legends-za,legends-za,en,"When it gets excited, embers rise from its head and tail and it gets hot. For some reason, it loves sweets."
865,,legends-za,legends-za,en,"Sirfetch'd has put its soul into nurturing its leek, which it treasures like life itself. It wields the leek splendidly, performing great feats of combat."
227,,legends-za,legends-za,en,"Because it nests in bramble bushes, the feathers of its chicks grow hard from being scratched by thorns."
227,skarmory-mega,legends-za,legends-za,en,"It flies faster than the speed of sound. After whipping up shock waves to send enemies flying, it finishes them off with its talons."
672,,legends-za,legends-za,en,"If it has sunshine and water, it doesn't need to eat, because it can generate energy from the leaves on its back."
690,,legends-za,legends-za,en,"Camouflaged as rotten kelp, this Pokémon sprays liquid poison to take down prey that approach unawares."
705,,legends-za,legends-za,en,"Its four horns are a high-performance radar system. It uses them to sense sounds and smells, rather than using ears or a nose."
705,sliggoo-hisui,legends-za,legends-za,en,The iron in Sliggoo's drinking water turned its shell metallic. The Pokémon doesn't come out of its shell on sunny days.
80,,legends-za,legends-za,en,An attached Shellder won't let go because of the tasty flavor that oozes out of Slowbro's tail.
80,slowbro-galar,legends-za,legends-za,en,"A Shellder bite set off a chemical reaction with the spices inside Slowbro's body, causing Slowbro to become a Poison-type Pokémon."
80,slowbro-mega,legends-za,legends-za,en,"When bathed in the energy of Mega Evolution, Shellder converts into impregnable armor. There is virtually no change in Slowpoke."
199,,legends-za,legends-za,en,"It has incredible intellect and intuition. Whatever the situation, it remains calm and collected."
199,slowking-galar,legends-za,legends-za,en,A combination of toxins and the shock of evolving has increased Shellder's intelligence to the point that Shellder now controls Slowking.
79,,legends-za,legends-za,en,"It lazes vacantly near water. If something bites its tail, it won't even notice for a whole day."
79,slowpoke-galar,legends-za,legends-za,en,"Although this Pokémon is normally zoned out, its expression abruptly sharpens on occasion. The cause for this seems to lie in Slowpoke's diet."
685,,legends-za,legends-za,en,It can distinguish the faintest of scents. It puts its sensitive sense of smell to use by helping pastry chefs in their work.
361,,legends-za,legends-za,en,"In some snowy lands, certain folklore says a house will prosper if a Snorunt lives there."
459,,legends-za,legends-za,en,"In the spring, it grows berries with the texture of frozen treats around its belly."
665,,legends-za,legends-za,en,"It lives hidden within thicket shadows. When predators attack, it bristles the fur covering its body in an effort to threaten them."
167,,legends-za,legends-za,en,It spins a web using fine yet durable thread. It then waits patiently for prey to be trapped.
325,,legends-za,legends-za,en,"It bounces constantly, using its tail like a spring. The vibrations from this bouncing make its heart beat."
682,,legends-za,legends-za,en,"In the past, rather than using perfume, royal ladies carried a Spritzee that would waft a fragrance they liked."
931,squawkabilly-blue-plumage,legends-za,legends-za,en,"Squawkabilly with blue plumage are the second most populous variety after their green counterparts, which they view as foes."
931,,legends-za,legends-za,en,Squawkabilly form flocks based on the color of their plumage. Green ones are abundant because their coloration is more likely to be passed down.
931,squawkabilly-white-plumage,legends-za,legends-za,en,"This is the least populous variety of Squawkabilly. They don't like conflict, but when they have to fight, they do so valiantly and resolutely."
931,squawkabilly-yellow-plumage,legends-za,legends-za,en,Squawkabilly with yellow plumage grew increasingly aggressive in order to be taken seriously by the more populous varieties.
7,,legends-za,legends-za,en,"It hides in its shell to protect itself, then strikes back with spouts of water at every opportunity."
398,,legends-za,legends-za,en,The muscles in its wings and legs are strong. It can easily fly while gripping a small Pokémon.
398,staraptor-mega,legends-za,legends-za,en,Mega Staraptor is a top-class flier. It can easily soar through the sky while gripping a Steelix that weighs more than 880 lbs.
397,,legends-za,legends-za,en,Their habitats include forests and fields. Territorial squabbles occur whenever flocks happen to meet.
396,,legends-za,legends-za,en,"They flock in great numbers. Though small, they flap their wings with great power."
121,,legends-za,legends-za,en,At the center of its body is a red core that sends mysterious radio signals into the night sky.
121,starmie-mega,legends-za,legends-za,en,Its movements have become more humanlike. Whether it's simply trying to communicate or wants to supplant humanity is unclear.
120,,legends-za,legends-za,en,"Even if its body is torn, it can regenerate as long as the glowing central core remains intact."
208,,legends-za,legends-za,en,It chews its way through boulders with its sturdy jaws. Its eyes can see in the darkness underground.
208,steelix-mega,legends-za,legends-za,en,"To protect itself from opponents' attacks, it uses magnetism to control pieces of its hard outer shell that have flaked off."
618,,legends-za,legends-za,en,"It conceals itself in the mud of the seashore. Then it waits. When prey touch it, it delivers a jolt of electricity."
618,stunfisk-galar,legends-za,legends-za,en,Living in mud with a high iron content has given it a strong steel body.
333,,legends-za,legends-za,en,"For some reason, it likes to land on people's heads softly and act like it's a hat."
317,,legends-za,legends-za,en,It swallows anything whole. It douses foes with the highly toxic fluid it secretes from its follicles.
260,,legends-za,legends-za,en,This Pokémon is so strong that it can tow a large ship while it swims. It bashes down foes with a single swing of its thick arms.
260,swampert-mega,legends-za,legends-za,en,"The water within its body further strengthens its already enlarged muscles, using the same principles as a hydraulic pump."
684,,legends-za,legends-za,en,"To entangle and immobilize its opponents in battle, it extrudes white threads as sweet and sticky as cotton candy."
700,,legends-za,legends-za,en,It wraps its ribbonlike feelers around the arm of its beloved Trainer and walks with them.
663,,legends-za,legends-za,en,"In the fever of an exciting battle, it showers embers from the gaps between its feathers as it flies."
978,,legends-za,legends-za,en,Tatsugiri will battle furiously among themselves to determine which of them will get to partner with a particular Dondozo.
978,tatsugiri-droopy,legends-za,legends-za,en,"Even if swallowed by a foe, Tatsugiri will try to make its escape through various means, such as by inflating its throat sac."
978,tatsugiri-curly-mega,legends-za,legends-za,en,"Tatsugiri's brain has been invigorated by Mega Evolution, making it even wilier. It can create and command copies of itself."
978,tatsugiri-droopy-mega,legends-za,legends-za,en,"It solidifies the energy of Mega Evolution, building up an overflowing pile to launch as projectiles. These projectiles explode on contact."
978,tatsugiri-stretchy-mega,legends-za,legends-za,en,"Using the energy of Mega Evolution, it creates a dish to ride upon, allowing it to move with total freedom-even through the air."
978,tatsugiri-stretchy,legends-za,legends-za,en,"Tatsugiri assesses situations using its sharp intellect. If it determines there is no hope of winning, it flees as fast as it can."
498,,legends-za,legends-za,en,It can deftly dodge its foe's attacks while shooting fireballs from its nose. It roasts berries before it eats them.
639,,legends-za,legends-za,en,It charges with enough force to break through a giant castle wall in one blow. This Pokémon is spoken of in legends.
828,,legends-za,legends-za,en,"This clever Pokémon marks potential targets with its scent, then follows its nose to locate their nests."
538,,legends-za,legends-za,en,They train strenuously in groups of five. Any member that can't keep up will discard its belt and leave the group.
957,,legends-za,legends-za,en,Tinkatink cobbles together a suitable hammer for itself using tools and metal fragments it finds in mines.
959,,legends-za,legends-za,en,A Tinkaton leader teaches the Tinkatink in its group the skills needed for pounding and shaping metal.
958,,legends-za,legends-za,en,"Tinkatuff sometimes come to human settlements, where they rummage through factories and warehouses to gather metal."
255,,legends-za,legends-za,en,"Torchic feels very warm to hug because a fire burns within it. It launches fireballs of over 1,800 degrees F."
158,,legends-za,legends-za,en,It is small but rough and tough. It won't hesitate to take a bite out of anything that moves.
848,,legends-za,legends-za,en,"It manipulates the chemical makeup of its poison to produce electricity. The wattage is weak, but it can cause a tingling numbness."
849,,legends-za,legends-za,en,"When Toxtricity claws at the protrusions on its chest to generate electricity, a sound like that of a guitar echoes through the air."
849,toxtricity-low-key,legends-za,legends-za,en,On its chest is an electricity-generating organ. A sound like that of a bass guitar echoes all around while this organ produces electricity.
252,,legends-za,legends-za,en,Treecko can quickly scale even vertical surfaces. It senses humidity with its tails to predict the next day's weather.
709,,legends-za,legends-za,en,"Using its roots as a nervous system, it controls the trees in the forest. It's kind to the Pokémon that reside in its body."
568,,legends-za,legends-za,en,The combination of garbage bags and industrial waste caused the chemical reaction that created this Pokémon.
602,,legends-za,legends-za,en,"One alone can emit only a trickle of electricity, so a group of them gathers to unleash a powerful electric shock."
248,,legends-za,legends-za,en,"If it rampages, it knocks down mountains and buries rivers. Maps must be redrawn afterward."
248,tyranitar-mega,legends-za,legends-za,en,The effects of Mega Evolution make it more ferocious than ever. It's unclear whether it can even hear its Trainer's orders.
697,,legends-za,legends-za,en,This Pokémon behaved like a king 100 million years ago. Nothing could stop it.
696,,legends-za,legends-za,en,"This Pokémon was restored from a fossil. If something happens that it doesn't like, it throws a tantrum and runs wild."
197,,legends-za,legends-za,en,"The light of the moon changed Eevee's genetic structure. It lurks in the darkness, waiting for prey."
583,,legends-za,legends-za,en,"They cool down the surrounding air and create ice particles, which they use to freeze their foes."
582,,legends-za,legends-za,en,The temperature of their breath is −58 degrees Fahrenheit. They create snow crystals and make snow fall in the areas around them.
584,,legends-za,legends-za,en,"If both heads get angry simultaneously, this Pokémon expels a blizzard from its horn, burying everything in snow."
134,,legends-za,legends-za,en,It has evolved to be suited for an aquatic life. It can become invisible when it melts away into water.
543,,legends-za,legends-za,en,Its bite injects a venom potent enough to paralyze even the large bird Pokémon that try to prey on it.
3,,legends-za,legends-za,en,"After a rainy day, the flower on its back smells stronger. The scent attracts other Pokémon."
3,venusaur-mega,legends-za,legends-za,en,"In order to support its flower, which has grown larger due to Mega Evolution, its back and legs have become stronger."
71,,legends-za,legends-za,en,"Once taken into Victreebel's body, even the hardest object will be melted into nothing by the Pokémon's acid."
71,victreebel-mega,legends-za,legends-za,en,"The volume of this Pokémon's acid has increased due to Mega Evolution, filling its mouth. If it's not careful, the acid will overflow and spill out."
640,,legends-za,legends-za,en,"It confounds opponents with its quick movement, darting around them like a whirlwind as it carves them up mercilessly with its sharp horns."
666,,legends-za,legends-za,en,The patterns on this Pokémon depend on the climate and topography of the land it was born in. This form is from places with many islands.
721,,legends-za,legends-za,en,It expels its internal steam from the arms on its back. It has enough power to blow away a mountain.
8,,legends-za,legends-za,en,"When tapped on its head, this Pokémon will pull it in, but its tail will still stick out a little bit."
505,,legends-za,legends-za,en,"Using luminescent matter within its body, it makes its eyes and body glow and stuns attacking opponents."
13,,legends-za,legends-za,en,"Often found in forests and grasslands. It has a sharp, toxic barb of around two inches on top of its head."
70,,legends-za,legends-za,en,It spits out Poison Powder to immobilize the enemy and then finishes it with a spray of acid.
544,,legends-za,legends-za,en,"Protected by a hard shell, it spins its body like a wheel and crashes furiously into its enemies."
40,,legends-za,legends-za,en,"This Pokémon's fur feels so nice that if two Wigglytuff snuggle up against each other, they can't bring themselves to separate."
767,,legends-za,legends-za,en,"Its habitat includes everything from beaches to seabeds. It is happy to eat up even rotten scraps, providing a sort of natural cleaning serivce."
716,,legends-za,legends-za,en,"When the horns on its head shine in seven colors, it is said to be sharing everlasting life."
562,,legends-za,legends-za,en,Each Yamask carries a mask representing the face it had when it was still human. Sometimes it gazes at the mask and weeps.
562,yamask-galar,legends-za,legends-za,en,A cursed clay slab and a departed spirit have become bound together. This Pokémon swings its slab around with malicious intent.
717,,legends-za,legends-za,en,"It's said that when its life comes to an end, it absorbs the life energy of every living thing and turns into a cocoon once more."
335,,legends-za,legends-za,en,Every hair on its body stands up if it so much as smells a Seviper. Its sharp claws tear foes apart.
807,,legends-za,legends-za,en,"Electricity sparks from the pads on its limbs. Wherever Zeraora runs, lightning flashes and thunder echoes."
807,zeraora-mega,legends-za,legends-za,en,"It stores up 10 lightning strikes' worth of electricity. When it stops limiting itself, it's in the strongest class of electric Pokémon."
41,,legends-za,legends-za,en,"It sleeps in caves during the day. It has no eyes, so it emits ultrasonic waves to check its surroundings while flying."
718,zygarde-10,legends-za,legends-za,en,This is Zygarde when about 10% of its pieces have been assembled. It leaps at its opponent's chest and sinks its sharp fangs into them.
718,,legends-za,legends-za,en,It's hypothesized that it's monitoring those who destroy the ecosystem from deep in the cave where it lives.
718,zygarde-complete,legends-za,legends-za,en,"Born when all of Zygarde's cells have been gathered together, it uses force to neutralize those who harm the ecosystem."
718,zygarde-mega,legends-za,legends-za,en,"In response to people's emotions during an unprecedented crisis, Zygarde Mega Evolves and calms the situation with its unmatched power."
