dex_number,column,pokeapi,pokedb
1,base_friendship_gen8,70,50
2,base_friendship_gen8,70,50
2,name_ja-roma,Fushigisou,Fushigisō
3,base_friendship_gen8,70,50
4,base_friendship_gen8,70,50
5,base_friendship_gen8,70,50
5,name_ja-roma,Lizardo,Rizādo
6,base_friendship_gen8,70,50
6,base_experience,240,267
6,name_ja-roma,Lizardon,Rizādon
7,base_friendship_gen8,70,50
8,base_friendship_gen8,70,50
8,name_ja-roma,Kameil,Kamēru
9,base_friendship_gen8,70,50
9,base_experience,239,265
9,name_ja-roma,Kamex,Kamekkusu
10,base_friendship_gen8,70,50
10,name_ja-roma,Caterpie,Kyatapī
11,base_friendship_gen8,70,50
11,name_ja-roma,Transel,Toranseru
12,base_friendship_gen8,70,50
12,base_experience,178,198
12,name_ja-roma,Butterfree,Batafurī
13,base_friendship_gen8,70,50
13,name_ja-roma,Beedle,Bīdoru
14,base_friendship_gen8,70,50
14,ability_hidden,,sniper
14,ev_atk,0,2
14,ev_def,2,0
14,name_ja-roma,Cocoon,Kokūn
15,base_friendship_gen8,70,50
15,ability_hidden,sniper,
15,name_ja-roma,Spear,Supiā
16,base_friendship_gen8,70,50
17,base_friendship_gen8,70,50
17,name_ja-roma,Pigeon,Pijon
18,base_friendship_gen8,70,50
18,name_ja-roma,Pigeot,Pijotto
19,base_friendship_gen8,70,50
20,base_friendship_gen8,70,50
21,base_friendship_gen8,70,50
22,base_friendship_gen8,70,50
22,name_ja-roma,Onidrill,Onidoriru
23,base_friendship_gen8,70,50
23,name_ja-roma,Arbo,Ābo
24,base_friendship_gen8,70,50
24,name_ja-roma,Arbok,Ābokku
25,base_friendship_gen8,70,50
25,name_ja-roma,Pikachu,Pikachū
26,base_friendship_gen8,70,50
26,base_experience,218,243
26,name_ja-roma,Raichu,Raichū
27,base_friendship_gen8,70,50
27,name_ja-roma,Sand,Sando
28,base_friendship_gen8,70,50
28,stat_def,110,120
28,stat_spa,45,25
28,stat_spd,55,65
28,name_ja-roma,Sandpan,Sandopan
29,base_friendship_gen8,70,50
29,name_ja-roma,Nidoran♀,Nidoran Mesu
30,base_friendship_gen8,70,50
30,name_ja-roma,Nidorina,Nidorīna
31,base_friendship_gen8,70,50
31,base_experience,227,253
31,name_ja-roma,Nidoqueen,Nidokuin
32,base_friendship_gen8,70,50
32,name_ja-roma,Nidoran♂,Nidoran Osu
33,base_friendship_gen8,70,50
33,name_ja-roma,Nidorino,Nidorīno
34,base_friendship_gen8,70,50
34,base_experience,227,253
34,name_ja-roma,Nidoking,Nidokingu
36,base_experience,217,242
36,name_ja-roma,Pixy,Pikushī
37,base_friendship_gen8,70,50
38,base_friendship_gen8,70,50
38,name_ja-roma,Kyukon,Kyūkon
39,base_friendship_gen8,70,50
40,base_friendship_gen8,70,50
40,base_experience,196,218
41,base_friendship_gen8,70,50
41,name_ja-roma,Zubat,Zubatto
42,base_friendship_gen8,70,50
42,name_ja-roma,Golbat,Gorubatto
43,base_friendship_gen8,70,50
44,base_friendship_gen8,70,50
45,base_friendship_gen8,70,50
45,base_experience,221,245
45,name_ja-roma,Ruffresia,Rafureshia
46,base_friendship_gen8,70,50
46,name_ja-roma,Paras,Parasu
47,base_friendship_gen8,70,50
47,name_ja-roma,Parasect,Parasekuto
48,base_friendship_gen8,70,50
48,name_ja-roma,Kongpang,Konpan
49,base_friendship_gen8,70,50
49,name_ja-roma,Morphon,Morufon
50,base_friendship_gen8,70,50
50,name_ja-roma,Digda,Diguda
51,base_friendship_gen8,70,50
51,name_ja-roma,Dugtrio,Dagutorio
52,base_friendship_gen8,70,50
52,name_ja-roma,Nyarth,Nyāsu
53,base_friendship_gen8,70,50
53,name_ja-roma,Persian,Perushian
54,base_friendship_gen8,70,50
54,name_ja-roma,Koduck,Kodakku
55,base_friendship_gen8,70,50
55,name_ja-roma,Golduck,Gorudakku
56,base_friendship_gen8,70,50
56,name_ja-roma,Mankey,Mankī
57,base_friendship_gen8,70,50
58,base_friendship_gen8,70,50
58,name_ja-roma,Gardie,Gādi
59,base_friendship_gen8,70,50
59,name_ja-roma,Windie,Uindi
60,base_friendship_gen8,70,50
61,base_friendship_gen8,70,50
62,base_friendship_gen8,70,50
62,base_experience,230,255
63,base_friendship_gen8,70,50
63,name_ja-roma,Casey,Kēshī
64,base_friendship_gen8,70,50
64,name_ja-roma,Yungerer,Yungerā
65,base_friendship_gen8,70,50
65,base_experience,225,250
65,name_ja-roma,Foodin,Fūdin
66,base_friendship_gen8,70,50
66,name_ja-roma,Wanriky,Wanrikī
67,base_friendship_gen8,70,50
67,name_ja-roma,Goriky,Gōrikī
68,base_friendship_gen8,70,50
68,base_experience,227,253
68,name_ja-roma,Kairiky,Kairikī
69,base_friendship_gen8,70,50
70,base_friendship_gen8,70,50
71,base_friendship_gen8,70,50
71,name_ja-roma,Utsubot,Utsubotto
72,base_friendship_gen8,70,50
73,base_friendship_gen8,70,50
74,base_friendship_gen8,70,50
74,name_ja-roma,Isitsubute,Ishitsubute
75,base_friendship_gen8,70,50
75,name_ja-roma,Golone,Gorōn
76,base_friendship_gen8,70,50
76,name_ja-roma,Golonya,Gorōnya
77,base_friendship_gen8,70,50
77,ev_spd,0,1
77,ev_spe,1,0
77,name_ja-roma,Ponyta,Ponīta
78,base_friendship_gen8,70,50
78,ev_spd,0,2
78,ev_spe,2,0
78,name_ja-roma,Gallop,Gyaroppu
79,base_friendship_gen8,70,50
80,base_friendship_gen8,70,50
81,base_friendship_gen8,70,50
81,name_ja-roma,Coil,Koiru
82,base_friendship_gen8,70,50
82,name_ja-roma,Rarecoil,Reakoiru
83,base_friendship_gen8,70,50
83,name_en,Farfetch’d,Farfetch'd
83,name_es,Farfetch’d,Farfetch'd
83,name_it,Farfetch’d,Farfetch'd
84,base_friendship_gen8,70,50
84,name_ja-roma,Dodo,Dōdō
85,base_friendship_gen8,70,50
85,name_ja-roma,Dodorio,Dōdorio
86,base_friendship_gen8,70,50
86,name_ja-roma,Pawou,Pauwau
87,base_friendship_gen8,70,50
88,base_friendship_gen8,70,50
88,name_ja-roma,Betbeter,Betobetā
89,base_friendship_gen8,70,50
89,name_ja-roma,Betbeton,Betobeton
90,base_friendship_gen8,70,50
90,name_ja-roma,Shellder,Sherudā
91,base_friendship_gen8,70,50
91,name_ja-roma,Parshen,Parushen
92,base_friendship_gen8,70,50
92,name_ja-roma,Ghos,Gōsu
93,base_friendship_gen8,70,50
93,name_ja-roma,Ghost,Gōsuto
94,base_friendship_gen8,70,50
94,base_experience,225,250
94,name_ja-roma,Gangar,Gengā
95,base_friendship_gen8,70,50
95,ev_atk,0,1
95,ev_def,1,0
95,name_ja-roma,Iwark,Iwāku
96,base_friendship_gen8,70,50
96,name_ja-roma,Sleepe,Surīpu
97,base_friendship_gen8,70,50
97,name_ja-roma,Sleeper,Surīpā
98,base_friendship_gen8,70,50
98,name_ja-roma,Crab,Kurabu
99,base_friendship_gen8,70,50
99,name_ja-roma,Kingler,Kingurā
100,base_friendship_gen8,70,50
101,base_friendship_gen8,70,50
101,name_ja-roma,Marumine,Marumain
102,base_friendship_gen8,70,50
103,base_friendship_gen8,70,50
103,name_ja-roma,Nassy,Nasshī
104,base_friendship_gen8,70,50
105,base_friendship_gen8,70,50
106,base_friendship_gen8,70,50
106,name_ja-roma,Sawamular,Sawamurā
107,base_friendship_gen8,70,50
107,name_ja-roma,Ebiwalar,Ebiwarā
108,base_friendship_gen8,70,50
109,base_friendship_gen8,70,50
109,name_ja-roma,Dogars,Dogāsu
110,base_friendship_gen8,70,50
110,name_ja-roma,Matadogas,Matadogasu
111,base_friendship_gen8,70,50
111,name_ja-roma,Sihorn,Saihōn
112,base_friendship_gen8,70,50
112,name_ja-roma,Sidon,Saidon
113,name_ja-roma,Lucky,Rakkī
114,base_friendship_gen8,70,50
115,base_friendship_gen8,70,50
115,name_ja-roma,Garura,Garūra
116,base_friendship_gen8,70,50
116,name_ja-roma,Tattu,Tattsū
117,base_friendship_gen8,70,50
117,name_ja-roma,Seadra,Shīdora
118,base_friendship_gen8,70,50
119,base_friendship_gen8,70,50
119,name_ja-roma,Azumao,Azumaō
120,base_friendship_gen8,70,50
121,base_friendship_gen8,70,50
121,name_ja-roma,Starmie,Sutāmī
122,base_friendship_gen8,70,50
122,name_ja-roma,Barrierd,Bariyādo
123,base_friendship_gen8,70,50
123,name_ja-roma,Strike,Sutoraiku
124,base_friendship_gen8,70,50
124,name_ja-roma,Rougela,Rūjura
125,base_friendship_gen8,70,50
125,name_ja-roma,Eleboo,Erebū
126,base_friendship_gen8,70,50
126,name_ja-roma,Boober,Būbā
127,base_friendship_gen8,70,50
127,name_ja-roma,Kailios,Kairosu
128,base_friendship_gen8,70,50
128,name_ja-roma,Kentauros,Kentarosu
129,base_friendship_gen8,70,50
129,name_ja-roma,Koiking,Koikingu
130,base_friendship_gen8,70,50
130,name_ja-roma,Gyarados,Gyaradosu
131,base_friendship_gen8,70,50
131,name_ja-roma,Laplace,Rapurasu
132,base_friendship_gen8,70,50
133,base_friendship_gen8,70,50
133,name_ja-roma,Eievui,Ībui
134,base_friendship_gen8,70,50
134,name_ja-roma,Showers,Shawāzu
135,base_friendship_gen8,70,50
135,name_ja-roma,Thunders,Sandāsu
136,base_friendship_gen8,70,50
136,name_ja-roma,Booster,Būsutā
137,base_friendship_gen8,70,50
137,name_ja-roma,Porygon,Porigon
138,base_friendship_gen8,70,50
138,name_ja-roma,Omnite,Omunaito
139,base_friendship_gen8,70,50
139,name_ja-roma,Omstar,Omusutā
140,base_friendship_gen8,70,50
141,base_friendship_gen8,70,50
141,name_ja-roma,Kabutops,Kabutopusu
142,base_friendship_gen8,70,50
142,name_ja-roma,Ptera,Putera
143,base_friendship_gen8,70,50
144,base_experience,261,290
144,name_ja-roma,Freezer,Furīzā
145,base_experience,261,290
145,name_ja-roma,Thunder,Sandā
146,base_experience,261,290
146,name_ja-roma,Fire,Faiyā
147,hatch_cycles,40,45
147,name_ja-roma,Miniryu,Miniryū
148,name_ja-roma,Hakuryu,Hakuryū
149,base_experience,270,300
149,name_ja-roma,Kairyu,Kairyū
150,base_experience,306,340
150,name_ja-roma,Mewtwo,Myūtsū
151,base_experience,270,300
151,name_ja-roma,Mew,Myū
152,base_friendship_gen8,70,50
152,name_ja-roma,Chicorita,Chikorīta
153,base_friendship_gen8,70,50
153,name_ja-roma,Bayleaf,Beirīfu
154,base_friendship_gen8,70,50
154,name_ja-roma,Meganium,Meganiumu
155,base_friendship_gen8,70,50
156,base_friendship_gen8,70,50
156,name_ja-roma,Magmarashi,Magumarashi
157,base_friendship_gen8,70,50
157,base_experience,240,267
157,name_ja-roma,Bakphoon,Bakufūn
158,base_friendship_gen8,70,50
159,base_friendship_gen8,70,50
159,name_ja-roma,Alligates,Arigeitsu
160,base_friendship_gen8,70,50
160,name_ja-roma,Ordile,Ōdairu
161,base_friendship_gen8,70,50
162,base_friendship_gen8,70,50
162,name_ja-roma,Ootachi,Ōtachi
163,base_friendship_gen8,70,50
163,name_ja-roma,Hoho,Hōhō
164,base_friendship_gen8,70,50
165,base_friendship_gen8,70,50
166,base_friendship_gen8,70,50
167,base_friendship_gen8,70,50
168,base_friendship_gen8,70,50
168,name_ja-roma,Ariados,Ariadosu
169,base_friendship_gen8,70,50
169,base_experience,241,268
169,name_ja-roma,Crobat,Kurobatto
170,base_friendship_gen8,70,50
170,name_ja-roma,Chonchie,Chonchī
171,base_friendship_gen8,70,50
171,name_ja-roma,Lantern,Rantān
172,base_friendship_gen8,70,50
172,name_ja-roma,Pichu,Pichū
173,name_ja-roma,Py,Pī
174,base_friendship_gen8,70,50
175,base_friendship_gen8,70,50
175,name_ja-roma,Togepy,Togepī
176,base_friendship_gen8,70,50
176,name_ja-roma,Togechick,Togechikku
177,base_friendship_gen8,70,50
177,name_ja-roma,Naty,Neiti
178,base_friendship_gen8,70,50
178,name_ja-roma,Natio,Neitio
179,base_friendship_gen8,70,50
179,name_ja-roma,Merriep,Merīpu
180,base_friendship_gen8,70,50
181,base_friendship_gen8,70,50
181,name_ja-roma,Denryu,Denryū
182,base_friendship_gen8,70,50
182,base_experience,221,245
183,base_friendship_gen8,70,50
183,name_ja-roma,Maril,Mariru
184,base_friendship_gen8,70,50
184,base_experience,189,210
184,name_ja-roma,Marilli,Mariruri
185,base_friendship_gen8,70,50
185,name_ja-roma,Usokkie,Usokkī
185,name_zh-hans,树才怪,树才怪‎
186,base_friendship_gen8,70,50
186,base_experience,225,250
187,base_friendship_gen8,70,50
187,name_ja-roma,Hanecco,Hanekko
188,base_friendship_gen8,70,50
188,name_ja-roma,Popocco,Popokko
189,base_friendship_gen8,70,50
189,name_ja-roma,Watacco,Watakko
190,base_friendship_gen8,70,50
190,name_ja-roma,Eipam,Eipamu
191,base_friendship_gen8,70,50
191,name_ja-roma,Himanuts,Himanattsu
192,base_friendship_gen8,70,50
193,base_friendship_gen8,70,50
193,name_ja-roma,Yanyanma,Yan'yanma
194,base_friendship_gen8,70,50
194,name_ja-roma,Upah,Upā
195,base_friendship_gen8,70,50
195,name_ja-roma,Nuoh,Nuō
196,base_friendship_gen8,70,50
196,name_ja-roma,Eifie,Ēfi
197,name_ja-roma,Bracky,Burakkī
199,base_friendship_gen8,70,50
199,name_ja-roma,Yadoking,Yadokingu
200,name_ja-roma,Muma,Mūma
201,base_friendship_gen8,70,50
201,name_ja-roma,Unknown,Annōn
202,base_friendship_gen8,70,50
202,name_ja-roma,Sonans,Sōnansu
203,base_friendship_gen8,70,50
204,base_friendship_gen8,70,50
205,base_friendship_gen8,70,50
205,name_ja-roma,Foretos,Foretosu
206,base_friendship_gen8,70,50
206,name_ja-roma,Nokocchi,Nokotchi
207,base_friendship_gen8,70,50
207,name_ja-roma,Gliger,Guraigā
208,base_friendship_gen8,70,50
208,name_ja-roma,Haganeil,Haganēru
209,base_friendship_gen8,70,50
209,name_ja-roma,Bulu,Burū
210,base_friendship_gen8,70,50
210,name_ja-roma,Granbulu,Guranburu
211,base_friendship_gen8,70,50
211,name_ja-roma,Harysen,Harīsen
212,base_friendship_gen8,70,50
212,name_ja-roma,Hassam,Hassamu
213,base_friendship_gen8,70,50
214,base_friendship_gen8,70,50
214,name_ja-roma,Heracros,Herakurosu
215,color,black,gray
215,name_ja-roma,Nyula,Nyūra
216,base_friendship_gen8,70,50
217,base_friendship_gen8,70,50
218,base_friendship_gen8,70,50
218,name_ja-roma,Magmag,Magumaggu
219,base_friendship_gen8,70,50
219,name_ja-roma,Magcargot,Magukarugo
220,base_friendship_gen8,70,50
220,name_ja-roma,Urimoo,Urimū
221,base_friendship_gen8,70,50
221,name_ja-roma,Inomoo,Inomū
222,base_friendship_gen8,70,50
222,name_ja-roma,Sunnygo,Sanīgo
223,base_friendship_gen8,70,50
224,base_friendship_gen8,70,50
224,name_ja-roma,Okutank,Okutan
225,base_friendship_gen8,70,50
225,name_ja-roma,Delibird,Deribādo
226,base_friendship_gen8,70,50
227,base_friendship_gen8,70,50
227,name_ja-roma,Airmd,Eāmudo
228,name_ja-roma,Delvil,Derubiru
229,name_ja-roma,Hellgar,Herugā
230,base_friendship_gen8,70,50
230,base_experience,243,270
230,name_ja-roma,Kingdra,Kingudora
231,base_friendship_gen8,70,50
231,name_ja-roma,Gomazou,Gomazō
232,base_friendship_gen8,70,50
233,base_friendship_gen8,70,50
233,name_ja-roma,Porygon2,Porigon Tsū
234,base_friendship_gen8,70,50
235,base_friendship_gen8,70,50
235,name_ja-roma,Doble,Dōburu
236,base_friendship_gen8,70,50
236,name_ja-roma,Balkie,Barukī
237,base_friendship_gen8,70,50
237,name_ja-roma,Kapoerer,Kapoerā
238,base_friendship_gen8,70,50
238,name_ja-roma,Muchul,Muchūru
239,base_friendship_gen8,70,50
239,name_ja-roma,Elekid,Erekiddo
240,base_friendship_gen8,70,50
240,name_ja-roma,Buby,Bubī
241,base_friendship_gen8,70,50
241,name_ja-roma,Miltank,Mirutanku
242,base_experience,608,635
242,name_ja-roma,Happinas,Hapinasu
243,base_experience,261,290
243,name_ja-roma,Raikou,Raikō
244,base_experience,261,290
245,base_experience,261,290
245,name_ja-roma,Suicune,Suikun
246,name_ja-roma,Yogiras,Yōgirasu
247,name_ja-roma,Sanagiras,Sanagirasu
248,base_experience,270,300
248,name_ja-roma,Bangiras,Bangirasu
249,base_experience,306,340
249,name_ja-roma,Lugia,Rugia
250,base_experience,306,340
250,name_ja-roma,Houou,Hōō
251,base_experience,270,300
251,name_ja-roma,Celebi,Serebī
252,base_friendship_gen8,70,50
253,base_friendship_gen8,70,50
253,name_ja-roma,Juptile,Juputoru
254,base_friendship_gen8,70,50
254,base_experience,239,265
255,base_friendship_gen8,70,50
256,base_friendship_gen8,70,50
256,name_ja-roma,Wakasyamo,Wakashamo
257,base_friendship_gen8,70,50
257,base_experience,239,265
257,name_ja-roma,Bursyamo,Bashāmo
258,base_friendship_gen8,70,50
258,name_ja-roma,Mizugorou,Mizugorō
259,base_friendship_gen8,70,50
259,name_ja-roma,Numacraw,Numakurō
260,base_friendship_gen8,70,50
260,base_experience,241,268
260,name_ja-roma,Laglarge,Ragurāji
261,base_friendship_gen8,70,50
262,base_friendship_gen8,70,50
262,name_ja-roma,Graena,Guraena
263,base_friendship_gen8,70,50
264,base_friendship_gen8,70,50
265,base_friendship_gen8,70,50
266,base_friendship_gen8,70,50
266,name_ja-roma,Karasalis,Karasarisu
267,base_friendship_gen8,70,50
267,name_ja-roma,Agehunt,Agehanto
268,base_friendship_gen8,70,50
268,name_ja-roma,Mayuld,Mayurudo
269,base_friendship_gen8,70,50
269,name_ja-roma,Dokucale,Dokukeiru
270,base_friendship_gen8,70,50
270,name_ja-roma,Hassboh,Hasubō
271,base_friendship_gen8,70,50
271,name_ja-roma,Hasubrero,Hasuburero
272,base_friendship_gen8,70,50
272,base_experience,216,240
273,base_friendship_gen8,70,50
273,ev_atk,0,1
273,ev_def,1,0
273,name_ja-roma,Taneboh,Tanebō
274,base_friendship_gen8,70,50
275,base_friendship_gen8,70,50
275,base_experience,216,240
275,name_ja-roma,Dirteng,Dātengu
276,base_friendship_gen8,70,50
277,base_friendship_gen8,70,50
277,name_ja-roma,Ohsubame,Ōsubame
278,base_friendship_gen8,70,50
278,name_ja-roma,Camome,Kyamome
279,base_friendship_gen8,70,50
279,name_ja-roma,Pelipper,Perippā
280,name_ja-roma,Ralts,Rarutosu
281,name_ja-roma,Kirlia,Kiruria
282,base_experience,233,259
282,name_ja-roma,Sirnight,Sānaito
283,base_friendship_gen8,70,50
284,base_friendship_gen8,70,50
284,name_ja-roma,Amemoth,Amemōsu
285,base_friendship_gen8,70,50
285,name_ja-roma,Kinococo,Kinokoko
286,base_friendship_gen8,70,50
287,base_friendship_gen8,70,50
288,base_friendship_gen8,70,50
289,base_friendship_gen8,70,50
289,name_ja-roma,Kekking,Kekkingu
290,base_friendship_gen8,70,50
290,name_ja-roma,Tutinin,Tsuchinin
291,base_friendship_gen8,70,50
292,base_friendship_gen8,70,50
293,base_friendship_gen8,70,50
294,base_friendship_gen8,70,50
294,name_ja-roma,Dogohmb,Dogōmu
295,base_friendship_gen8,70,50
295,base_experience,221,245
295,name_ja-roma,Bakuong,Bakuongu
296,base_friendship_gen8,70,50
297,base_friendship_gen8,70,50
298,base_friendship_gen8,70,50
299,base_friendship_gen8,70,50
299,name_ja-roma,Nosepass,Nozupasu
300,base_friendship_gen8,70,50
300,name_ja-roma,Eneco,Eneko
301,base_friendship_gen8,70,50
303,base_friendship_gen8,70,50
303,name_ja-roma,Kucheat,Kuchīto
304,name_ja-roma,Cokodora,Kokodora
306,base_experience,239,265
306,name_ja-roma,Bossgodora,Bosugodora
307,base_friendship_gen8,70,50
308,base_friendship_gen8,70,50
308,name_ja-roma,Charem,Chāremu
309,base_friendship_gen8,70,50
310,base_friendship_gen8,70,50
310,name_ja-roma,Livolt,Raiboruto
311,base_friendship_gen8,70,50
311,name_ja-roma,Prasle,Purasuru
312,base_friendship_gen8,70,50
312,name_ja-roma,Minun,Mainan
312,name_zh-hans,負电拍拍,负电拍拍
313,base_friendship_gen8,70,50
313,name_ja-roma,Barubeat,Barubīto
314,base_friendship_gen8,70,50
314,name_ja-roma,Illumise,Irumīze
315,base_friendship_gen8,70,50
315,name_ja-roma,Roselia,Rozeria
316,base_friendship_gen8,70,50
316,name_ja-roma,Gokulin,Gokurin
317,base_friendship_gen8,70,50
317,name_ja-roma,Marunoom,Marunōmu
318,name_ja-roma,Kibanha,Kibania
319,name_ja-roma,Samehader,Samehadā
320,base_friendship_gen8,70,50
321,base_friendship_gen8,70,50
321,name_ja-roma,Whaloh,Hoeruō
322,base_friendship_gen8,70,50
322,name_ja-roma,Donmel,Donmeru
323,base_friendship_gen8,70,50
323,name_ja-roma,Bakuuda,Bakūda
324,base_friendship_gen8,70,50
324,name_ja-roma,Cotoise,Kōtasu
325,base_friendship_gen8,70,50
325,name_ja-roma,Baneboo,Banebū
326,base_friendship_gen8,70,50
326,name_ja-roma,Boopig,Būpiggu
327,base_friendship_gen8,70,50
327,name_ja-roma,Patcheel,Patchīru
328,base_friendship_gen8,70,50
328,name_ja-roma,Nuckrar,Nakkurā
329,base_friendship_gen8,70,50
329,name_ja-roma,Vibrava,Biburāba
330,base_friendship_gen8,70,50
330,base_experience,234,260
330,name_ja-roma,Flygon,Furaigon
332,name_ja-roma,Noctus,Nokutasu
333,base_friendship_gen8,70,50
333,name_ja-roma,Tyltto,Chirutto
334,base_friendship_gen8,70,50
334,name_ja-roma,Tyltalis,Chirutarisu
335,base_friendship_gen8,70,50
335,name_ja-roma,Zangoose,Zangūsu
336,base_friendship_gen8,70,50
336,name_ja-roma,Habunake,Habunēku
337,base_friendship_gen8,70,50
337,name_ja-roma,Lunatone,Runatōn
338,base_friendship_gen8,70,50
338,name_ja-roma,Solrock,Sorurokku
339,base_friendship_gen8,70,50
339,name_ja-roma,Dojoach,Dojotchi
340,base_friendship_gen8,70,50
341,base_friendship_gen8,70,50
342,base_friendship_gen8,70,50
342,name_ja-roma,Shizariger,Shizarigā
343,base_friendship_gen8,70,50
343,name_ja-roma,Yajilon,Yajiron
344,base_friendship_gen8,70,50
344,name_ja-roma,Nendoll,Nendōru
345,base_friendship_gen8,70,50
345,name_ja-roma,Lilyla,Rirīra
346,base_friendship_gen8,70,50
346,name_ja-roma,Yuradle,Yureidoru
347,base_friendship_gen8,70,50
347,name_ja-roma,Anopth,Anopusu
348,base_friendship_gen8,70,50
348,name_ja-roma,Armaldo,Āmarudo
349,base_friendship_gen8,70,50
349,name_ja-roma,Hinbass,Hinbasu
350,base_friendship_gen8,70,50
350,name_ja-roma,Milokaross,Mirokarosu
351,base_friendship_gen8,70,50
351,name_ja-roma,Powalen,Powarun
352,base_friendship_gen8,70,50
353,name_ja-roma,Kagebouzu,Kagebōzu
354,name_ja-roma,Juppeta,Jupetta
355,ability_2,,frisk
355,ability_hidden,frisk,
356,ability_2,,frisk
356,ability_hidden,frisk,
356,name_ja-roma,Samayouru,Samayōru
357,base_friendship_gen8,70,50
357,name_ja-roma,Tropius,Toropiusu
358,base_friendship_gen8,70,50
358,name_ja-roma,Chirean,Chirīn
359,name_ja-roma,Absol,Abusoru
360,base_friendship_gen8,70,50
360,name_ja-roma,Sohnano,Sōnano
361,base_friendship_gen8,70,50
362,base_friendship_gen8,70,50
362,name_ja-roma,Onigohri,Onigōri
363,base_friendship_gen8,70,50
364,base_friendship_gen8,70,50
364,name_ja-roma,Todoggler,Todogurā
365,base_friendship_gen8,70,50
365,base_experience,239,265
365,name_ja-roma,Todoseruga,Todozeruga
366,base_friendship_gen8,70,50
366,name_ja-roma,Pearlulu,Pāruru
367,base_friendship_gen8,70,50
367,name_ja-roma,Huntail,Hantēru
368,base_friendship_gen8,70,50
368,name_ja-roma,Sakurabyss,Sakurabisu
369,base_friendship_gen8,70,50
369,name_ja-roma,Glanth,Jīransu
370,base_friendship_gen8,70,50
370,name_ja-roma,Lovecus,Rabukasu
371,name_ja-roma,Tatsubay,Tatsubei
372,name_ja-roma,Komoruu,Komorū
373,base_experience,270,300
373,name_ja-roma,Bohmander,Bōmanda
374,name_ja-roma,Dumbber,Danbaru
375,name_ja-roma,Metang,Metangu
376,base_experience,270,300
376,name_ja-roma,Metagross,Metagurosu
377,base_experience,261,290
377,name_ja-roma,Regirock,Rejirokku
378,base_experience,261,290
378,name_ja-roma,Regice,Rejiaisu
379,base_experience,261,290
379,name_ja-roma,Registeel,Rejisuchiru
380,is_legendary,1,0
380,base_experience,270,300
380,name_ja-roma,Latias,Ratiasu
381,base_experience,270,300
381,name_ja-roma,Latios,Ratiosu
382,base_experience,302,335
382,name_ja-roma,Kyogre,Kaiōga
383,base_experience,302,335
383,name_ja-roma,Groudon,Gurādon
384,base_experience,306,340
384,name_ja-roma,Rayquaza,Rekkūza
385,base_experience,270,300
385,name_ja-roma,Jirachi,Jirāchi
386,name_ja-roma,Deoxys,Deokishisu
387,base_friendship_gen8,70,50
387,name_ja-roma,Naetle,Naetoru
388,base_friendship_gen8,70,50
389,base_friendship_gen8,70,50
389,name_ja-roma,Dodaitose,Dodaitosu
390,base_friendship_gen8,70,50
391,base_friendship_gen8,70,50
391,name_ja-roma,Moukazaru,Mōkazaru
392,base_friendship_gen8,70,50
392,name_ja-roma,Goukazaru,Gōkazaru
393,base_friendship_gen8,70,50
393,ability_hidden,competitive,defiant
393,name_ja-roma,Pochama,Potchama
394,base_friendship_gen8,70,50
394,ability_hidden,competitive,defiant
395,base_friendship_gen8,70,50
395,ability_hidden,competitive,defiant
395,name_ja-roma,Emperte,Enperuto
396,base_friendship_gen8,70,50
397,base_friendship_gen8,70,50
397,name_ja-roma,Mukubird,Mukubādo
398,base_friendship_gen8,70,50
398,name_ja-roma,Mukuhawk,Mukuhōku
399,base_friendship_gen8,70,50
400,base_friendship_gen8,70,50
400,name_ja-roma,Beadaru,Bīdaru
401,base_friendship_gen8,70,50
401,name_ja-roma,Korobohshi,Korobōshi
402,base_friendship_gen8,70,50
402,name_ja-roma,Korotock,Korotokku
403,base_friendship_gen8,70,50
403,name_ja-roma,Kolink,Korinku
404,name_ja-roma,Luxio,Rukushio
405,base_friendship_gen8,70,50
405,base_experience,235,262
405,name_ja-roma,Rentorar,Rentorā
406,base_friendship_gen8,70,50
406,name_ja-roma,Subomie,Subomī
407,base_friendship_gen8,70,50
407,base_experience,232,258
407,name_ja-roma,Roserade,Rozureido
408,base_friendship_gen8,70,50
408,name_ja-roma,Zugaidos,Zugaidosu
409,base_friendship_gen8,70,50
409,name_ja-roma,Rampald,Ramuparudo
410,base_friendship_gen8,70,50
410,name_ja-roma,Tatetops,Tatetopusu
411,base_friendship_gen8,70,50
411,name_ja-roma,Torideps,Toridepusu
412,base_friendship_gen8,70,50
412,name_ja-roma,Minomucchi,Minomutchi
413,base_friendship_gen8,70,50
413,name_ja-roma,Minomadam,Minomadamu
414,base_friendship_gen8,70,50
414,name_ja-roma,Gamale,Gāmeiru
415,base_friendship_gen8,70,50
415,name_ja-roma,Mitsuhoney,Mitsuhanī
416,base_friendship_gen8,70,50
416,name_ja-roma,Beequen,Bīkuin
418,base_friendship_gen8,70,50
418,name_ja-roma,Buoysel,Buizeru
419,base_friendship_gen8,70,50
419,name_ja-roma,Floazel,Furōzeru
420,base_friendship_gen8,70,50
420,pct_male,50,20
421,base_friendship_gen8,70,50
421,name_ja-roma,Cherrim,Cherimu
422,base_friendship_gen8,70,50
423,base_friendship_gen8,70,50
423,name_ja-roma,Tritodon,Toritodon
424,hatch_cycles,20,45
424,name_ja-roma,Eteboth,Etebōsu
425,base_friendship_gen8,70,50
426,base_friendship_gen8,70,50
426,name_ja-roma,Fuwaride,Fuwaraido
427,name_ja-roma,Mimirol,Mimiroru
428,name_ja-roma,Mimilop,Mimiroppu
429,name_ja-roma,Mumargi,Mūmāji
430,name_ja-roma,Dongkarasu,Donkarasu
431,base_friendship_gen8,70,50
431,name_ja-roma,Nyarmar,Nyarumā
432,base_friendship_gen8,70,50
433,base_friendship_gen8,70,50
433,name_ja-roma,Lisyan,Rīshan
434,base_friendship_gen8,70,50
434,name_ja-roma,Skunpuu,Sukanpū
435,base_friendship_gen8,70,50
435,name_ja-roma,Skutank,Sukatanku
436,base_friendship_gen8,70,50
436,name_ja-roma,Dohmirror,Dōmirā
437,base_friendship_gen8,70,50
437,name_ja-roma,Dohtakun,Dōtakun
438,base_friendship_gen8,70,50
439,base_friendship_gen8,70,50
440,pct_male,0,???
441,name_ja-roma,Perap,Perappu
442,base_friendship_gen8,70,50
442,growth_rate,Medium Fast,Medium Slow
443,base_friendship_gen8,70,50
444,base_friendship_gen8,70,50
444,name_ja-roma,Gabite,Gabaito
445,base_friendship_gen8,70,50
445,base_experience,270,300
445,name_ja-roma,Gaburias,Gaburiasu
446,base_friendship_gen8,70,50
447,base_friendship_gen8,70,50
447,name_ja-roma,Riolu,Rioru
448,base_friendship_gen8,70,50
448,name_ja-roma,Lucario,Rukario
449,base_friendship_gen8,70,50
449,name_ja-roma,Hippopotas,Hipopotasu
450,base_friendship_gen8,70,50
450,name_ja-roma,Kabaldon,Kabarudon
451,base_friendship_gen8,70,50
451,name_ja-roma,Scorupi,Sukorupi
452,base_friendship_gen8,70,50
453,name_ja-roma,Gureggru,Guregguru
454,base_friendship_gen8,70,50
454,name_ja-roma,Dokurog,Dokuroggu
455,base_friendship_gen8,70,50
455,name_ja-roma,Muskippa,Masukippa
456,base_friendship_gen8,70,50
456,name_ja-roma,Keikouo,Keiko'uo
457,base_friendship_gen8,70,50
457,name_ja-roma,Neolant,Neoranto
458,base_friendship_gen8,70,50
459,base_friendship_gen8,70,50
460,base_friendship_gen8,70,50
460,name_ja-roma,Yukinooh,Yukinoō
461,name_ja-roma,Manyula,Manyūra
462,base_friendship_gen8,70,50
462,base_experience,241,268
462,name_ja-roma,Jibacoil,Jibakoiru
463,base_friendship_gen8,70,50
463,name_ja-roma,Berobelt,Beroberuto
464,base_friendship_gen8,70,50
464,base_experience,241,268
464,name_ja-roma,Dosidon,Dosaidon
465,base_friendship_gen8,70,50
465,name_ja-roma,Mojumbo,Mojanbo
466,base_friendship_gen8,70,50
466,hatch_cycles,25,20
466,base_experience,243,270
466,name_ja-roma,Elekible,Erekiburu
467,base_friendship_gen8,70,50
467,base_experience,243,270
467,name_ja-roma,Booburn,Būbān
468,base_friendship_gen8,70,50
468,base_experience,245,273
468,name_ja-roma,Togekiss,Togekissu
469,base_friendship_gen8,70,50
469,name_fr,Yanmega,Yanméga
470,name_ja-roma,Leafia,Rīfia
471,name_ja-roma,Glacia,Gureishia
472,base_friendship_gen8,70,50
472,name_ja-roma,Glion,Guraion
473,base_friendship_gen8,70,50
473,base_experience,239,265
473,name_ja-roma,Mammoo,Manmū
474,base_friendship_gen8,70,50
474,base_experience,241,268
474,name_ja-roma,Porygon-Z,Porigon Zetto
475,base_experience,233,259
476,base_friendship_gen8,70,50
476,name_ja-roma,Dainose,Dainōzu
477,base_experience,236,263
477,name_ja-roma,Yonoir,Yonowāru
478,base_friendship_gen8,70,50
479,base_friendship_gen8,70,50
479,name_ja-roma,Rotom,Rotomu
480,base_experience,261,290
480,name_ja-roma,Yuxie,Yukushī
481,base_experience,261,290
481,name_ja-roma,Emrit,Emuritto
482,base_experience,261,290
482,name_ja-roma,Agnome,Agunomu
483,base_experience,306,340
483,name_ja-roma,Dialga,Diaruga
484,base_experience,306,340
484,name_ja-roma,Palkia,Parukia
485,base_experience,270,300
485,name_ja-roma,Heatran,Hīdoran
486,base_experience,302,335
486,name_ja-roma,Regigigas,Rejigigasu
487,base_experience,306,340
488,pct_male,0,???
488,base_experience,270,300
488,name_ja-roma,Cresselia,Kureseria
489,base_friendship_gen8,70,50
489,name_ja-roma,Phione,Fione
490,base_friendship_gen8,70,50
490,name_ja-roma,Manaphy,Manafi
491,name_ja-roma,Darkrai,Dākurai
492,name_ja-roma,Shaymin,Sheimi
493,name_ja-roma,Arceus,Aruseusu
494,base_experience,270,300
494,name_ja-roma,Victini,Bikutini
495,base_friendship_gen8,70,50
495,name_ja-roma,Tsutarja,Tsutāja
496,base_friendship_gen8,70,50
496,name_ja-roma,Janovy,Janobī
497,base_friendship_gen8,70,50
497,name_ja-roma,Jalorda,Jarōda
498,base_friendship_gen8,70,50
499,base_friendship_gen8,70,50
499,weight_kg,55.5,55
499,name_ja-roma,Chaoboo,Chaobū
499,name_ko,차오꿀,챠오꿀
500,base_friendship_gen8,70,50
500,name_ja-roma,Enbuoh,Enbuō
501,base_friendship_gen8,70,50
502,base_friendship_gen8,70,50
503,base_friendship_gen8,70,50
504,base_friendship_gen8,70,50
504,growth_rate,Medium Fast,Medium Slow
505,base_friendship_gen8,70,50
505,name_ja-roma,Miruhog,Miruhoggu
506,base_friendship_gen8,70,50
506,name_ja-roma,Yorterrie,Yōterī
507,base_friendship_gen8,70,50
507,name_ja-roma,Herderrie,Hāderia
508,base_friendship_gen8,70,50
508,base_experience,225,250
508,name_ja-roma,Mooland,Mūrando
509,base_friendship_gen8,70,50
510,base_friendship_gen8,70,50
510,name_ja-roma,Lepardas,Reparudasu
511,base_friendship_gen8,70,50
512,base_friendship_gen8,70,50
512,name_ja-roma,Yanakkie,Yanakkī
513,base_friendship_gen8,70,50
514,base_friendship_gen8,70,50
514,name_ja-roma,Baokkie,Baokkī
515,base_friendship_gen8,70,50
516,base_friendship_gen8,70,50
516,name_ja-roma,Hiyakkie,Hiyakkī
517,base_friendship_gen8,70,50
518,base_friendship_gen8,70,50
518,name_ja-roma,Musharna,Mushāna
519,base_friendship_gen8,70,50
520,base_friendship_gen8,70,50
520,name_ja-roma,Hatoboh,Hatōbō
521,base_friendship_gen8,70,50
521,base_experience,220,244
521,name_ja-roma,Kenhallow,Kenhorō
522,base_friendship_gen8,70,50
523,base_friendship_gen8,70,50
523,name_ja-roma,Zebraika,Zeburaika
524,base_friendship_gen8,70,50
525,base_friendship_gen8,70,50
525,name_ja-roma,Gantle,Gantoru
526,base_friendship_gen8,70,50
526,base_experience,232,258
526,name_ja-roma,Gigaiath,Gigaiasu
527,base_friendship_gen8,70,50
528,base_friendship_gen8,70,50
529,base_friendship_gen8,70,50
529,name_ja-roma,Mogurew,Moguryū
530,base_friendship_gen8,70,50
530,height_m,0.7,0.8
530,name_ja-roma,Doryuzu,Doryūzu
531,base_friendship_gen8,70,50
531,pct_male,50,20
532,name_ja-roma,Dokkorer,Dokkorā
533,base_friendship_gen8,70,50
534,base_friendship_gen8,70,50
534,base_experience,227,253
534,name_ja-roma,Roubushin,Rōbushin
535,base_friendship_gen8,70,50
536,base_friendship_gen8,70,50
537,base_friendship_gen8,70,50
537,base_experience,229,255
538,base_friendship_gen8,70,50
539,base_friendship_gen8,70,50
539,ability_1,sturdy,guts
540,base_friendship_gen8,70,50
541,base_friendship_gen8,70,50
542,base_friendship_gen8,70,50
543,base_friendship_gen8,70,50
544,base_friendship_gen8,70,50
544,name_ja-roma,Wheega,Hoīga
545,base_friendship_gen8,70,50
545,base_experience,218,243
545,name_ja-roma,Pendror,Pendorā
546,base_friendship_gen8,70,50
547,base_friendship_gen8,70,50
547,name_ja-roma,Elfuun,Erufūn
548,base_friendship_gen8,70,50
549,base_friendship_gen8,70,50
549,name_ja-roma,Dredear,Doredia
550,catch_rate,25,190
550,base_friendship_gen8,70,50
550,name_ja-roma,Bassrao,Basurao
551,base_friendship_gen8,70,50
551,name_ja-roma,Meguroco,Meguroko
552,base_friendship_gen8,70,50
552,name_ja-roma,Waruvile,Warubiru
553,base_friendship_gen8,70,50
553,base_experience,234,260
553,name_ja-roma,Waruvial,Warubiaru
554,base_friendship_gen8,70,50
555,base_friendship_gen8,70,50
556,base_friendship_gen8,70,50
556,name_ja-roma,Maracacchi,Marakatchi
557,base_friendship_gen8,70,50
558,base_friendship_gen8,70,50
558,name_ja-roma,Iwapalace,Iwaparesu
560,base_friendship_gen8,70,50
561,base_friendship_gen8,70,50
561,name_ja-roma,Symboler,Shinborā
562,base_friendship_gen8,70,50
563,base_friendship_gen8,70,50
563,name_ja-roma,Desukarn,Desukān
564,base_friendship_gen8,70,50
564,name_ja-roma,Protoga,Purotōga
565,base_friendship_gen8,70,50
565,weight_kg,81,82
565,name_ja-roma,Abagoura,Abagōra
566,base_friendship_gen8,70,50
566,name_ja-roma,Archen,Āken
567,base_friendship_gen8,70,50
567,name_ja-roma,Archeos,Ākeosu
568,base_friendship_gen8,70,50
569,base_friendship_gen8,70,50
569,name_ja-roma,Dustdas,Dasutodasu
570,base_friendship_gen8,70,50
570,name_ja-roma,Zorua,Zoroa
571,base_friendship_gen8,70,50
571,name_ja-roma,Zoroark,Zoroāku
572,base_friendship_gen8,70,50
572,name_ja-roma,Chillarmy,Chirāmī
573,base_friendship_gen8,70,50
573,name_ja-roma,Chillaccino,Chirachīno
574,base_friendship_gen8,70,50
574,name_ja-roma,Gothimu,Gochimu
575,base_friendship_gen8,70,50
575,name_ja-roma,Gothimiru,Gochimiru
576,base_friendship_gen8,70,50
576,base_experience,221,245
576,name_ja-roma,Gothiruselle,Gochiruzeru
577,base_friendship_gen8,70,50
577,name_ja-roma,Uniran,Yuniran
578,base_friendship_gen8,70,50
578,name_ja-roma,Doublan,Daburan
579,base_friendship_gen8,70,50
579,base_experience,221,245
579,name_ja-roma,Lanculus,Rankurusu
580,base_friendship_gen8,70,50
580,name_ja-roma,Koaruhie,Koaruhī
581,base_friendship_gen8,70,50
581,name_ja-roma,Swanna,Suwanna
582,base_friendship_gen8,70,50
582,name_ja-roma,Vanipeti,Baniputchi
583,base_friendship_gen8,70,50
583,name_ja-roma,Vanirich,Baniritchi
584,base_friendship_gen8,70,50
584,base_experience,241,268
584,name_ja-roma,Baivanilla,Baibanira
585,base_friendship_gen8,70,50
586,base_friendship_gen8,70,50
587,base_friendship_gen8,70,50
587,name_ja-roma,Emolga,Emonga
588,base_friendship_gen8,70,50
589,base_friendship_gen8,70,50
589,name_ja-roma,Chevargo,Shubarugo
590,base_friendship_gen8,70,50
591,base_friendship_gen8,70,50
592,base_friendship_gen8,70,50
592,name_ja-roma,Pururill,Pururiru
593,base_friendship_gen8,70,50
593,name_ja-roma,Burungel,Burungeru
594,base_friendship_gen8,70,50
594,name_ja-roma,Mamanbou,Mamanbō
595,base_friendship_gen8,70,50
596,base_friendship_gen8,70,50
596,name_ja-roma,Dentula,Denchura
597,base_friendship_gen8,70,50
597,name_ja-roma,Tesseed,Tesshīdo
598,base_friendship_gen8,70,50
598,name_ja-roma,Nutrey,Nattorei
599,base_friendship_gen8,70,50
600,base_friendship_gen8,70,50
601,base_friendship_gen8,70,50
601,base_experience,234,260
602,base_friendship_gen8,70,50
603,base_friendship_gen8,70,50
603,name_ja-roma,Shibibeel,Shibibīru
604,base_friendship_gen8,70,50
605,base_friendship_gen8,70,50
605,name_ja-roma,Ligray,Rigurē
606,base_friendship_gen8,70,50
606,name_ja-roma,Ohbem,Ōbemu
607,base_friendship_gen8,70,50
608,base_friendship_gen8,70,50
608,name_ja-roma,Lampler,Ranpurā
609,base_friendship_gen8,70,50
609,base_experience,234,260
609,name_ja-roma,Chandela,Shandera
612,base_experience,243,270
612,name_ja-roma,Ononokus,Ononokusu
613,base_friendship_gen8,70,50
613,name_ja-roma,Kumasyun,Kumashun
614,base_friendship_gen8,70,50
614,name_ja-roma,Tunbear,Tsunbeā
615,base_friendship_gen8,70,50
615,name_ja-roma,Freegeo,Furījio
616,base_friendship_gen8,70,50
617,base_friendship_gen8,70,50
617,name_ja-roma,Agilder,Agirudā
619,base_friendship_gen8,70,50
619,name_ja-roma,Kojofu,Kojofū
620,base_friendship_gen8,70,50
621,base_friendship_gen8,70,50
621,name_ja-roma,Crimgan,Kurimugan
622,base_friendship_gen8,70,50
622,ev_hp,0,1
622,ev_atk,1,0
622,name_ja-roma,Gobit,Gobitto
623,base_friendship_gen8,70,50
623,name_ja-roma,Goloog,Gorūgu
626,base_friendship_gen8,70,50
626,name_ja-roma,Buffron,Baffuron
627,base_friendship_gen8,70,50
628,base_friendship_gen8,70,50
628,name_ja-roma,Warrgle,Wōguru
629,name_ja-roma,Valchai,Baruchai
630,name_ja-roma,Vulgina,Barujīna
631,base_friendship_gen8,70,50
632,base_friendship_gen8,70,50
632,name_ja-roma,Aiant,Aianto
634,name_ja-roma,Dihead,Jiheddo
635,base_experience,270,300
636,base_friendship_gen8,70,50
636,ability_2,,swarm
636,ability_hidden,swarm,
636,name_ja-roma,Merlarva,Meraruba
637,base_friendship_gen8,70,50
637,ability_2,,swarm
637,ability_hidden,swarm,
637,base_experience,248,275
637,name_ja-roma,Ulgamoth,Urugamosu
638,base_experience,261,290
638,name_ja-roma,Cobalon,Kobaruon
639,base_experience,261,290
639,name_ja-roma,Terrakion,Terakion
640,base_experience,261,290
640,name_ja-roma,Virizion,Birijion
641,base_experience,261,290
641,name_ja-roma,Tornelos,Torunerosu
642,base_experience,261,290
642,name_ja-roma,Voltolos,Borutorosu
643,base_experience,306,340
643,name_ja-roma,Reshiram,Reshiramu
644,base_experience,306,340
644,name_ja-roma,Zekrom,Zekuromu
645,base_experience,270,300
645,name_ja-roma,Landlos,Randorosu
646,base_experience,297,330
646,name_ja-roma,Kyurem,Kyuremu
647,base_experience,261,290
647,name_ja-roma,Keldeo,Kerudio
648,name_ja-roma,Meloetta,Meroetta
649,base_experience,270,300
649,name_ja-roma,Genesect,Genosekuto
650,base_friendship_gen8,70,50
651,base_friendship_gen8,70,50
651,name_ja-roma,Hariborg,Haribōgu
652,base_friendship_gen8,70,50
652,name_ja-roma,Brigarron,Burigaron
653,base_friendship_gen8,70,50
654,base_friendship_gen8,70,50
654,name_ja-roma,Tairenar,Tērunā
655,base_friendship_gen8,70,50
655,name_ja-roma,Mahoxy,Mafokushī
656,base_friendship_gen8,70,50
657,base_friendship_gen8,70,50
658,base_friendship_gen8,70,50
658,name_ja-roma,Gekkouga,Gekkōga
659,base_friendship_gen8,70,50
659,name_ja-roma,Horubee,Horubī
660,base_friendship_gen8,70,50
660,name_ja-roma,Horudo,Horūdo
661,base_friendship_gen8,70,50
662,base_friendship_gen8,70,50
663,base_friendship_gen8,70,50
663,name_ja-roma,Fiarrow,Faiarō
664,base_friendship_gen8,70,50
665,base_friendship_gen8,70,50
665,name_ja-roma,Kofuurai,Kofūrai
666,base_friendship_gen8,70,50
666,pct_male,50,12.5
666,color,white,pink
666,ev_spa,1,0
666,name_ja-roma,Viviyon,Bibiyon
667,base_friendship_gen8,70,50
668,base_friendship_gen8,70,50
669,base_friendship_gen8,70,50
669,name_ja-roma,Flabebe,Furabebe
670,base_friendship_gen8,70,50
670,name_ja-roma,Floette,Furaette
671,base_friendship_gen8,70,50
671,name_ja-roma,Florges,Furājesu
672,base_friendship_gen8,70,50
672,name_ja-roma,Meecle,Mēkuru
673,base_friendship_gen8,70,50
673,name_ja-roma,Gogoat,Gōgōto
674,base_friendship_gen8,70,50
674,name_ja-roma,Yancham,Yanchamu
675,base_friendship_gen8,70,50
676,base_friendship_gen8,70,50
676,name_ja-roma,Trimmien,Torimian
677,base_friendship_gen8,70,50
677,name_ja-roma,Nyasper,Nyasupā
678,base_friendship_gen8,70,50
678,color,blue,white
678,name_ja-roma,Nyaonix,Nyaonikusu
679,base_friendship_gen8,70,50
680,base_friendship_gen8,70,50
680,name_ja-roma,Nidangill,Nidangiru
681,base_friendship_gen8,70,50
681,base_experience,234,250
681,name_ja-roma,Gillgard,Girugarudo
682,base_friendship_gen8,70,50
683,base_friendship_gen8,70,50
683,name_ja-roma,Frefuwan,Furefuwan
684,base_friendship_gen8,70,50
685,base_friendship_gen8,70,50
685,name_ja-roma,Peroream,Perorīmu
686,base_friendship_gen8,70,50
686,name_ja-roma,Maaiika,Māīka
687,base_friendship_gen8,70,50
687,name_ja-roma,Calamanero,Karamanero
688,base_friendship_gen8,70,50
688,ability_1,tough-claws,sniper
688,ability_2,sniper,tough-claws
689,base_friendship_gen8,70,50
689,ability_1,tough-claws,sniper
689,ability_2,sniper,tough-claws
689,name_ja-roma,Gamenodes,Gamenodesu
690,base_friendship_gen8,70,50
690,name_ja-roma,Kuzumo,Kuzumō
691,base_friendship_gen8,70,50
691,name_ja-roma,Dramidoro,Doramidoro
692,base_friendship_gen8,70,50
692,name_ja-roma,Udeppou,Udeppō
693,base_friendship_gen8,70,50
693,name_ja-roma,Bloster,Burosutā
694,base_friendship_gen8,70,50
695,base_friendship_gen8,70,50
695,name_ja-roma,Elezard,Erezādo
696,base_friendship_gen8,70,50
696,name_ja-roma,Chigoras,Chigorasu
697,base_friendship_gen8,70,50
697,name_ja-roma,Gachigoras,Gachigorasu
698,base_friendship_gen8,70,50
698,name_ja-roma,Amarus,Amarusu
699,base_friendship_gen8,70,50
700,base_friendship_gen8,70,50
700,name_ja-roma,Nymphia,Ninfia
701,base_friendship_gen8,70,50
701,name_ja-roma,Luchabull,Ruchaburu
702,base_friendship_gen8,70,50
703,base_friendship_gen8,70,50
703,name_ja-roma,Melecie,Mereshī
705,name_ja-roma,Numeil,Numeiru
706,genus,Dragon Pokémon,Shell Bunker Pokémon
706,type_1,dragon,steel
706,type_2,,dragon
706,ability_2,hydration,shell-armor
706,height_m,2,1.8
706,weight_kg,150.5,334.1
706,base_experience,270,300
706,stat_hp,90,80
706,stat_def,70,100
706,stat_spe,80,60
706,name_ja-roma,Numelgon,Numerugon
707,base_friendship_gen8,70,50
707,name_ja-roma,Cleffy,Kureffi
708,base_friendship_gen8,70,50
708,name_ja-roma,Bokurei,Bokurē
709,base_friendship_gen8,70,50
709,name_ja-roma,Ohrot,Ōrotto
710,base_friendship_gen8,70,50
710,name_ja-roma,Bakeccha,Baketcha
711,base_friendship_gen8,70,50
711,name_ja-roma,Pumpjin,Panpujin
712,base_friendship_gen8,70,50
712,name_ja-roma,Kachikohru,Kachikōru
713,base_friendship_gen8,70,50
713,name_ja-roma,Crebase,Kurebēsu
714,base_friendship_gen8,70,50
714,name_ja-roma,Onbat,Onbatto
715,base_friendship_gen8,70,50
715,name_ja-roma,Onvern,Onbān
716,base_experience,306,340
716,name_ja-roma,Xerneas,Zeruneasu
717,base_experience,306,340
717,name_ja-roma,Yveltal,Iberutaru
718,ability_2,,power-construct
718,base_experience,270,300
718,name_ja-roma,Zygarde,Jigarude
719,base_friendship_gen8,70,50
719,base_experience,270,300
719,name_ja-roma,Diancie,Dianshī
720,name_ja-roma,Hoopa,Fūpa
721,base_experience,270,300
721,name_ja-roma,Volcanion,Borukenion
722,base_friendship_gen8,70,50
722,name_ja-roma,Mokuroh,Mokurō
723,base_friendship_gen8,70,50
723,name_ja-roma,Fukuthrow,Fukusurō
724,base_friendship_gen8,70,50
724,base_experience,239,265
724,name_ja-roma,Junaiper,Junaipā
725,base_friendship_gen8,70,50
725,name_ja-roma,Nyabby,Nyabī
726,base_friendship_gen8,70,50
726,name_ja-roma,Nyaheat,Nyahīto
727,base_friendship_gen8,70,50
727,base_experience,239,265
728,base_friendship_gen8,70,50
729,base_friendship_gen8,70,50
729,name_ja-roma,Osyamari,Oshamari
730,base_friendship_gen8,70,50
730,base_experience,239,265
730,name_ja-roma,Ashirene,Ashirēnu
731,base_friendship_gen8,70,50
732,base_friendship_gen8,70,50
733,base_friendship_gen8,70,50
734,base_friendship_gen8,70,50
734,ability_1,stakeout,strong-jaw
734,ability_2,strong-jaw,stakeout
734,egg_groups,field,flying
734,name_ja-roma,Youngoose,Yangūsu
735,base_friendship_gen8,70,50
735,ability_1,stakeout,strong-jaw
735,ability_2,strong-jaw,stakeout
735,name_ja-roma,Dekagoose,Dekagūsu
736,base_friendship_gen8,70,50
737,base_friendship_gen8,70,50
737,name_ja-roma,Dendimushi,Denjimushi
738,base_friendship_gen8,70,50
738,base_experience,225,250
738,name_ja-roma,Kuwagannon,Kuwaganon
739,base_friendship_gen8,70,50
740,base_friendship_gen8,70,50
741,base_friendship_gen8,70,50
742,base_friendship_gen8,70,50
742,name_ja-roma,Abuly,Aburī
743,base_friendship_gen8,70,50
743,name_ja-roma,Aburibbon,Aburibon
744,base_friendship_gen8,70,50
745,base_friendship_gen8,70,50
745,name_ja-roma,Lugarugan,Rugarugan
746,base_friendship_gen8,70,50
747,base_friendship_gen8,70,50
748,base_friendship_gen8,70,50
749,base_friendship_gen8,70,50
750,base_friendship_gen8,70,50
751,base_friendship_gen8,70,50
752,base_friendship_gen8,70,50
753,base_friendship_gen8,70,50
754,base_friendship_gen8,70,50
754,name_ja-roma,Lalantes,Rarantesu
755,base_friendship_gen8,70,50
755,name_ja-roma,Nemasyu,Nemashu
756,base_friendship_gen8,70,50
756,name_ja-roma,Mashade,Mashēdo
757,base_friendship_gen8,70,50
757,name_ja-roma,Yatoumori,Yatōmori
758,base_friendship_gen8,70,50
758,name_ja-roma,Ennewt,Ennyūto
759,base_friendship_gen8,70,50
760,base_friendship_gen8,70,50
761,base_friendship_gen8,70,50
762,base_friendship_gen8,70,50
763,base_friendship_gen8,70,50
763,base_experience,230,255
763,name_ja-roma,Amajo,Amājo
764,base_friendship_gen8,70,50
764,name_ja-roma,Cuwawa,Kyuwawā
765,base_friendship_gen8,70,50
765,name_ja-roma,Yareyuutan,Yareyūtan
766,base_friendship_gen8,70,50
766,name_ja-roma,Nagetukesaru,Nagetsukesaru
767,base_friendship_gen8,70,50
768,base_friendship_gen8,70,50
769,base_friendship_gen8,70,50
769,name_ja-roma,Sunaba,Sunabā
770,base_friendship_gen8,70,50
770,name_ja-roma,Sirodethna,Shirodesuna
771,base_friendship_gen8,70,50
772,name_ja-roma,Type:Null,Taipu:Nuru
773,base_experience,257,285
773,name_ja-roma,Silvady,Shiruvadi
774,base_friendship_gen8,70,50
774,color,brown,red
775,base_friendship_gen8,70,50
776,base_friendship_gen8,70,50
776,name_ja-roma,Bakugames,Bakugamesu
777,base_friendship_gen8,70,50
778,base_friendship_gen8,70,50
779,base_friendship_gen8,70,50
780,base_friendship_gen8,70,50
780,name_ja-roma,Jijilong,Jijīron
781,base_friendship_gen8,70,50
782,base_friendship_gen8,70,50
782,name_ja-roma,Jyarako,Jarako
783,base_friendship_gen8,70,50
783,name_ja-roma,Jyarango,Jarango
784,base_friendship_gen8,70,50
784,base_experience,270,300
784,name_ja-roma,Jyararanga,Jararanga
785,base_friendship_gen8,70,50
785,base_experience,257,285
785,name_ja-roma,Kapu-Kokeko,Kapu Kokeko
786,base_friendship_gen8,70,50
786,base_experience,257,285
786,name_ja-roma,Kapu-Tetefu,Kapu Tetefu
787,base_friendship_gen8,70,50
787,base_experience,257,285
787,name_ja-roma,Kapu-Bulul,Kapu Bururu
788,base_friendship_gen8,70,50
788,base_experience,257,285
788,name_ja-roma,Kapu-Rehire,Kapu Rehire
789,name_ja-roma,Cosmog,Kosumoggu
790,name_ja-roma,Cosmovum,Kosumoumu
791,base_experience,306,340
791,name_ja-roma,Solgaleo,Sorugareo
792,base_experience,306,340
792,name_ja-roma,Lunala,Runaāra
793,base_experience,257,285
793,name_ja-roma,Uturoid,Utsuroido
794,base_experience,257,285
794,name_ja-roma,Massivoon,Masshibūn
795,base_experience,257,285
795,name_ja-roma,Pheroache,Ferōche
796,base_experience,257,285
796,name_ja-roma,Denjyumoku,Denjumoku
797,base_experience,257,285
798,base_experience,257,285
798,name_ja-roma,Kamiturugi,Kamitsurugi
799,base_experience,257,285
799,name_ja-roma,Akuziking,Akujikingu
800,base_experience,270,300
800,name_ja-roma,Necrozma,Nekurozuma
801,base_experience,270,300
801,name_ja-roma,Magearna,Magiana
802,base_experience,270,300
802,name_ja-roma,Marshadow,Māshadō
803,base_experience,189,210
803,name_ja-roma,Bevenom,Bebenomu
804,base_experience,243,270
804,name_ja-roma,Agoyon,Āgoyon
805,base_experience,257,285
805,name_ja-roma,Tundetunde,Tsundetsunde
806,base_experience,257,285
806,name_ja-roma,Zugadoon,Zugadōn
807,base_experience,270,300
808,base_experience,135,150
808,name_ja-roma,Meltan,Merutan
809,base_experience,270,300
809,name_ja-roma,Melmetal,Merumetaru
810,base_friendship_gen3_7,50,
811,base_friendship_gen3_7,50,
811,name_ja-roma,Bachinkey,Bachinkī
812,base_friendship_gen3_7,50,
812,name_ja-roma,Gorirander,Gorirandā
813,base_friendship_gen3_7,50,
813,name_ja-roma,Hibanny,Hibanī
814,base_friendship_gen3_7,50,
814,name_ja-roma,Rabbifuto,Rabifutto
815,base_friendship_gen3_7,50,
815,name_ja-roma,Aceburn,Ēsubān
816,base_friendship_gen3_7,50,
817,base_friendship_gen3_7,50,
818,base_friendship_gen3_7,50,
819,base_friendship_gen3_7,50,
820,base_friendship_gen3_7,50,
821,base_friendship_gen3_7,50,
822,base_friendship_gen3_7,50,
823,base_friendship_gen3_7,50,
823,name_ja-roma,Armorga,Āmāgā
824,base_friendship_gen3_7,50,
824,name_ja-roma,Sacchimushi,Satchimushi
825,base_friendship_gen3_7,50,
825,name_ja-roma,Redomushi,Redōmushi
826,base_friendship_gen3_7,50,
826,name_ja-roma,Eolb,Iorubu
827,base_friendship_gen3_7,50,
828,base_friendship_gen3_7,50,
828,name_ja-roma,Foxly,Fokusurai
829,base_friendship_gen3_7,50,
830,base_friendship_gen3_7,50,
831,base_friendship_gen3_7,50,
831,name_ja-roma,Wooluu,Ūrū
832,base_friendship_gen3_7,50,
832,name_ja-roma,Baiwooluu,Baiūrū
833,base_friendship_gen3_7,50,
834,base_friendship_gen3_7,50,
835,base_friendship_gen3_7,50,
836,base_friendship_gen3_7,50,
836,name_ja-roma,Pulsewan,Parusuwan
837,base_friendship_gen3_7,50,
838,base_friendship_gen3_7,50,
839,base_friendship_gen3_7,50,
840,base_friendship_gen3_7,50,
840,name_ja-roma,Kajicchu,Kajitchu
841,base_friendship_gen3_7,50,
841,name_ja-roma,Appryu,Appuryū
842,base_friendship_gen3_7,50,
842,name_ja-roma,Tarupple,Taruppuru
843,base_friendship_gen3_7,50,
844,base_friendship_gen3_7,50,
845,base_friendship_gen3_7,50,
845,name_ja-roma,Uu,U'u
846,base_friendship_gen3_7,50,
846,name_ja-roma,Sasikamasu,Sashikamasu
847,base_friendship_gen3_7,50,
847,name_ja-roma,Kamasujaw,Kamasujō
848,base_friendship_gen3_7,50,
848,name_ja-roma,Eleson,Erezun
849,base_friendship_gen3_7,50,
849,name_ja-roma,Strinder,Sutorindā
850,base_friendship_gen3_7,50,
851,base_friendship_gen3_7,50,
852,base_friendship_gen3_7,50,
853,base_friendship_gen3_7,50,
853,name_ja-roma,Otosupus,Otosupasu
854,base_friendship_gen3_7,50,
855,base_friendship_gen3_7,50,
855,name_ja-roma,Potdeath,Pottodesu
856,base_friendship_gen3_7,50,
856,name_ja-roma,Mibrim,Miburimu
857,base_friendship_gen3_7,50,
857,name_ja-roma,Tebrim,Teburimu
858,base_friendship_gen3_7,50,
858,name_ja-roma,Brimuon,Burimuon
859,base_friendship_gen3_7,50,
859,name_ja-roma,Beroba,Berobā
860,base_friendship_gen3_7,50,
860,name_ja-roma,Gimoh,Gimō
861,base_friendship_gen3_7,50,
861,name_ja-roma,Ohlonge,Ōronge
862,base_friendship_gen3_7,50,
863,base_friendship_gen3_7,50,
863,name_ja-roma,Nyaiking,Nyaikingu
864,base_friendship_gen3_7,50,
864,name_ja-roma,Sunigoon,Sanigōn
865,base_friendship_gen3_7,50,
865,name_en,Sirfetch’d,Sirfetch'd
865,name_ja-roma,Negigaknight,Negiganaito
865,name_es,Sirfetch’d,Sirfetch'd
865,name_it,Sirfetch’d,Sirfetch'd
866,base_friendship_gen3_7,50,
866,name_ja-roma,Barrikohru,Barikōru
867,base_friendship_gen3_7,50,
867,name_ja-roma,Deathbarn,Desubān
868,base_friendship_gen3_7,50,
868,name_ja-roma,Mahomil,Mahomiru
869,base_friendship_gen3_7,50,
869,name_ja-roma,Mawhip,Mahoippu
870,base_friendship_gen3_7,50,
870,name_ja-roma,Tairetsu,Tairētsu
871,base_friendship_gen3_7,50,
871,name_ja-roma,Bachinuni,Bachin'uni
872,base_friendship_gen3_7,50,
873,base_friendship_gen3_7,50,
873,name_ja-roma,Mothnow,Mosunō
874,base_friendship_gen3_7,50,
874,name_ja-roma,Ishihengin,Ishihenjin
875,base_friendship_gen3_7,50,
875,name_ja-roma,Korippo,Kōrippo
876,base_friendship_gen3_7,140,
876,name_ja-roma,Yessan,Iessan
877,base_friendship_gen3_7,50,
877,name_ja-roma,Morpeko,Morupeko
878,base_friendship_gen3_7,50,
878,name_ja-roma,Zoudou,Zōdō
879,base_friendship_gen3_7,50,
879,name_ja-roma,Daioudou,Daiōdō
880,base_friendship_gen3_7,50,
881,base_friendship_gen3_7,50,
881,name_ja-roma,Patchilldon,Patchirudon
882,base_friendship_gen3_7,50,
883,base_friendship_gen3_7,50,
883,name_ja-roma,Uochilldon,Uochirudon
884,base_friendship_gen3_7,50,
884,name_ja-roma,Duraludon,Jurarudon
885,base_friendship_gen3_7,50,
886,base_friendship_gen3_7,50,
886,name_ja-roma,Doronch,Doronchi
887,base_friendship_gen3_7,50,
887,name_ja-roma,Dorapult,Doraparuto
888,base_friendship_gen3_7,0,
888,name_ja-roma,Zacian,Zashian
889,base_friendship_gen3_7,0,
889,base_experience,335,360
890,base_friendship_gen3_7,0,
890,name_ja-roma,Mugendina,Mugendaina
891,base_friendship_gen3_7,50,
892,base_friendship_gen3_7,50,
892,name_ja-roma,Wulaosu,Ūraosu
893,base_friendship_gen3_7,0,
893,name_ja-roma,Zarude,Zarūdo
894,base_friendship_gen3_7,35,
894,name_ja-roma,Regieleki,Rejiereki
895,base_friendship_gen3_7,35,
895,name_ja-roma,Regidorago,Rejidorago
896,base_friendship_gen3_7,35,
896,name_ja-roma,Blizzapos,Burizaposu
897,base_friendship_gen3_7,35,
897,name_ja-roma,Wraithpos,Reisuposu
898,base_friendship_gen3_7,100,
898,name_ja-roma,Budrex,Badorekkusu
899,catch_rate,135,45
899,base_friendship_gen3_7,50,
899,color,gray,white
900,catch_rate,115,15
900,base_friendship_gen3_7,50,
900,stat_atk,135,130
900,ev_atk,3,2
900,stat_spd,70,75
901,catch_rate,75,20
901,base_friendship_gen3_7,50,
902,catch_rate,135,45
902,base_friendship_gen3_7,50,
902,ev_hp,3,2
902,name_ja-roma,Idaitou,Idaitō
903,catch_rate,135,20
903,base_friendship_gen3_7,50,
903,color,gray,purple
903,ev_atk,2,1
903,ev_spe,0,1
903,name_ja-roma,Ohnyula,Ōnyūra
904,catch_rate,135,45
904,base_friendship_gen3_7,50,
904,color,black,gray
904,name_ja-roma,Haryman,Harīman
905,base_friendship_gen3_7,50,
905,pct_male,0,???
905,name_ja-roma,Lovetolos,Rabutorosu
906,base_friendship_gen3_7,50,
906,name_ja-roma,Nyahoja,Nyaoha
907,base_friendship_gen3_7,50,
907,name_ja-roma,Nyarote,Nyarōte
908,base_friendship_gen3_7,50,
908,name_ja-roma,Masquernya,Masukānya
909,base_friendship_gen3_7,50,
909,name_ja-roma,Hogator,Hogēta
910,base_friendship_gen3_7,50,
910,name_ja-roma,Achigator,Achigēta
911,base_friendship_gen3_7,50,
911,name_ja-roma,Laudbon,Raudobōn
912,base_friendship_gen3_7,50,
912,color,white,blue
913,base_friendship_gen3_7,50,
913,name_ja-roma,Welkamo,Werukamo
914,base_friendship_gen3_7,50,
914,name_ja-roma,Wanival,Wēnibaru
915,base_friendship_gen3_7,50,
915,name_ja-roma,Gourton,Guruton
916,base_friendship_gen3_7,50,
916,pct_male,100,50
916,name_ja-roma,Perfuton,Pafyūton
917,base_friendship_gen3_7,50,
917,name_ja-roma,Tamantula,Tamanchura
918,base_friendship_gen3_7,50,
918,name_ja-roma,Wanaider,Wanaidā
919,base_friendship_gen3_7,20,
919,hatch_cycles,20,15
920,base_friendship_gen3_7,0,
920,name_ja-roma,Exleg,Ekusureggu
921,base_friendship_gen3_7,50,
922,base_friendship_gen3_7,50,
922,name_ja-roma,Pamot,Pamotto
923,base_friendship_gen3_7,50,
923,name_ja-roma,Parmot,Pāmotto
924,base_friendship_gen3_7,50,
925,base_friendship_gen3_7,50,
925,weight_kg,2.8,2.3
926,base_friendship_gen3_7,50,
926,name_ja-roma,Pupimocchi,Papimotchi
927,base_friendship_gen3_7,50,
927,name_ja-roma,Bowtzel,Bauttseru
928,base_friendship_gen3_7,50,
928,name_ja-roma,Minive,Minību
929,base_friendship_gen3_7,50,
929,name_ja-roma,Olinyo,Orīnyo
930,base_friendship_gen3_7,50,
930,name_ja-roma,Oliva,Orīva
931,base_friendship_gen3_7,50,
932,base_friendship_gen3_7,50,
933,base_friendship_gen3_7,50,
933,name_ja-roma,Jiodumu,Jiodzumu
934,base_friendship_gen3_7,50,
934,name_ja-roma,Kyojiohn,Kyojiōn
935,base_friendship_gen3_7,50,
935,hatch_cycles,35,90
935,name_ja-roma,Carbou,Karubō
936,base_friendship_gen3_7,20,
936,name_ja-roma,Gurenarma,Guren'aruma
937,base_friendship_gen3_7,20,
937,color,blue,purple
937,name_ja-roma,Soublades,Soubureizu
938,base_friendship_gen3_7,50,
939,base_friendship_gen3_7,50,
939,name_ja-roma,Harabarie,Harabarī
940,base_friendship_gen3_7,50,
941,base_friendship_gen3_7,50,
942,base_friendship_gen3_7,50,
943,base_friendship_gen3_7,50,
943,name_ja-roma,Mafitiff,Mafitifu
944,base_friendship_gen3_7,50,
944,name_ja-roma,Shirushrew,Shirushurū
945,base_friendship_gen3_7,50,
945,name_ja-roma,Taggingru,Taginguru
946,base_friendship_gen3_7,50,
947,base_friendship_gen3_7,50,
948,base_friendship_gen3_7,50,
949,base_friendship_gen3_7,50,
950,base_friendship_gen3_7,50,
951,base_friendship_gen3_7,50,
951,name_ja-roma,Capsaiji,Kapusaiji
952,base_friendship_gen3_7,50,
952,name_ja-roma,Scovillain,Sukoviran
953,base_friendship_gen3_7,50,
954,base_friendship_gen3_7,50,
954,name_ja-roma,Beracas,Berakasu
955,base_friendship_gen3_7,50,
956,base_friendship_gen3_7,50,
956,name_ja-roma,Cuespatra,Kuesupatora
956,name_zh-hant,超能艷鴕,超能豔鴕
957,base_friendship_gen3_7,50,
958,base_friendship_gen3_7,50,
959,base_friendship_gen3_7,50,
960,base_friendship_gen3_7,50,
960,name_ja-roma,Umidigda,Umidiguda
961,base_friendship_gen3_7,50,
961,name_ja-roma,Umitrio,Umitorio
962,base_friendship_gen3_7,50,
962,egg_groups,flying,water-3
963,base_friendship_gen3_7,50,
964,base_friendship_gen3_7,50,
965,base_friendship_gen3_7,50,
966,base_friendship_gen3_7,50,
966,name_ja-roma,Burororoom,Burororōmu
967,base_friendship_gen3_7,50,
968,base_friendship_gen3_7,50,
969,base_friendship_gen3_7,50,
969,name_ja-roma,Kirame,Kirāme
970,base_friendship_gen3_7,50,
970,name_ja-roma,Kiraflor,Kirafuroru
971,base_friendship_gen3_7,50,
972,base_friendship_gen3_7,50,
972,name_ja-roma,Hakadog,Hakadoggu
973,base_friendship_gen3_7,50,
973,name_zh-hans,纏红鹤,缠红鹤
974,base_friendship_gen3_7,50,
975,base_friendship_gen3_7,50,
975,name_ja-roma,Hulkujira,Harukujira
976,base_friendship_gen3_7,50,
976,name_ja-roma,Migalusa,Migarūsa
977,base_friendship_gen3_7,50,
977,name_ja-roma,Heyrusher,Heirassha
978,base_friendship_gen3_7,50,
978,color,pink,red
978,name_ja-roma,Syaritatsu,Sharitatsu
979,base_friendship_gen3_7,50,
980,base_friendship_gen3_7,50,
980,name_ja-roma,Dooh,Do'ō
981,base_friendship_gen3_7,50,
982,base_friendship_gen3_7,50,
982,name_ja-roma,Nokokocchi,Nokokotchi
983,base_friendship_gen3_7,50,
983,name_zh-hant,仆刀將軍,仆斬將軍
984,base_friendship_gen3_7,0,
985,base_friendship_gen3_7,0,
986,base_friendship_gen3_7,0,
987,base_friendship_gen3_7,0,
988,base_friendship_gen3_7,0,
988,color,red,white
988,name_ja-roma,Chiwohauhane,Chiohauhane
989,base_friendship_gen3_7,0,
990,base_friendship_gen3_7,0,
990,name_zh-hans,铁轍迹,铁辙迹
991,base_friendship_gen3_7,0,
992,base_friendship_gen3_7,0,
993,base_friendship_gen3_7,0,
993,name_ja-roma,Tetsunokoube,Tetsunokōbe
994,base_friendship_gen3_7,0,
994,color,yellow,white
995,base_friendship_gen3_7,0,
996,base_friendship_gen3_7,50,
997,base_friendship_gen3_7,50,
997,color,gray,blue
997,name_ja-roma,Segohru,Segōru
998,base_friendship_gen3_7,50,
998,color,gray,blue
998,name_ja-roma,Seglaive,Segureibu
999,base_friendship_gen3_7,50,
999,color,brown,red
999,name_ja-roma,Collecurei,Korekurē
1000,base_friendship_gen3_7,50,
1000,name_ja-roma,Surfugo,Sāfugō
1001,base_friendship_gen3_7,0,
1002,base_friendship_gen3_7,0,
1003,base_friendship_gen3_7,0,
1003,name_ja-roma,Dinlu,Dinrū
1004,base_friendship_gen3_7,0,
1004,name_ja-roma,Yiyui,Īyui
1005,base_friendship_gen3_7,0,
1005,color,green,blue
1006,base_friendship_gen3_7,0,
1007,base_friendship_gen3_7,0,
1007,height_m,2.5,3.5
1008,base_friendship_gen3_7,0,
1008,color,blue,purple
1009,base_friendship_gen3_7,0,
1010,base_friendship_gen3_7,0,
1011,base_friendship_gen3_7,50,
1011,growth_rate,Slow,Erratic
1011,weight_kg,9.7,4.4
1011,name_ja-roma,Kamicchu,Kamitchu
1012,base_friendship_gen3_7,50,
1012,hatch_cycles,50,20
1012,growth_rate,Slow,Medium Fast
1012,name_ja-roma,Chadeath,Chadesu
1013,base_friendship_gen3_7,50,
1013,hatch_cycles,50,20
1013,growth_rate,Slow,Medium Fast
1013,name_zh-hant,來悲粗茶,来悲粗茶
1013,name_zh-hans,来悲粗茶,來悲粗茶
1014,base_friendship_gen3_7,0,
1014,hatch_cycles,50,120
1015,base_friendship_gen3_7,0,
1015,hatch_cycles,50,120
1016,base_friendship_gen3_7,0,
1016,hatch_cycles,50,120
1017,catch_rate,5,3
1017,base_friendship_gen3_7,50,
1017,hatch_cycles,50,10
1017,name_ja-roma,Ogerpon,Ōgapon
1018,base_friendship_gen3_7,50,
1018,hatch_cycles,30,20
1018,weight_kg,60,50
1018,name_ja-roma,Briduras,Burijurasu
1019,base_friendship_gen3_7,50,
1019,hatch_cycles,20,50
1020,base_friendship_gen3_7,0,
1021,base_friendship_gen3_7,0,
1022,base_friendship_gen3_7,0,
1022,growth_rate,Slow,Medium Slow
1023,base_friendship_gen3_7,0,
1024,base_friendship_gen3_7,50,
1024,genus,Tera Pokémon,Paradox Pokémon
1024,name_ja-roma,Terapagos,Terapagosu
1025,base_friendship_gen3_7,0,
1025,name_ja-roma,Momowarou,Momowarō
